iata,ville,pays,nom,ville_fr,pays_fr,mots,liaisons
ATL,Atlanta,United States,Hartsfield Jackson Atlanta,,États-Unis,USA US Etats Unis,1826
ORD,Chicago,United States,Chicago O'Hare,,États-Unis,USA US Etats Unis,1108
PEK,Beijing,China,Beijing Capital,Pékin,Chine,,1069
LHR,London,United Kingdom,London Heathrow,Londres,Royaume-Uni,Angleterre GB Grande-Bretagne,1051
CDG,Paris,France,Charles de Gaulle,,,,1041
FRA,Frankfurt,Germany,Frankfurt am Main,Francfort,Allemagne,,990
LAX,Los Angeles,United States,Los Angeles,,États-Unis,USA US Etats Unis,990
DFW,Dallas-Fort Worth,United States,Dallas Fort Worth,,États-Unis,USA US Etats Unis,936
JFK,New York,United States,John F Kennedy,,États-Unis,NYC USA US Etats Unis,911
AMS,Amsterdam,Netherlands,Amsterdam Schiphol,,Pays-Bas,Hollande,903
PVG,Shanghai,China,Shanghai Pudong,,Chine,,825
SIN,Singapore,Singapore,Singapore Changi,Singapour,Singapour,,820
BCN,Barcelona,Spain,Barcelona,Barcelone,Espagne,,783
ICN,Seoul,South Korea,Incheon,Séoul,Corée du Sud,,740
DEN,Denver,United States,Denver,,États-Unis,USA US Etats Unis,735
MIA,Miami,United States,Miami,,États-Unis,USA US Etats Unis,734
MUC,Munich,Germany,Munich,Munich,Allemagne,,728
IST,Istanbul,Turkey,Istanbul,Istanbul,Turquie,,719
DXB,Dubai,United Arab Emirates,Dubai,Dubaï,Émirats arabes unis,,710
HKG,Hong Kong,Hong Kong,Hong Kong,,,,710
LGW,London,United Kingdom,London Gatwick,Londres,Royaume-Uni,Angleterre GB Grande-Bretagne,708
CAN,Guangzhou,China,Guangzhou Baiyun,,Chine,,674
FCO,Rome,Italy,Leonardo da Vinci–Fiumicino,Rome,Italie,,662
MAD,Madrid,Spain,Adolfo Suárez Madrid–Barajas,,Espagne,,661
BKK,Bangkok,Thailand,Suvarnabhumi,,Thaïlande,,656
DME,Moscow,Russia,Domodedovo,Moscou,Russie,,649
CTU,Chengdu,China,Chengdu Shuangliu,,Chine,,647
YYZ,Toronto,Canada,Lester B. Pearson,,,,636
BRU,Brussels,Belgium,Brussels,Bruxelles,Belgique,,631
MAN,Manchester,United Kingdom,Manchester,,Royaume-Uni,Angleterre GB Grande-Bretagne,627
VIE,Vienna,Austria,Vienna,Vienne,Autriche,,616
CLT,Charlotte,United States,Charlotte Douglas,,États-Unis,USA US Etats Unis,600
PHL,Philadelphia,United States,Philadelphia,,États-Unis,USA US Etats Unis,576
NRT,Tokyo,Japan,Narita,,Japon,,575
DUS,Duesseldorf,Germany,Düsseldorf,,Allemagne,,570
XIY,Xi'an,China,Xi'an Xianyang,,Chine,,563
PMI,Palma de Mallorca,Spain,Palma De Mallorca,,Espagne,,548
KMG,Kunming,China,Kunming Changshui,,Chine,,545
CKG,Chongqing,China,Chongqing Jiangbei,,Chine,,540
DEL,Delhi,India,Indira Gandhi,,Inde,,527
TPE,Taipei,Taiwan,Taiwan Taoyuan,,,,527
KUL,Kuala Lumpur,Malaysia,Kuala Lumpur,,,,514
PHX,Phoenix,United States,Phoenix Sky Harbor,,États-Unis,USA US Etats Unis,508
HGH,Hangzhou,China,Hangzhou Xiaoshan,,Chine,,506
EWR,Newark,United States,Newark Liberty,,États-Unis,USA US Etats Unis,505
SFO,San Francisco,United States,San Francisco,,États-Unis,USA US Etats Unis,499
LAS,Las Vegas,United States,McCarran,,États-Unis,USA US Etats Unis,498
ZRH,Zurich,Switzerland,Zürich,,Suisse,,494
IAH,Houston,United States,George Bush Intercontinental Houston,,États-Unis,USA US Etats Unis,485
MEX,Mexico City,Mexico,Licenciado Benito Juarez,Mexico,Mexique,Mexico DF,485
AUH,Abu Dhabi,United Arab Emirates,Abu Dhabi,,Émirats arabes unis,,477
MCO,Orlando,United States,Orlando,,États-Unis,USA US Etats Unis,475
SZX,Shenzhen,China,Shenzhen Bao'an,,Chine,,467
XMN,Xiamen,China,Xiamen Gaoqi,,Chine,,466
CPH,Copenhagen,Denmark,Copenhagen Kastrup,Copenhague,Danemark,,457
BOM,Mumbai,India,Chhatrapati Shivaji,Bombay,Inde,,452
ARN,Stockholm,Sweden,Stockholm-Arlanda,,Suède,,439
LIS,Lisbon,Portugal,Humberto Delgado (Lisbon Portela),Lisbonne,Portugal,,435
DTW,Detroit,United States,Detroit Metropolitan Wayne County,,États-Unis,USA US Etats Unis,433
MSP,Minneapolis,United States,Minneapolis-St Paul/Wold-Chamberlain,,États-Unis,USA US Etats Unis,430
BOS,Boston,United States,General Edward Lawrence Logan,,États-Unis,USA US Etats Unis,424
TXL,Berlin,Germany,Berlin-Tegel,,Allemagne,,418
DUB,Dublin,Ireland,Dublin,,Irlande,,414
SHA,Shanghai,China,Shanghai Hongqiao,,Chine,,411
AGP,Malaga,Spain,Málaga,Málaga,Espagne,,410
SYD,Sydney,Australia,Sydney Kingsford Smith,,Australie,,410
ORY,Paris,France,Paris-Orly,,,,404
ATH,Athens,Greece,Eleftherios Venizelos,Athènes,Grèce,,403
SEA,Seattle,United States,Seattle Tacoma,,États-Unis,USA US Etats Unis,403
SVO,Moscow,Russia,Sheremetyevo,Moscou,Russie,,397
DCA,Washington,United States,Ronald Reagan Washington National,,États-Unis,USA US Etats Unis,388
GRU,Sao Paulo,Brazil,Guarulhos - Governador André Franco Montoro,São Paulo,Brésil,,387
MNL,Manila,Philippines,Ninoy Aquino,,Philippines,,386
MXP,Milano,Italy,Malpensa,,Italie,,386
IAD,Washington,United States,Washington Dulles,,États-Unis,USA US Etats Unis,386
CSX,Changcha,China,Changsha Huanghua,,Chine,,377
DOH,Doha,Qatar,Hamad,,,,377
JED,Jeddah,Saudi Arabia,King Abdulaziz,,Arabie saoudite,,377
TAO,Qingdao,China,Liuting,,Chine,,376
FLL,Fort Lauderdale,United States,Fort Lauderdale Hollywood,,États-Unis,USA US Etats Unis,374
WUH,Wuhan,China,Wuhan Tianhe,,Chine,,374
YUL,Montreal,Canada,Montreal / Pierre Elliott Trudeau,Montréal,,,371
LED,St. Petersburg,Russia,Pulkovo,,Russie,,368
CGK,Jakarta,Indonesia,Soekarno-Hatta,,Indonésie,,367
OSL,Oslo,Norway,Oslo Lufthavn,,Norvège,,363
PRG,Prague,Czech Republic,Václav Havel Prague,Prague,Tchéquie,Republique tcheque,361
CGO,Zhengzhou,China,Zhengzhou Xinzheng,,Chine,,348
STN,London,United Kingdom,London Stansted,Londres,Royaume-Uni,Angleterre GB Grande-Bretagne,343
NKG,Nanjing,China,Nanjing Lukou,,Chine,,330
GVA,Geneva,Switzerland,Geneva Cointrin,Genève,Suisse,,329
HAM,Hamburg,Germany,Hamburg,Hambourg,Allemagne,,321
JNB,Johannesburg,South Africa,OR Tambo,Johannesbourg,Afrique du Sud,,321
HEL,Helsinki,Finland,Helsinki Vantaa,,Finlande,,320
TFS,Tenerife,Spain,Tenerife South,,Espagne,,318
LGA,New York,United States,La Guardia,,États-Unis,NYC USA US Etats Unis,316
HND,Tokyo,Japan,Tokyo Haneda,,Japon,,315
YVR,Vancouver,Canada,Vancouver,,,,315
ALC,Alicante,Spain,Alicante,,Espagne,,314
CUN,Cancun,Mexico,Cancún,Cancún,Mexique,,311
LPA,Gran Canaria,Spain,Gran Canaria,,Espagne,,308
BOG,Bogota,Colombia,El Dorado,Bogotá,Colombie,,307
URC,Urumqi,China,Ürümqi Diwopu,,Chine,,306
KIX,Osaka,Japan,Kansai,,Japon,,304
CAI,Cairo,Egypt,Cairo,Le Caire,Égypte,,303
BNE,Brisbane,Australia,Brisbane,,Australie,,296
TSN,Tianjin,China,Tianjin Binhai,,Chine,,294
SAW,Istanbul,Turkey,Sabiha Gökçen,Istanbul,Turquie,,290
BWI,Baltimore,United States,Baltimore/Washington Thurgood Marshall,,États-Unis,USA US Etats Unis,286
DLC,Dalian,China,Zhoushuizi,,Chine,,285
SLC,Salt Lake City,United States,Salt Lake City,,États-Unis,USA US Etats Unis,278
RUH,Riyadh,Saudi Arabia,King Khaled,,Arabie saoudite,,276
TPA,Tampa,United States,Tampa,,États-Unis,USA US Etats Unis,276
LYS,Lyon,France,Lyon Saint-Exupéry,,,,275
KWE,Guiyang,China,Longdongbao,,Chine,,274
STR,Stuttgart,Germany,Stuttgart,,Allemagne,,273
SHE,Shenyang,China,Taoxian,,Chine,,272
MDW,Chicago,United States,Chicago Midway,,États-Unis,USA US Etats Unis,271
TLV,Tel-aviv,Israel,Ben Gurion,,Israël,,271
TNA,Jinan,China,Yaoqiang,,Chine,,270
MEL,Melbourne,Australia,Melbourne,,Australie,,269
NCE,Nice,France,Nice-Côte d'Azur,,,,269
FOC,Fuzhou,China,Fuzhou Changle,,Chine,,266
CGN,Cologne,Germany,Cologne Bonn,Cologne,Allemagne,,265
MRS,Marseille,France,Marseille Provence,,,,265
BHX,Birmingham,United Kingdom,Birmingham,,Royaume-Uni,Angleterre GB Grande-Bretagne,264
HRB,Harbin,China,Taiping,,Chine,,259
NBO,Nairobi,Kenya,Jomo Kenyatta,,Kenya,,258
AYT,Antalya,Turkey,Antalya,,Turquie,,253
CMN,Casablanca,Morocco,Mohammed V,,Maroc,,250
MSY,New Orleans,United States,Louis Armstrong New Orleans,La Nouvelle-Orléans,États-Unis,USA US Etats Unis,248
VCE,Venice,Italy,Venice Marco Polo,Venise,Italie,,245
WAW,Warsaw,Poland,Warsaw Chopin,Varsovie,Pologne,,240
KWI,Kuwait,Kuwait,Kuwait,,,,239
SAN,San Diego,United States,San Diego,,États-Unis,USA US Etats Unis,238
EDI,Edinburgh,United Kingdom,Edinburgh,Édimbourg,Royaume-Uni,Angleterre GB Grande-Bretagne,237
ACE,Arrecife,Spain,Lanzarote,,Espagne,,233
CTA,Catania,Italy,Catania-Fontanarossa,,Italie,,233
HNL,Honolulu,United States,Daniel K Inouye,,États-Unis,USA US Etats Unis,233
LIM,Lima,Peru,Jorge Chávez,,Pérou,,230
PDX,Portland,United States,Portland,,États-Unis,USA US Etats Unis,230
YYC,Calgary,Canada,Calgary,,,,228
NNG,Nanning,China,Nanning Wuxu,,Chine,,228
OTP,Bucharest,Romania,Henri Coandă,Bucarest,Roumanie,,227
MLA,Malta,Malta,Malta,,,,226
AMM,Amman,Jordan,Queen Alia,,,,223
STL,St. Louis,United States,St Louis Lambert,,États-Unis,USA US Etats Unis,221
TYN,Taiyuan,China,Taiyuan Wusu,,Chine,,220
HER,Heraklion,Greece,Heraklion Nikos Kazantzakis,,Grèce,,219
SGN,Ho Chi Minh City,Vietnam,Tan Son Nhat,,Viêt Nam,,218
SYX,Sanya,China,Sanya Phoenix,,Chine,,218
HAK,Haikou,China,Haikou Meilan,,Chine,,215
ADD,Addis Ababa,Ethiopia,Addis Ababa Bole,,,,214
KWL,Guilin,China,Guilin Liangjiang,,Chine,,214
LTN,London,United Kingdom,London Luton,Londres,Royaume-Uni,Angleterre GB Grande-Bretagne,214
AKL,Auckland,New Zealand,Auckland,,Nouvelle-Zélande,,213
PTY,Panama City,Panama,Tocumen,,Panama,,212
FAO,Faro,Portugal,Faro,,Portugal,,211
MAA,Madras,India,Chennai,,Inde,,211
MCT,Muscat,Oman,Muscat,,,,208
SJU,San Juan,Puerto Rico,Luis Munoz Marin,,,,204
CMB,Colombo,Sri Lanka,Bandaranaike Colombo,,,,203
IBZ,Ibiza,Spain,Ibiza,,Espagne,,202
KBP,Kiev,Ukraine,Boryspil,,Ukraine,,202
OPO,Porto,Portugal,Francisco de Sá Carneiro,,Portugal,,202
RIX,Riga,Latvia,Riga,,,,202
DPS,Denpasar,Indonesia,Ngurah Rai (Bali),,Indonésie,,201
BRS,Bristol,United Kingdom,Bristol,,Royaume-Uni,Angleterre GB Grande-Bretagne,200
SVX,Yekaterinburg,Russia,Koltsovo,,Russie,,199
BSB,Brasilia,Brazil,Presidente Juscelino Kubistschek,,Brésil,,197
GLA,Glasgow,United Kingdom,Glasgow,,Royaume-Uni,Angleterre GB Grande-Bretagne,196
BLR,Bangalore,India,Kempegowda,,Inde,,195
BUD,Budapest,Hungary,Budapest Liszt Ferenc,,Hongrie,,195
SHJ,Sharjah,United Arab Emirates,Sharjah,,Émirats arabes unis,,195
CCU,Kolkata,India,Netaji Subhash Chandra Bose,,Inde,,194
GIG,Rio De Janeiro,Brazil,Rio Galeão – Tom Jobim,,Brésil,,194
EMA,East Midlands,United Kingdom,East Midlands,,Royaume-Uni,Angleterre GB Grande-Bretagne,192
FUE,Fuerteventura,Spain,Fuerteventura,,Espagne,,192
LCA,Larnaca,Cyprus,Larnaca,,,,190
BSL,Mulhouse,France,EuroAirport Basel-Mulhouse-Freiburg,,,,189
GDL,Guadalajara,Mexico,Don Miguel Hidalgo Y Costilla,,Mexique,,185
NTE,Nantes,France,Nantes Atlantique,,,,183
PER,Perth,Australia,Perth,,Australie,,182
CCS,Caracas,Venezuela,Simón Bolívar,,,,181
OVB,Novosibirsk,Russia,Tolmachevo,,Russie,,177
ALG,Algier,Algeria,Houari Boumediene,,Algérie,,176
BLQ,Bologna,Italy,Bologna Guglielmo Marconi,,Italie,,176
TUN,Tunis,Tunisia,Tunis Carthage,,Tunisie,,175
HAN,Hanoi,Vietnam,Noi Bai,,Viêt Nam,,174
HET,Hohhot,China,Baita,,Chine,,174
SKG,Thessaloniki,Greece,Thessaloniki Macedonia,,Grèce,,174
KHN,Nanchang,China,Nanchang Changbei,,Chine,,172
BEG,Belgrade,Serbia,Belgrade Nikola Tesla,Belgrade,Serbie,,171
VKO,Moscow,Russia,Vnukovo,Moscou,Russie,,171
BAH,Bahrain,Bahrain,Bahrain,,,,170
FUK,Fukuoka,Japan,Fukuoka,,Japon,,170
NGO,Nagoya,Japan,Chubu Centrair,,Japon,,169
CRL,Charleroi,Belgium,Brussels South Charleroi,,Belgique,,168
LHW,Lanzhou,China,Lanzhou Zhongchuan,,Chine,,168
NGB,Ninbo,China,Ningbo Lishe,,Chine,,168
RHO,Rhodos,Greece,Diagoras,,Grèce,,168
AUS,Austin,United States,Austin Bergstrom,,États-Unis,USA US Etats Unis,167
RDU,Raleigh-durham,United States,Raleigh Durham,,États-Unis,USA US Etats Unis,167
SXF,Berlin,Germany,Berlin-Schönefeld,,Allemagne,,165
NCL,Newcastle,United Kingdom,Newcastle,,Royaume-Uni,Angleterre GB Grande-Bretagne,165
DMM,Dammam,Saudi Arabia,King Fahd,,Arabie saoudite,,164
BNA,Nashville,United States,Nashville,,États-Unis,USA US Etats Unis,164
SJW,Shijiazhuang,China,Shijiazhuang Daguocun,,Chine,,164
VLC,Valencia,Spain,Valencia,,Espagne,,163
BGY,Bergamo,Italy,Il Caravaggio,,Italie,,162
CTS,Sapporo,Japan,New Chitose,,Japon,,162
WNZ,Wenzhou,China,Wenzhou Longwan,,Chine,,162
CLE,Cleveland,United States,Cleveland Hopkins,,États-Unis,USA US Etats Unis,161
TLS,Toulouse,France,Toulouse-Blagnac,,,,161
NAY,Beijing,China,Beijing Nanyuan,Pékin,Chine,,160
PUS,Busan,South Korea,Gimhae,,Corée du Sud,,160
LBA,Leeds,United Kingdom,Leeds Bradford,,Royaume-Uni,Angleterre GB Grande-Bretagne,160
TAS,Tashkent,Uzbekistan,Tashkent,,,,160
MCI,Kansas City,United States,Kansas City,,États-Unis,USA US Etats Unis,159
MFM,Macau,Macau,Macau,,,,158
NAP,Naples,Italy,Naples,Naples,Italie,,158
SCL,Santiago,Chile,Comodoro Arturo Merino Benítez,,Chili,,158
HFE,Hefei,China,Hefei Luogang,,Chine,,154
HAJ,Hannover,Germany,Hannover,,Allemagne,,152
PSA,Pisa,Italy,Pisa,,Italie,,152
CVG,Cincinnati,United States,Cincinnati Northern Kentucky,,États-Unis,USA US Etats Unis,150
EZE,Buenos Aires,Argentina,Ministro Pistarini,,Argentine,,149
HOU,Houston,United States,William P Hobby,,États-Unis,USA US Etats Unis,149
SJO,San Jose,Costa Rica,Juan Santamaria,San José,Costa Rica,,149
DAC,Dhaka,Bangladesh,Hazrat Shahjalal,,,,148
PIT,Pittsburgh,United States,Pittsburgh,,États-Unis,USA US Etats Unis,148
HYD,Hyderabad,India,Rajiv Gandhi,,Inde,,147
RAK,Marrakech,Morocco,Menara,,Maroc,,145
MTY,Monterrey,Mexico,General Mariano Escobedo,,Mexique,,145
PUJ,Punta Cana,Dominican Republic,Punta Cana,,République dominicaine,,143
LUX,Luxemburg,Luxembourg,Luxembourg-Findel,,,,140
YEG,Edmonton,Canada,Edmonton,,,,139
IND,Indianapolis,United States,Indianapolis,,États-Unis,USA US Etats Unis,138
HKT,Phuket,Thailand,Phuket,,Thaïlande,,138
BGO,Bergen,Norway,Bergen Flesland,,Norvège,,137
SAT,San Antonio,United States,San Antonio,,États-Unis,USA US Etats Unis,136
EIN,Eindhoven,Netherlands,Eindhoven,,Pays-Bas,Hollande,135
NAS,Nassau,Bahamas,Lynden Pindling,,Bahamas,,135
ALA,Alma-ata,Kazakhstan,Almaty,,,,134
DMK,Bangkok,Thailand,Don Mueang,,Thaïlande,,134
BOD,Bordeaux,France,Bordeaux-Mérignac,,,,134
DKR,Dakar,Senegal,Léopold Sédar Senghor,,Sénégal,,134
BEY,Beirut,Lebanon,Beirut Rafic Hariri,,Liban,,133
ADB,Izmir,Turkey,Adnan Menderes,,Turquie,,133
SOF,Sofia,Bulgaria,Sofia,,Bulgarie,,132
CGQ,Changchun,China,Longjia,,Chine,,131
SUB,Surabaya,Indonesia,Juanda,,Indonésie,,131
KHH,Kaohsiung,Taiwan,Kaohsiung,,,,129
LJG,Lijiang,China,Lijiang,,Chine,,129
GYD,Baku,Azerbaijan,Heydar Aliyev,,,,128
BIO,Bilbao,Spain,Bilbao,,Espagne,,128
AEP,Buenos Aires,Argentina,Jorge Newbery Airpark,,Argentine,,128
CMH,Columbus,United States,John Glenn Columbus,,États-Unis,USA US Etats Unis,128
RSW,Fort Myers,United States,Southwest Florida,,États-Unis,USA US Etats Unis,128
LCY,London,United Kingdom,London City,Londres,Royaume-Uni,Angleterre GB Grande-Bretagne,128
MHD,Mashhad,Iran,Mashhad,,,,128
SVQ,Sevilla,Spain,Sevilla,,Espagne,,127
PMO,Palermo,Italy,Falcone–Borsellino,,Italie,,126
KHI,Karachi,Pakistan,Jinnah,,,,125
MKE,Milwaukee,United States,General Mitchell,,États-Unis,USA US Etats Unis,125
THR,Teheran,Iran,Mehrabad,,,,125
OKA,Okinawa,Japan,Naha,,Japon,,123
IKA,Tehran,Iran,Imam Khomeini,,,,122
DBV,Dubrovnik,Croatia,Dubrovnik,,Croatie,,121
BVA,Beauvais,France,Paris Beauvais Tillé,,,,120
LIN,Milan,Italy,Milano Linate,Milan,Italie,,120
SJC,San Jose,United States,Norman Y. Mineta San Jose,San José,États-Unis,USA US Etats Unis,120
LOS,Lagos,Nigeria,Murtala Muhammed,,,,119
ZUH,Zhuhai,China,Zhuhai Jinwan,,Chine,,119
ANC,Anchorage,United States,Ted Stevens Anchorage,,États-Unis,USA US Etats Unis,118
CJU,Cheju,South Korea,Jeju,,Corée du Sud,,118
COK,Kochi,India,Cochin,,Inde,,118
ISB,Islamabad,Pakistan,New Islamabad,,,,117
DLM,Dalaman,Turkey,Dalaman,,Turquie,,116
LPL,Liverpool,United Kingdom,Liverpool John Lennon,,Royaume-Uni,Angleterre GB Grande-Bretagne,116
SSA,Salvador,Brazil,Deputado Luiz Eduardo Magalhães,,Brésil,,116
VNO,Vilnius,Lithuania,Vilnius,,,,116
VCP,Campinas,Brazil,Viracopos,,Brésil,,114
KRK,Krakow,Poland,Kraków John Paul II,,Pologne,,114
SXM,Philipsburg,Netherlands Antilles,Princess Juliana,,Antilles néerlandaises,,114
MEM,Memphis,United States,Memphis,,États-Unis,USA US Etats Unis,112
UPG,Ujung Pandang,Indonesia,Hasanuddin,,Indonésie,,112
YNT,Yantai,China,Yantai Laishan,,Chine,,112
LHE,Lahore,Pakistan,Alama Iqbal,,,,111
OAK,Oakland,United States,Metropolitan Oakland,,États-Unis,USA US Etats Unis,111
CNF,Belo Horizonte,Brazil,Tancredo Neves,,Brésil,,110
CNS,Cairns,Australia,Cairns,,Australie,,110
MSQ,Minsk 2,Belarus,Minsk National,,,,108
SMF,Sacramento,United States,Sacramento,,États-Unis,USA US Etats Unis,108
ACC,Accra,Ghana,Kotoka,,,,107
DYU,Dushanbe,Tajikistan,Dushanbe,,,,106
FLR,Florence,Italy,Peretola,Florence,Italie,,106
GOT,Gothenborg,Sweden,Gothenburg-Landvetter,,Suède,,106
SVG,Stavanger,Norway,Stavanger Sola,,Norvège,,106
ESB,Ankara,Turkey,Esenboğa,,Turquie,,105
SAL,San Salvador,El Salvador,Monseñor Óscar Arnulfo Romero,,,,105
FNC,Funchal,Portugal,Madeira,,Portugal,,104
BKI,Kota Kinabalu,Malaysia,Kota Kinabalu,,,,104
OLB,Olbia,Italy,Olbia Costa Smeralda,,Italie,,104
TSE,Tselinograd,Kazakhstan,Astana,,,,104
CFU,Kerkyra/corfu,Greece,Ioannis Kapodistrias,,Grèce,,103
BDL,Windsor Locks,United States,Bradley,,États-Unis,USA US Etats Unis,103
ABJ,Abidjan,Cote d'Ivoire,Port Bouet,,,,102
ADL,Adelaide,Australia,Adelaide,,Australie,,102
POM,Port Moresby,Papua New Guinea,Port Moresby Jacksons,,,,102
GDN,Gdansk,Poland,Gdańsk Lech Wałęsa,,Pologne,,101
SJD,San Jose Del Cabo,Mexico,Los Cabos,,Mexique,,101
BRI,Bari,Italy,Bari Karol Wojtyła,,Italie,,100
BRE,Bremen,Germany,Bremen,,Allemagne,,100
CIA,Rome,Italy,Ciampino–G. B. Pastine,Rome,Italie,,100
XNN,Xining,China,Xining Caojiabu,,Chine,,99
RGN,Yangon,Burma,Yangon,,,,99
DLA,Douala,Cameroon,Douala,,,,98
GRO,Gerona,Spain,Girona,,Espagne,,98
MED,Madinah,Saudi Arabia,Prince Mohammad Bin Abdulaziz,,Arabie saoudite,,98
CEB,Cebu,Philippines,Mactan Cebu,,Philippines,,97
SFB,Sanford,United States,Orlando Sanford,,États-Unis,USA US Etats Unis,97
SPU,Split,Croatia,Split,,Croatie,,97
CNX,Chiang Mai,Thailand,Chiang Mai,,Thaïlande,,95
YHZ,Halifax,Canada,Halifax / Stanfield,,,,95
NUE,Nuernberg,Germany,Nuremberg,,Allemagne,,95
TIP,Tripoli,Libya,Tripoli,,,,95
BLL,Billund,Denmark,Billund,,Danemark,,94
HHN,Hahn,Germany,Frankfurt-Hahn,,Allemagne,,94
CGH,Sao Paulo,Brazil,Congonhas,São Paulo,Brésil,,94
WUX,Wuxi,China,Sunan Shuofang,,Chine,,94
SDQ,Santo Domingo,Dominican Republic,Las Américas,Saint-Domingue,République dominicaine,,93
DWC,Dubai,United Arab Emirates,Al Maktoum,Dubaï,Émirats arabes unis,,92
KJA,Krasnoyarsk,Russia,Yemelyanovo,,Russie,,92
LAD,Luanda,Angola,Quatro de Fevereiro,,,,92
PVR,Puerto Vallarta,Mexico,Licenciado Gustavo Díaz Ordaz,,Mexique,,92
JAX,Jacksonville,United States,Jacksonville,,États-Unis,USA US Etats Unis,91
KEF,Keflavik,Iceland,Keflavik,,Islande,,91
KRR,Krasnodar,Russia,Krasnodar Pashkovsky,,Russie,,91
FRU,Bishkek,Kyrgyzstan,Manas,,,,90
CHQ,Chania,Greece,Chania,,Grèce,,90
DRW,Darwin,Australia,Darwin,,Australie,,90
NBE,Enfidha,Tunisia,Enfidha - Hammamet,,Tunisie,,90
KGS,Kos,Greece,Kos,,Grèce,,90
AUA,Oranjestad,Aruba,Queen Beatrix,,,Aruba,90
EVN,Yerevan,Armenia,Zvartnots,,,,90
MBJ,Montego Bay,Jamaica,Sangster,,Jamaïque,,89
YOW,Ottawa,Canada,Ottawa Macdonald-Cartier,,,,89
KTM,Kathmandu,Nepal,Tribhuvan,,,,88
JJN,Quanzhou,China,Quanzhou Jinjiang,,Chine,,88
PBI,West Palm Beach,United States,Palm Beach,,États-Unis,USA US Etats Unis,88
HAV,Havana,Cuba,José Martí,La Havane,Cuba,,87
CAG,Cagliari,Italy,Cagliari Elmas,,Italie,,86
CPT,Cape Town,South Africa,Cape Town,Le Cap,Afrique du Sud,,86
CWB,Curitiba,Brazil,Afonso Pena,,Brésil,,86
POA,Porto Alegre,Brazil,Salgado Filho,,Brésil,,86
SNA,Santa Ana,United States,John Wayne-Orange County,,États-Unis,USA US Etats Unis,86
TRN,Torino,Italy,Turin,,Italie,,86
TRD,Trondheim,Norway,Trondheim Værnes,,Norvège,,86
MLE,Male,Maldives,Malé,,,,85
PFO,Paphos,Cyprus,Paphos,,,,85
ZAG,Zagreb,Croatia,Zagreb,,Croatie,,85
OGG,Kahului,United States,Kahului,,États-Unis,USA US Etats Unis,84
ITM,Osaka,Japan,Osaka,,Japon,,84
PEN,Penang,Malaysia,Penang,,,,84
TRV,Trivandrum,India,Trivandrum,,Inde,,84
ABQ,Albuquerque,United States,Albuquerque Sunport,,États-Unis,USA US Etats Unis,83
SDF,Louisville,United States,Louisville Standiford Field,,États-Unis,USA US Etats Unis,83
NAN,Nandi,Fiji,Nadi,,,,83
TIJ,Tijuana,Mexico,General Abelardo L. Rodríguez,,Mexique,,83
ABZ,Aberdeen,United Kingdom,Aberdeen Dyce,,Royaume-Uni,Angleterre GB Grande-Bretagne,82
IKT,Irkutsk,Russia,Irkutsk,,Russie,,82
MRU,Plaisance,Mauritius,Sir Seewoosagur Ramgoolam,,,,82
HBE,Alexandria,Egypt,Borg El Arab,,Égypte,,81
KRT,Khartoum,Sudan,Khartoum,,,,81
OKC,Oklahoma City,United States,Will Rogers World,,États-Unis,USA US Etats Unis,81
REP,Siem-reap,Cambodia,Siem Reap,,,,81
YWG,Winnipeg,Canada,Winnipeg / James Armstrong Richardson,,,,81
COO,Cotonou,Benin,Cadjehoun,,,,80
LIL,Lille,France,Lille-Lesquin,,,,80
TSA,Taipei,Taiwan,Taipei Songshan,,,,80
HRG,Hurghada,Egypt,Hurghada,,Égypte,,79
LEJ,Leipzig,Germany,Leipzig/Halle,,Allemagne,,79
AJA,Ajaccio,France,Ajaccio-Napoléon Bonaparte,,,,78
KGL,Kigali,Rwanda,Kigali,,,,78
UIO,Quito,Ecuador,Mariscal Sucre,,,,78
GMP,Seoul,South Korea,Gimpo,Séoul,Corée du Sud,,78
SYZ,Shiraz,Iran,Shiraz Shahid Dastghaib,,,,78
GUA,Guatemala City,Guatemala,La Aurora,,,,77
PPT,Papeete,French Polynesia,Faa'a,,,,77
SSH,Sharm El Sheikh,Egypt,Sharm El Sheikh,,Égypte,,77
VRN,Villafranca,Italy,Verona Villafranca,,Italie,,77
JER,Jersey,Jersey,Jersey,,,,76
RIC,Richmond,United States,Richmond,,États-Unis,USA US Etats Unis,76
TLL,Tallinn-ulemiste International,Estonia,Lennart Meri Tallinn,,,,76
TSF,Treviso,Italy,Treviso-Sant'Angelo,,Italie,,76
NRN,Weeze,Germany,Weeze,,Allemagne,,76
YKS,Yakutsk,Russia,Yakutsk,,Russie,,76
DAL,Dallas,United States,Dallas Love Field,,États-Unis,USA US Etats Unis,75
KHV,Khabarovsk,Russia,Khabarovsk-Novy,,Russie,,75
SAH,Sanaa,Yemen,Sana'a,,,,75
CZX,Changzhou,China,Changzhou Benniu,,Chine,,74
ORF,Norfolk,United States,Norfolk,,États-Unis,USA US Etats Unis,74
RYG,Rygge,Norway,"Moss, Rygge",,Norvège,,74
TRF,Sandefjord,Norway,"Sandefjord, Torp",,Norvège,,74
DJE,Djerba,Tunisia,Djerba Zarzis,,Tunisie,,73
BPN,Balikpapan,Indonesia,Sultan Aji Muhamad Sulaiman,,Indonésie,,72
BIA,Bastia,France,Bastia-Poretta,,,,72
CHC,Christchurch,New Zealand,Christchurch,,Nouvelle-Zélande,,72
REC,Recife,Brazil,Guararapes - Gilberto Freyre,,Brésil,,72
TIA,Tirana,Albania,Tirana Mother Teresa,,,,72
BHM,Birmingham,United States,Birmingham-Shuttlesworth,,États-Unis,USA US Etats Unis,71
BUF,Buffalo,United States,Buffalo Niagara,,États-Unis,USA US Etats Unis,71
FOR,Fortaleza,Brazil,Pinto Martins,,Brésil,,71
GYE,Guayaquil,Ecuador,José Joaquín de Olmedo,,,,71
SWA,Shantou,China,Jieyang Chaoshan,,Chine,,71
GUM,Agana,Guam,Antonio B. Won Pat,,,,70
AMD,Ahmedabad,India,Sardar Vallabhbhai Patel,,Inde,,70
BEL,Belem,Brazil,Val de Cans/Júlio Cezar Ribeiro,,Brésil,,70
BFS,Belfast,United Kingdom,Belfast,,Royaume-Uni,Angleterre GB Grande-Bretagne,70
MAH,Menorca,Spain,Menorca,,Espagne,,70
POS,Port-of-spain,Trinidad and Tobago,Piarco,,,,70
SCQ,Santiago,Spain,Santiago de Compostela,,Espagne,,70
ANU,Antigua,Antigua and Barbuda,V.C. Bird,,,,69
CHS,Charleston,United States,Charleston Air Force Base-International,,États-Unis,USA US Etats Unis,69
OMA,Omaha,United States,Eppley Airfield,,États-Unis,USA US Etats Unis,69
SZG,Salzburg,Austria,Salzburg,,Autriche,,69
SXB,Strasbourg,France,Strasbourg,,,,69
TBS,Tbilisi,Georgia,Tbilisi,,,,69
KIV,Chisinau,Moldova,Chişinău,,,,68
ORK,Cork,Ireland,Cork,,Irlande,,68
MYR,Myrtle Beach,United States,Myrtle Beach,,États-Unis,USA US Etats Unis,68
ORN,Oran,Algeria,Es Senia,,Algérie,,68
PNQ,Pune,India,Pune,,Inde,,68
DAR,Dar Es Salaam,Tanzania,Julius Nyerere,,,,67
DTM,Dortmund,Germany,Dortmund,,Allemagne,,67
EBB,Entebbe,Uganda,Entebbe,,,,67
LUN,Lusaka,Zambia,Kenneth Kaunda Lusaka,,,,67
CGB,Cuiaba,Brazil,Marechal Rondon,,Brésil,,66
DAD,Danang,Vietnam,Da Nang,,Viêt Nam,,66
LBD,Khudzhand,Tajikistan,Khudzhand,,,,66
LJU,Ljubljana,Slovenia,Ljubljana Jože Pučnik,,,,66
OUA,Ouagadougou,Burkina Faso,Ouagadougou,,,,66
RTM,Rotterdam,Netherlands,Rotterdam The Hague,,Pays-Bas,Hollande,66
SOU,Southampton,United Kingdom,Southampton,,Royaume-Uni,Angleterre GB Grande-Bretagne,66
STT,St. Thomas,Virgin Islands,Cyril E. King,,,,66
TFN,Tenerife,Spain,Tenerife Norte,,Espagne,,66
WRO,Wroclaw,Poland,Copernicus Wrocław,,Pologne,,66
DAY,Dayton,United States,James M Cox Dayton,,États-Unis,USA US Etats Unis,64
MAO,Manaus,Brazil,Eduardo Gomes,,Brésil,,64
AZA,Mesa,United States,Phoenix-Mesa-Gateway,,États-Unis,USA US Etats Unis,64
WLG,Wellington,New Zealand,Wellington,,Nouvelle-Zélande,,64
BJV,Bodrum,Turkey,Milas Bodrum,,Turquie,,63
CWL,Cardiff,United Kingdom,Cardiff,,Royaume-Uni,Angleterre GB Grande-Bretagne,63
GAU,Guwahati,India,Lokpriya Gopinath Bordoloi,,Inde,,63
CUR,Willemstad,Netherlands Antilles,Hato,,Antilles néerlandaises,Curacao Curaçao,63
AHO,Alghero,Italy,Alghero-Fertilia,,Italie,,62
TYS,Knoxville,United States,McGhee Tyson,,États-Unis,USA US Etats Unis,62
PLS,Providenciales,Turks and Caicos Islands,Providenciales,,,,62
SDJ,Sendai,Japan,Sendai,,Japon,,62
PIE,St. Petersburg,United States,St Petersburg Clearwater,,États-Unis,USA US Etats Unis,62
NYO,Stockholm,Sweden,Stockholm Skavsta,,Suède,,62
TUS,Tucson,United States,Tucson,,États-Unis,USA US Etats Unis,62
CCJ,Calicut,India,Calicut,,Inde,,61
PNH,Phnom-penh,Cambodia,Phnom Penh,,,,61
SDU,Rio De Janeiro,Brazil,Santos Dumont,,Brésil,,61
ABV,Abuja,Nigeria,Nnamdi Azikiwe,,,,60
ALB,Albany,United States,Albany,,États-Unis,USA US Etats Unis,60
EBL,Erbil,Iraq,Erbil,,,,60
LXA,Lhasa,China,Lhasa Gonggar,,Chine,,60
OSS,Osh,Kyrgyzstan,Osh,,,,60
PEW,Peshawar,Pakistan,Peshawar,,,,60
ROC,Rochester,United States,Greater Rochester,,États-Unis,USA US Etats Unis,60
BAV,Baotou,China,Baotou,,Chine,,58
GOI,Goa,India,Dabolim,,Inde,,58
GSP,Greenville,United States,Greenville Spartanburg,,États-Unis,USA US Etats Unis,58
KIN,Kingston,Jamaica,Norman Manley,,Jamaïque,,58
SZB,Kuala Lumpur,Malaysia,Sultan Abdul Aziz Shah,,,,58
LIT,Little Rock,United States,Bill & Hillary Clinton National/Adams Field,,États-Unis,USA US Etats Unis,58
PTP,Pointe-a-pitre,Guadeloupe,Pointe-à-Pitre Le Raizet,,Guadeloupe,,58
SNN,Shannon,Ireland,Shannon,,Irlande,,58
RMQ,Taichung,Taiwan,Taichung Ching Chuang Kang,,,,58
YZF,Yellowknife,Canada,Yellowknife,,,,58
JOG,Yogyakarta,Indonesia,Adi Sutjipto,,Indonésie,,58
YCU,Yuncheng,China,Yuncheng Guangong,,Chine,,58
BET,Bethel,United States,Bethel,,États-Unis,USA US Etats Unis,57
CLO,Cali,Colombia,Alfonso Bonilla Aragon,,Colombie,,57
DSM,Des Moines,United States,Des Moines,,États-Unis,USA US Etats Unis,57
HRE,Harare,Zimbabwe,Robert Gabriel Mugabe,,,,57
YQB,Quebec,Canada,Quebec Jean Lesage,Québec,,,57
AGA,Agadir,Morocco,Al Massira,,Maroc,,56
BZE,Belize City,Belize,Philip S. W. Goldson,,,,56
OOL,Coolangatta,Australia,Gold Coast,,Australie,,56
GRR,Grand Rapids,United States,Gerald R. Ford,,États-Unis,USA US Etats Unis,56
KTW,Katowice,Poland,Katowice,,Pologne,,56
KZN,Kazan,Russia,Kazan,,Russie,,56
VLI,Port-vila,Vanuatu,Bauerfield,,,,56
RNO,Reno,United States,Reno Tahoe,,États-Unis,USA US Etats Unis,56
ROV,Rostov,Russia,Platov,,Russie,,56
TPS,Trapani,Italy,Vincenzo Florio Trapani-Birgi,,Italie,,56
BKO,Bamako,Mali,Modibo Keita,,,,55
FIH,Kinshasa,Congo (Kinshasa),Ndjili,,,,55
PVD,Providence,United States,Theodore Francis Green State,,États-Unis,USA US Etats Unis,55
TUL,Tulsa,United States,Tulsa,,États-Unis,USA US Etats Unis,55
TNR,Antananarivo,Madagascar,Ivato,,,,54
BTH,Batam,Indonesia,Hang Nadim,,Indonésie,,54
FAI,Fairbanks,United States,Fairbanks,,États-Unis,USA US Etats Unis,54
KBL,Kabul,Afghanistan,Hamid Karzai,,,,54
KUF,Samara,Russia,Kurumoch,,Russie,,54
BMA,Stockholm,Sweden,Stockholm-Bromma,,Suède,,54
TXN,Huangshan,China,Tunxi,,Chine,,52
KCH,Kuching,Malaysia,Kuching,,,,52
MDE,Rio Negro,Colombia,Jose Maria Córdova,,Colombie,,52
AER,Sochi,Russia,Sochi,,Russie,,52
SYR,Syracuse,United States,Syracuse Hancock,,États-Unis,USA US Etats Unis,52
TOS,Tromso,Norway,"Tromsø,",,Norvège,,52
VVO,Vladivostok,Russia,Vladivostok,,Russie,,52
WMI,Warsaw,Poland,Modlin,Varsovie,Pologne,,52
ZAD,Zadar,Croatia,Zadar,,Croatie,,52
BZV,Brazzaville,Congo (Brazzaville),Maya-Maya,,,,51
GCM,Georgetown,Cayman Islands,Owen Roberts,,,,51
GSO,Greensboro,United States,Piedmont Triad,,États-Unis,USA US Etats Unis,51
LPB,La Paz,Bolivia,El Alto,,,,51
PSP,Palm Springs,United States,Palm Springs,,États-Unis,USA US Etats Unis,51
BEN,Benghazi,Libya,Benina,,,,50
DSN,Dongsheng,China,Ordos Ejin Horo,,Chine,,50
SUF,Lamezia,Italy,Lamezia Terme,,Italie,,50
ONT,Ontario,United States,Ontario,,États-Unis,USA US Etats Unis,50
VTE,Vientiane,Laos,Wattay,,,,50
EXT,Exeter,United Kingdom,Exeter,,Royaume-Uni,Angleterre GB Grande-Bretagne,49
OME,Nome,United States,Nome,,États-Unis,USA US Etats Unis,49
AWZ,Ahwaz,Iran,Ahwaz,,,,48
XNA,Bentonville,United States,Northwest Arkansas Regional,,États-Unis,USA US Etats Unis,48
HMO,Hermosillo,Mexico,General Ignacio P. Garcia,,Mexique,,48
HIR,Honiara,Solomon Islands,Honiara,,,,48
JHG,Jinghonggasa,China,Xishuangbanna Gasa,,Chine,,48
LBV,Libreville,Gabon,Libreville Leon M'ba,,,,48
MYY,Miri,Malaysia,Miri,,,,48
MPL,Montpellier,France,Montpellier-Méditerranée,,,,48
PAP,Port-au-prince,Haiti,Toussaint Louverture,,Haïti,,48
YRT,Rankin Inlet,Canada,Rankin Inlet,,,,48
VVI,Santa Cruz,Bolivia,Viru Viru,,,,48
SKP,Skopje,Macedonia,Skopje Alexander the Great,,,,48
YIH,Yichang,China,Yichang Sanxia,,Chine,,48
ELP,El Paso,United States,El Paso,,États-Unis,USA US Etats Unis,47
PDL,Ponta Delgada,Portugal,João Paulo II,,Portugal,,47
BWN,Bandar Seri Begawan,Brunei,Brunei,,,,46
BGI,Bridgetown,Barbados,Sir Grantley Adams,,Barbade,,46
FDF,Fort-de-france,Martinique,Martinique Aimé Césaire,,Martinique,,46
FMM,Memmingen,Germany,Memmingen Allgau,,Allemagne,,46
MVD,Montevideo,Uruguay,Carrasco /General C L Berisso,,,,46
SAP,San Pedro Sula,Honduras,Ramón Villeda Morales,,,,46
SAV,Savannah,United States,Savannah Hilton Head,,États-Unis,USA US Etats Unis,46
UFA,Ufa,Russia,Ufa,,Russie,,46
HPN,White Plains,United States,Westchester County,,États-Unis,USA US Etats Unis,46
OTZ,Kotzebue,United States,Ralph Wien Memorial,,États-Unis,USA US Etats Unis,45
LIR,Liberia,Costa Rica,Daniel Oduber Quiros,,Costa Rica,,45
TJM,Tyumen,Russia,Roshchino,,Russie,,45
ADE,Aden,Yemen,Aden,,,,44
CAK,Akron,United States,Akron Canton Regional,,États-Unis,USA US Etats Unis,44
BDS,Brindisi,Italy,Brindisi – Salento,,Italie,,44
DRS,Dresden,Germany,Dresden,,Allemagne,,44
FNA,Freetown,Sierra Leone,Lungi,,,,44
KTN,Ketchikan,United States,Ketchikan,,États-Unis,USA US Etats Unis,44
IEV,Kiev,Ukraine,Kiev Zhuliany,,Ukraine,,44
MRV,Mineralnye Vody,Russia,Mineralnyye Vody,,Russie,,44
YZV,Sept-iles,Canada,Sept-Îles,,,,44
GYN,Goiania,Brazil,Santa Genoveva,,Brésil,,43
XRY,Jerez,Spain,Jerez,,Espagne,,43
MIG,Mianyang,China,Mianyang,,Chine,,43
YYT,St. John's,Canada,St. John's,,,,43
SCO,Aktau,Kazakhstan,Aktau,,,,42
BDO,Bandung,Indonesia,Husein Sastranegara,,Indonésie,,42
BHD,Belfast,United Kingdom,George Best Belfast City,,Royaume-Uni,Angleterre GB Grande-Bretagne,42
CLJ,Cluj-napoca,Romania,Cluj-Napoca,,Roumanie,,42
DYG,Dayong,China,Dayong,,Chine,,42
DUR,Durban,South Africa,King Shaka,,Afrique du Sud,,42
FLN,Florianopolis,Brazil,Hercílio Luz,,Brésil,,42
GSE,Gothenborg,Sweden,Gothenburg City,,Suède,,42
LIH,Lihue,United States,Lihue,,États-Unis,USA US Etats Unis,42
MDC,Manado,Indonesia,Sam Ratulangi,,Indonésie,,42
PNS,Pensacola,United States,Pensacola Regional,,États-Unis,USA US Etats Unis,42
POZ,Poznan,Poland,Poznań-Ławica,,Pologne,,42
PIK,Prestwick,United Kingdom,Glasgow Prestwick,,Royaume-Uni,Angleterre GB Grande-Bretagne,42
PRN,Pristina,Serbia,Priština,,Serbie,,42
AAL,Aalborg,Denmark,Aalborg,,Danemark,,41
BOI,Boise,United States,Boise Air Terminal/Gowen Field,,États-Unis,USA US Etats Unis,41
JRO,Kilimanjaro,Tanzania,Kilimanjaro,,,,41
KOA,Kona,United States,Ellison Onizuka Kona At Keahole,,États-Unis,USA US Etats Unis,41
LFW,Lome,Togo,Lomé-Tokoin,,,,41
ULN,Ulan Bator,Mongolia,Chinggis Khaan,,,,41
BHY,Beihai,China,Beihai,,Chine,,40
BTS,Bratislava,Slovakia,M. R. Štefánik,,,,40
CLY,Calvi,France,Calvi-Sainte-Catherine,,,,40
CEK,Chelyabinsk,Russia,Chelyabinsk Balandino,,Russie,,40
JIB,Djibouti,Djibouti,Djibouti-Ambouli,,,,40
IFN,Esfahan,Iran,Esfahan Shahid Beheshti,,,,40
FAT,Fresno,United States,Fresno Yosemite,,États-Unis,USA US Etats Unis,40
GOA,Genoa,Italy,Genoa Cristoforo Colombo,Gênes,Italie,,40
JNU,Juneau,United States,Juneau,,États-Unis,USA US Etats Unis,40
FKB,Karlsruhe/Baden-Baden,Germany,Karlsruhe Baden-Baden,,Allemagne,,40
LEX,Lexington KY,United States,Blue Grass,,États-Unis,USA US Etats Unis,40
MHT,Manchester NH,United States,Manchester-Boston Regional,,États-Unis,USA US Etats Unis,40
MJV,Murcia,Spain,San Javier,,Espagne,,40
RUN,St.-denis,Reunion,Roland Garros,,,,40
ICT,Wichita,United States,Wichita Eisenhower National,,États-Unis,USA US Etats Unis,40
XUZ,Xuzhou,China,Xuzhou Guanyin,,Chine,,40
MDT,Harrisburg,United States,Harrisburg,,États-Unis,USA US Etats Unis,39
PMV,Porlamar,Venezuela,Del Caribe Santiago Mariño,,,,39
REU,Reus,Spain,Reus Air Base,,Espagne,,39
BND,Bandar Abbas,Iran,Bandar Abbas,,,,38
BOH,Bournemouth,United Kingdom,Bournemouth,,Royaume-Uni,Angleterre GB Grande-Bretagne,38
GRZ,Graz,Austria,Graz,,Autriche,,38
KUN,Kaunas,Lithuania,Kaunas,,,,38
RAO,Ribeirao Preto,Brazil,Leite Lopes,,Brésil,,38
SDR,Santander,Spain,Santander,,Espagne,,38
TNG,Tanger,Morocco,Ibn Batouta,,Maroc,,38
WDH,Windhoek,Namibia,Hosea Kutako,,,,38
NSI,Yaounde,Cameroon,Yaoundé Nsimalen,,,,38
ZHA,Zhanjiang,China,Zhanjiang,,Chine,,38
UVF,Hewandorra,Saint Lucia,Hewanorra,,Sainte-Lucie,,37
WIL,Nairobi,Kenya,Nairobi Wilson,,Kenya,,37
ODS,Odessa,Ukraine,Odessa,,Ukraine,,37
LEI,Almeria,Spain,Almería,,Espagne,,36
ASU,Asuncion,Paraguay,Silvio Pettirossi,Asunción,,,36
BUR,Burbank,United States,Bob Hope,,États-Unis,USA US Etats Unis,36
CKY,Conakry,Guinea,Conakry,,,,36
NDR,El Aroui,Morocco,Nador,,Maroc,,36
FEZ,Fes,Morocco,Saïss,,Maroc,,36
GCI,Guernsey,Guernsey,Guernsey,,,,36
HLD,Hailar,China,Dongshan,,Chine,,36
HSV,Huntsville,United States,Huntsville Carl T Jones Field,,États-Unis,USA US Etats Unis,36
YFB,Iqaluit,Canada,Iqaluit,,,,36
JAN,Jackson,United States,Jackson-Medgar Wiley Evers,,États-Unis,USA US Etats Unis,36
JHB,Johor Bahru,Malaysia,Senai,,,,36
KOJ,Kagoshima,Japan,Kagoshima,,Japon,,36
KLO,Kalibo,Philippines,Kalibo,,Philippines,,36
USM,Ko Samui,Thailand,Samui,,Thaïlande,,36
LYI,Linyi,China,Shubuling,,Chine,,36
LGB,Long Beach,United States,Long Beach /Daugherty Field/,,États-Unis,USA US Etats Unis,36
LKO,Lucknow,India,Chaudhary Charan Singh,,Inde,,36
GOJ,Nizhniy Novgorod,Russia,Nizhny Novgorod Strigino,,Russie,,36
PKU,Pekanbaru,Indonesia,Sultan Syarif Kasim Ii (Simpang Tiga),,Indonésie,,36
PNR,Pointe-noire,Congo (Brazzaville),Pointe Noire,,,,36
TGU,Tegucigalpa,Honduras,Toncontín,,,,36
VTZ,Vishakhapatnam,India,Vishakhapatnam,,Inde,,36
YTY,Yangzhou,China,Yangzhou Taizhou,,Chine,,36
YIW,Yiwu,China,Yiwu,,Chine,,36
SID,Amilcar Cabral,Cape Verde,Amílcar Cabral,,,,35
BOO,Bodo,Norway,Bodø,,Norvège,,35
CID,Cedar Rapids,United States,The Eastern Iowa,,États-Unis,USA US Etats Unis,35
DOM,Dominica,Dominica,Douglas-Charles,,,,35
DJJ,Jayapura,Indonesia,Sentani,,Indonésie,,35
PGD,Punta Gorda,United States,Charlotte County,,États-Unis,USA US Etats Unis,35
ADA,Adana,Turkey,Adana,,Turquie,,34
OVD,Aviles,Spain,Asturias,,Espagne,,34
BES,Brest,France,Brest Bretagne,,,,34
CGR,Campo Grande,Brazil,Campo Grande,,Brésil,,34
CJB,Coimbatore,India,Coimbatore,,Inde,,34
CAE,Columbia,United States,Columbia Metropolitan,,États-Unis,USA US Etats Unis,34
HIJ,Hiroshima,Japan,Hiroshima,,Japon,,34
JAI,Jaipur,India,Jaipur,,Inde,,34
KMQ,Kanazawa,Japan,Komatsu,,Japon,,34
LGK,Langkawi,Malaysia,Langkawi,,,,34
LWO,Lvov,Ukraine,Lviv,,Ukraine,,34
MSN,Madison,United States,Dane County Regional Truax Field,,États-Unis,USA US Etats Unis,34
MPM,Maputo,Mozambique,Maputo,,,,34
NGS,Nagasaki,Japan,Nagasaki,,Japon,,34
NIM,Niamey,Niger,Diori Hamani,,,,34
OMS,Omsk,Russia,Omsk Central,,Russie,,34
RAI,"Praia, Santiago Island",Cape Verde,Praia,,,,34
SRG,Semarang,Indonesia,Achmad Yani,,Indonésie,,34
YXL,Sioux Lookout,Canada,Sioux Lookout,,,,34
YNZ,Yancheng,China,Yancheng,,Chine,,34
CUU,Chihuahua,Mexico,General Roberto Fierro Villalobos,,Mexique,,33
ISP,Islip,United States,Long Island Mac Arthur,,États-Unis,USA US Etats Unis,33
EYW,Key West,United States,Key West,,États-Unis,USA US Etats Unis,33
KIH,Kish Island,Iran,Kish,,,,33
MDL,Mandalay,Burma,Mandalay,,,,33
YQR,Regina,Canada,Regina,,,,33
UUS,Yuzhno-sakhalinsk,Russia,Yuzhno-Sakhalinsk,,Russie,,33
ZTH,Zakynthos,Greece,"Zakynthos ""Dionysios Solomos""",,Grèce,,33
IXB,Baghdogra,India,Bagdogra,,Inde,,32
CIH,Changzhi,China,Changzhi,,Chine,,32
CHA,Chattanooga,United States,Lovell Field,,États-Unis,USA US Etats Unis,32
CGP,Chittagong,Bangladesh,Shah Amanat,,,,32
CZL,Constantine,Algeria,Mohamed Boudiaf,,Algérie,,32
CZM,Cozumel,Mexico,Cozumel,,Mexique,,32
CUL,Culiacan,Mexico,Bachigualato Federal,,Mexique,,32
FWA,Fort Wayne,United States,Fort Wayne,,États-Unis,USA US Etats Unis,32
IDR,Indore,India,Devi Ahilyabai Holkar,,Inde,,32
JDZ,Jingdezhen,China,Jingdezhen,,Chine,,32
JZH,Jiuzhaigou,China,Jiuzhai Huanglong,,Chine,,32
KBV,Krabi,Thailand,Krabi,,Thaïlande,,32
LYG,Lianyungang,China,Lianyungang,,Chine,,32
MMX,Malmoe,Sweden,Malmö Sturup,,Suède,,32
ROB,Monrovia,Liberia,Roberts,,,,32
NAT,Natal,Brazil,Governador Aluízio Alves,,Brésil,,32
KIJ,Niigata,Japan,Niigata,,Japon,,32
NUX,Novy Urengoy,Russia,Novy Urengoy,,Russie,,32
TGD,Podgorica,Montenegro,Podgorica,,,,32
LOP,Praya,Indonesia,Lombok,,Indonésie,,32
SJJ,Sarajevo,Bosnia and Herzegovina,Sarajevo,,,,32
TSV,Townsville,Australia,Townsville,,Australie,,32
VER,Vera Cruz,Mexico,General Heriberto Jara,,Mexique,,32
VIX,Vitoria,Brazil,Eurico de Aguiar Salles,,Brésil,,32
IXE,Mangalore,India,Mangalore,,Inde,,31
MIR,Monastir,Tunisia,Monastir Habib Bourguiba,,Tunisie,,31
SLZ,Sao Luis,Brazil,Marechal Cunha Machado,,Brésil,,31
JTR,Thira,Greece,Santorini,,Grèce,,31
YWK,Wabush,Canada,Wabush,,,,31
ASB,Ashkhabad,Turkmenistan,Ashgabat,,,,30
BDA,Bermuda,Bermuda,L.F. Wade,,,,30
CIF,Chifeng,China,Chifeng,,Chine,,30
NOC,Connaught,Ireland,Ireland West Knock,,Irlande,,30
DOK,Donetsk,Ukraine,Donetsk,,Ukraine,,30
DZA,Dzaoudzi,Mayotte,Dzaoudzi Pamandzi,,,,30
FPO,Freeport,Bahamas,Grand Bahama,,Bahamas,,30
YYR,Goose Bay,Canada,Goose Bay,,,,30
KGD,Kaliningrad,Russia,Khrabrovo,,Russie,,30
YLW,Kelowna,Canada,Kelowna,,,,30
MZT,Mazatlan,Mexico,General Rafael Buelna,Mazatlán,Mexique,,30
MID,Merida,Mexico,Licenciado Manuel Crescencio Rejon Int,Mérida,Mexique,,30
MLI,Moline,United States,Quad City,,États-Unis,USA US Etats Unis,30
NAG,Nagpur,India,Dr. Babasaheb Ambedkar,,Inde,,30
PIA,Peoria,United States,General Wayne A. Downing Peoria,,États-Unis,USA US Etats Unis,30
PUY,Pula,Croatia,Pula,,Croatie,,30
ROA,Roanoke VA,United States,Roanoke–Blacksburg Regional,,États-Unis,USA US Etats Unis,30
YXE,Saskatoon,Canada,Saskatoon John G. Diefenbaker,,,,30
GEG,Spokane,United States,Spokane,,États-Unis,USA US Etats Unis,30
TBZ,Tabriz,Iran,Tabriz,,,,30
TLH,Tallahassee,United States,Tallahassee Regional,,États-Unis,USA US Etats Unis,30
UDI,Uberlandia,Brazil,Ten. Cel. Aviador César Bombonato,,Brésil,,30
WUS,Wuyishan,China,Nanping Wuyishan,,Chine,,30
ZYI,Zunyi,China,Zunyi Xinzhou,,Chine,,30
AHB,Abha,Saudi Arabia,Abha Regional,,Arabie saoudite,,29
BDJ,Banjarmasin,Indonesia,Syamsudin Noor,,Indonésie,,29
BJX,Del Bajio,Mexico,Del Bajío,,Mexique,,29
MGA,Managua,Nicaragua,Augusto C. Sandino (Managua),,,,29
NSK,Norilsk,Russia,Norilsk-Alykel,,Russie,,29
GND,Point Salines,Grenada,Point Salines,,,,29
POP,Puerto Plata,Dominican Republic,Gregorio Luperon,,République dominicaine,,29
SXR,Srinagar,India,Sheikh ul Alam,,Inde,,29
AMQ,Ambon,Indonesia,"Pattimura, Ambon",,Indonésie,,28
BGW,Baghdad,Iraq,Baghdad,,,,28
BIQ,Biarritz-bayonne,France,Biarritz-Anglet-Bayonne,,,,28
BVC,Boa Vista,Cape Verde,Rabil,,,,28
DVO,Davao,Philippines,Francisco Bangoy,,Philippines,,28
DNK,Dnepropetrovsk,Ukraine,Dnipropetrovsk,,Ukraine,,28
FAR,Fargo,United States,Hector,,États-Unis,USA US Etats Unis,28
FSC,Figari,France,Figari Sud-Corse,,,,28
HYN,Huangyan,China,Huangyan Luqiao,,Chine,,28
ISG,Ishigaki,Japan,New Ishigaki,,Japon,,28
KBR,Kota Bahru,Malaysia,Sultan Ismail Petra,,,,28
LZH,Liuzhou,China,Liuzhou Bailian,,Chine,,28
SSG,Malabo,Equatorial Guinea,Malabo,,,,28
MAR,Maracaibo,Venezuela,La Chinita,,,,28
MHH,Marsh Harbor,Bahamas,Leonard M Thompson,,Bahamas,,28
ECN,Nicosia,Cyprus,Ercan,,,,28
NJC,Nizhnevartovsk,Russia,Nizhnevartovsk,,Russie,,28
UET,Quetta,Pakistan,Quetta,,,,28
RTB,Roatan,Honduras,Juan Manuel Galvez,,,,28
STM,Santarem,Brazil,Maestro Wilson Fonseca,,Brésil,,28
SEN,Southend,United Kingdom,Southend,,Royaume-Uni,Angleterre GB Grande-Bretagne,28
SGF,Springfield,United States,Springfield Branson National,,États-Unis,USA US Etats Unis,28
SGC,Surgut,Russia,Surgut,,Russie,,28
YTZ,Toronto,Canada,Billy Bishop Toronto City Centre,,,,28
TTN,Trenton,United States,Trenton Mercer,,États-Unis,USA US Etats Unis,28
YNJ,Yanji,China,Yanji Chaoyangchuan,,Chine,,28
RAR,Avarua,Cook Islands,Rarotonga,,,,27
BJM,Bujumbura,Burundi,Bujumbura,,,,27
BTV,Burlington,United States,Burlington,,États-Unis,USA US Etats Unis,27
COS,Colorado Springs,United States,City of Colorado Springs Municipal,,États-Unis,USA US Etats Unis,27
EUG,Eugene,United States,Mahlon Sweet Field,,États-Unis,USA US Etats Unis,27
PLM,Palembang,Indonesia,Sultan Mahmud Badaruddin II,,Indonésie,,27
YQT,Thunder Bay,Canada,Thunder Bay,,,,27
TLC,Toluca,Mexico,Licenciado Adolfo Lopez Mateos,,Mexique,,27
AES,Alesund,Norway,Ålesund,,Norvège,,26
ABE,Allentown,United States,Lehigh Valley,,États-Unis,USA US Etats Unis,26
CRK,Angeles City,Philippines,Diosdado Macapagal,,Philippines,,26
AJU,Aracaju,Brazil,Santa Maria,,Brésil,,26
BJL,Banjul,Gambia,Banjul,,,,26
CBR,Canberra,Australia,Canberra,,Australie,,26
CHO,Charlottesville VA,United States,Charlottesville Albemarle,,États-Unis,USA US Etats Unis,26
COR,Cordoba,Argentina,Ingeniero Ambrosio Taravella,,Argentine,,26
FNT,Flint,United States,Bishop,,États-Unis,USA US Etats Unis,26
FDH,Friedrichshafen,Germany,Friedrichshafen,,Allemagne,,26
KOW,Ganzhou,China,Ganzhou,,Chine,,26
KHG,Kashi,China,Kashgar,,Chine,,26
LPQ,Luang Prabang,Laos,Luang Phabang,,,,26
LZO,Luzhou,China,Luzhou,,Chine,,26
MCZ,Maceio,Brazil,Zumbi dos Palmares,,Brésil,,26
SEZ,Mahe,Seychelles,Seychelles,,,,26
MBA,Mombasa,Kenya,Mombasa Moi,,Kenya,,26
ISA,Mount Isa,Australia,Mount Isa,,Australie,,26
JMK,Mykonos,Greece,Mikonos,,Grèce,,26
NOU,Noumea,New Caledonia,La Tontouta,,,,26
OKJ,Okayama,Japan,Okayama,,Japon,,26
RNS,Rennes,France,Rennes-Saint-Jacques,,,,26
SRQ,Sarasota,United States,Sarasota Bradenton,,États-Unis,USA US Etats Unis,26
FSD,Sioux Falls,United States,Joe Foss Field,,États-Unis,USA US Etats Unis,26
TIF,Taif,Saudi Arabia,Ta’if Regional,,Arabie saoudite,,26
TSR,Timisoara,Romania,Timişoara Traian Vuia,,Roumanie,,26
TGO,Tongliao,China,Tongliao,,Chine,,26
YYJ,Victoria,Canada,Victoria,,,,26
VSA,Villahermosa,Mexico,Carlos Rovirosa Pérez,,Mexique,,26
ILM,Wilmington,United States,Wilmington,,États-Unis,USA US Etats Unis,26
XFN,Xiangfan,China,Xiangyang Liuji,,Chine,,26
HSN,Zhoushan,China,Zhoushan,,Chine,,26
ANI,Aniak,United States,Aniak,,États-Unis,USA US Etats Unis,25
PLU,Belo Horizonte,Brazil,Pampulha - Carlos Drummond de Andrade,,Brésil,,25
YMM,Fort Mcmurray,Canada,Fort McMurray,,,,25
ELQ,Gassim,Saudi Arabia,Gassim,,Arabie saoudite,,25
LLW,Lilongwe,Malawi,Lilongwe,,,,25
PAT,Patina,India,Lok Nayak Jayaprakash,,Inde,,25
RAB,Tokua,Papua New Guinea,Tokua,,,,25
ASP,Alice Springs,Australia,Alice Springs,,Australie,,24
AVL,Asheville,United States,Asheville Regional,,États-Unis,USA US Etats Unis,24
BRN,Bern,Switzerland,Bern Belp,,Suisse,,24
BIL,Billings,United States,Billings Logan,,États-Unis,USA US Etats Unis,24
BMI,Bloomington,United States,Central Illinois Regional at Bloomington-Normal,,États-Unis,USA US Etats Unis,24
BOJ,Bourgas,Bulgaria,Burgas,,Bulgarie,,24
BME,Broome,Australia,Broome,,Australie,,24
CTG,Cartagena,Colombia,Rafael Nuñez,,Colombie,,24
CJS,Ciudad Juarez,Mexico,Abraham González,,Mexique,,24
IGU,Foz Do Iguacu,Brazil,Cataratas,,Brésil,,24
GNV,Gainesville,United States,Gainesville Regional,,États-Unis,USA US Etats Unis,24
HAU,Haugesund,Norway,Haugesund,,Norvège,,24
HIA,Huai An,China,Lianshui,,Chine,,24
IAS,Iasi,Romania,Iaşi,,Roumanie,,24
IXJ,Jammu,India,Jammu,,Inde,,24
JUB,Juba,South Sudan,Juba,,,,24
UKB,Kobe,Japan,Kobe,,Japon,,24
LCG,La Coruna,Spain,A Coruña,,Espagne,,24
MYJ,Matsuyama,Japan,Matsuyama,,Japon,,24
MGQ,Mogadishu,Somalia,Aden Adde,,,,24
MUX,Multan,Pakistan,Multan,,,,24
NMA,Namangan,Uzbekistan,Namangan,,,,24
TMP,Tampere,Finland,Tampere-Pirkkala,,Finlande,,24
EIS,Tortola,British Virgin Islands,Terrance B. Lettsome,,,,24
VRA,Varadero,Cuba,Juan Gualberto Gomez,,Cuba,,24
WXN,Wanxian,China,Wanxian,,Chine,,24
UYN,Yulin,China,Yulin Yuyang,,Chine,,24
ZNZ,Zanzibar,Tanzania,Abeid Amani Karume,,,,24
LNZ,Linz,Austria,Linz Hörsching,,Autriche,,23
LDB,Londrina,Brazil,Governador José Richa,,Brésil,,23
SUV,Nausori,Fiji,Nausori,,,,23
NKC,Nouakschott,Mauritania,Nouakchott–Oumtounsy,,,,23
SKT,Sialkot,Pakistan,Sialkot,,,,23
ANF,Antofagasta,Chile,Andrés Sabella Gálvez,,Chili,,22
BLA,Barcelona,Venezuela,General José Antonio Anzoategui,Barcelone,,,22
SKB,Basse Terre,Saint Kitts and Nevis,Robert L. Bradshaw,,,,22
EGO,Belgorod,Russia,Belgorod,,Russie,,22
EGC,Bergerac,France,Bergerac-Roumanière,,,,22
CEI,Chiang Rai,Thailand,Chiang Rai,,Thaïlande,,22
HTA,Chita,Russia,Chita-Kadala,,Russie,,22
CUZ,Cuzco,Peru,Alejandro Velasco Astete,,Pérou,,22
DAT,Datong,China,Datong,,Chine,,22
FUG,Fuyang,China,Fuyang Xiguan,,Chine,,22
PZO,Guayana,Venezuela,General Manuel Carlos Piar,,,,22
IOM,Isle Of Man,Isle of Man,Isle of Man,,,,22
JPA,Joao Pessoa,Brazil,Presidente Castro Pinto,,Brésil,,22
KOI,Kirkwall,United Kingdom,Kirkwall,,Royaume-Uni,Angleterre GB Grande-Bretagne,22
KRS,Kristiansand,Norway,Kristiansand,,Norvège,,22
TER,Lajes (terceira Island),Portugal,Lajes,,Portugal,,22
LIG,Limoges,France,Limoges,,,,22
NZH,Manzhouli,China,Manzhouli Xijiao,,Chine,,22
MAB,Maraba,Brazil,João Correa da Rocha,,Brésil,,22
EOH,Medellin,Colombia,Enrique Olaya Herrera,Medellín,Colombie,,22
KMI,Miyazaki,Japan,Miyazaki,,Japon,,22
HGU,Mount Hagen,Papua New Guinea,Mount Hagen Kagamuga,,,,22
RIY,Mukalla,Yemen,Mukalla,,,,22
FMO,Munster,Germany,Münster Osnabrück,,Allemagne,,22
LAE,Nadzab,Papua New Guinea,Nadzab,,,,22
PAD,Paderborn,Germany,Paderborn Lippstadt,,Allemagne,,22
IXZ,Port Blair,India,Vir Savarkar,,Inde,,22
PVK,Preveza,Greece,Aktion National,,Grèce,,22
RBA,Rabat,Morocco,Rabat-Salé,,Maroc,,22
RPR,Raipur,India,Raipur,,Inde,,22
TRS,Ronchi De Legionari,Italy,Trieste–Friuli Venezia Giulia,,Italie,,22
RZE,Rzeszow,Poland,Rzeszów-Jasionka,,Pologne,,22
ADZ,San Andres Island,Colombia,Gustavo Rojas Pinilla,,Colombie,,22
SPR,San Pedro,Belize,San Pedro,,,,22
STI,Santiago,Dominican Republic,Cibao,,République dominicaine,,22
SON,Santo,Vanuatu,Santo Pekoa,,,,22
SBN,South Bend,United States,South Bend Regional,,États-Unis,USA US Etats Unis,22
THE,Teresina,Brazil,Senador Petrônio Portela,,Brésil,,22
TIV,Tivat,Montenegro,Tivat,,,,22
UUD,Ulan-ude,Russia,Ulan-Ude (Mukhino),,Russie,,22
VGO,Vigo,Spain,Vigo,,Espagne,,22
ZAH,Zahedan,Iran,Zahedan,,,,22
SLU,Castries,Saint Lucia,George F. L. Charles,,Sainte-Lucie,,21
CRW,Charleston,United States,Yeager,,États-Unis,USA US Etats Unis,21
CIT,Chimkent,Kazakhstan,Shymkent,,,,21
SBH,Gustavia,France,Gustaf III,,,,21
INV,Inverness,United Kingdom,Inverness,,Royaume-Uni,Angleterre GB Grande-Bretagne,21
KOE,Kupang,Indonesia,El Tari,,Indonésie,,21
MDZ,Mendoza,Argentina,El Plumerillo,,Argentine,,21
NJF,Najaf,Iraq,Al Najaf,,,,21
BPS,Porto Seguro,Brazil,Porto Seguro,,Brésil,,21
IXR,Ranchi,India,Birsa Munda,,Inde,,21
VPS,Valparaiso,United States,Destin-Ft Walton Beach,,États-Unis,USA US Etats Unis,21
ALF,Alta,Norway,Alta,,Norvège,,20
AOI,Ancona,Italy,Ancona Falconara,,Italie,,20
AQP,Arequipa,Peru,Rodríguez Ballón,,Pérou,,20
ACY,Atlantic City,United States,Atlantic City,,États-Unis,USA US Etats Unis,20
GUW,Atyrau,Kazakhstan,Atyrau,,,,20
BAQ,Barranquilla,Colombia,Ernesto Cortissoz,,Colombie,,20
BLI,Bellingham,United States,Bellingham,,États-Unis,USA US Etats Unis,20
CCF,Carcassonne,France,Carcassonne,,,,20
HKD,Hakodate,Japan,Hakodate,,Japon,,20
HMI,Hami,China,Hami,,Chine,,20
HOG,Holguin,Cuba,Frank Pais,Holguín,Cuba,,20
ILO,Iloilo,Philippines,Iloilo,,Philippines,,20
JMU,Jiamusi,China,Jiamusi,,Chine,,20
JNG,Jining,China,Jining Qufu,,Chine,,20
KLX,Kalamata,Greece,Kalamata,,Grèce,,20
KRL,Korla,China,Korla,,Chine,,20
LAP,La Paz,Mexico,Manuel Márquez de León,,Mexique,,20
LRH,La Rochelle,France,La Rochelle-Île de Ré,,,,20
LRM,La Romana,Dominican Republic,Casa De Campo,,République dominicaine,,20
FBM,Lubumashi,Congo (Kinshasa),Lubumbashi,,,,20
LXR,Luxor,Egypt,Luxor,,Égypte,,20
MGF,Maringa,Brazil,Regional de Maringá - Sílvio Nane Junior,,Brésil,,20
YQM,Moncton,Canada,Greater Moncton,,,,20
MRY,Monterey,United States,Monterey Peninsula,,États-Unis,USA US Etats Unis,20
MLM,Morelia,Mexico,General Francisco J. Mujica,,Mexique,,20
HAH,Moroni,Comoros,Prince Said Ibrahim,,,,20
MDG,Mudanjiang,China,Mudanjiang Hailang,,Chine,,20
MJT,Mytilini,Greece,Mytilene,,Grèce,,20
NLA,Ndola,Zambia,Simon Mwansa Kapwepwe,,,,20
NWI,Norwich,United Kingdom,Norwich,,Royaume-Uni,Angleterre GB Grande-Bretagne,20
OUD,Oujda,Morocco,Angads,,Maroc,,20
PWM,Portland,United States,Portland Jetport,,États-Unis,USA US Etats Unis,20
YXS,Prince George,Canada,Prince George,,,,20
PMC,Puerto Montt,Chile,El Tepual,,Chili,,20
RAS,Rasht,Iran,Sardar-e-Jangal,,,,20
SPN,Saipan,Northern Mariana Islands,Saipan,,,,20
SFA,Sfax,Tunisia,Sfax Thyna,,Tunisie,,20
ISU,Sulaymaniyah,Iraq,Sulaymaniyah,,,,20
TRC,Torreon,Mexico,Francisco Sarabia,,Mexique,,20
TZX,Trabzon,Turkey,Trabzon,,Turquie,,20
UNK,Unalakleet,United States,Unalakleet,,États-Unis,USA US Etats Unis,20
VLN,Valencia,Venezuela,Arturo Michelena,,,,20
VNS,Varanasi,India,Lal Bahadur Shastri,,Inde,,20
VOG,Volgograd,Russia,Volgograd,,Russie,,20
YBP,Yibin,China,Yibin Caiba,,Chine,,20
PBM,Zandery,Suriname,Johan Adolf Pengel,,,,20
AMA,Amarillo,United States,Rick Husband Amarillo,,États-Unis,USA US Etats Unis,19
ROR,Babelthuap,Palau,Babelthuap,,,,19
CBB,Cochabamba,Bolivia,Jorge Wilsterman,,,,19
IQQ,Iquique,Chile,Diego Aracena,,Chili,,19
HRK,Kharkov,Ukraine,Kharkiv,,Ukraine,,19
LBB,Lubbock,United States,Lubbock Preston Smith,,États-Unis,USA US Etats Unis,19
MST,Maastricht,Netherlands,Maastricht Aachen,,Pays-Bas,Hollande,19
NDJ,N'djamena,Chad,N'Djamena,,,,19
YVP,Quujjuaq,Canada,Kuujjuaq,,,,19
AVP,Scranton,United States,Wilkes Barre Scranton,,États-Unis,USA US Etats Unis,19
YNB,Yenbo,Saudi Arabia,Prince Abdulmohsin Bin Abdulaziz,,Arabie saoudite,,19
AGU,Aguascalientes,Mexico,Jesús Terán Paredo,,Mexique,,18
ATQ,Amritsar,India,Sri Guru Ram Dass Jee,,Inde,,18
AAE,Annaba,Algeria,Rabah Bitat,,Algérie,,18
ATW,Appleton,United States,Appleton,,États-Unis,USA US Etats Unis,18
ARH,Arkhangelsk,Russia,Talagi,,Russie,,18
BZR,Beziers,France,Béziers-Vias,,,,18
BLK,Blackpool,United Kingdom,Blackpool,,Royaume-Uni,Angleterre GB Grande-Bretagne,18
IXC,Chandigarh,India,Chandigarh,,Inde,,18
CJJ,Chongju,South Korea,Cheongju/Cheongju Air Base (K-59/G-513),,Corée du Sud,,18
CFE,Clermont-Ferrand,France,Clermont-Ferrand Auvergne,,,,18
DAX,Dazhou,China,Dachuan,,Chine,,18
DSA,"Doncaster, Sheffield",United Kingdom,Robin Hood Doncaster Sheffield,,Royaume-Uni,Angleterre GB Grande-Bretagne,18
EVV,Evansville,United States,Evansville Regional,,États-Unis,USA US Etats Unis,18
FMN,Farmington,United States,Four Corners Regional,,États-Unis,USA US Etats Unis,18
GBE,Gaberone,Botswana,Sir Seretse Khama,,,,18
GZT,Gaziantep,Turkey,Gaziantep,,Turquie,,18
GOH,Godthaab,Greenland,Godthaab / Nuuk,,,,18
GRX,Granada,Spain,Federico Garcia Lorca,,Espagne,,18
GGT,Great Exuma,Bahamas,Exuma,,Bahamas,,18
GPT,Gulfport,United States,Gulfport Biloxi,,États-Unis,USA US Etats Unis,18
EVE,Harstad/Narvik,Norway,"Harstad/Narvik, Evenes",,Norvège,,18
HTY,Hatay,Turkey,Hatay,,Turquie,,18
HBA,Hobart,Australia,Hobart,,Australie,,18
IOS,Ilheus,Brazil,Bahia - Jorge Amado,,Brésil,,18
IMF,Imphal,India,Imphal,,Inde,,18
JGS,Jian,China,Jinggangshan,,Chine,,18
BON,Kralendijk,Netherlands Antilles,Flamingo,,Antilles néerlandaises,,18
KMJ,Kumamoto,Japan,Kumamoto,,Japon,,18
LYA,Luoyang,China,Luoyang,,Chine,,18
MFR,Medford,United States,Rogue Valley Medford,,États-Unis,USA US Etats Unis,18
MOB,Mobile,United States,Mobile Regional,,États-Unis,USA US Etats Unis,18
APL,Nampula,Mozambique,Nampula,,,,18
PHF,Newport News,United States,Newport News Williamsburg,,États-Unis,USA US Etats Unis,18
OIT,Oita,Japan,Oita,,Japon,,18
PAC,Panama,Panama,Marcos A. Gelabert,Panama,Panama,,18
PSR,Pescara,Italy,Pescara,,Italie,,18
PLZ,Port Elizabeth,South Africa,Port Elizabeth,,Afrique du Sud,,18
PVH,Porto Velho,Brazil,Governador Jorge Teixeira de Oliveira,,Brésil,,18
PPS,Puerto Princesa,Philippines,Puerto Princesa,,Philippines,,18
SCN,Saarbruecken,Germany,Saarbrücken,,Allemagne,,18
SMI,Samos,Greece,Samos,,Grèce,,18
SNU,Santa Clara,Cuba,Abel Santamaria,,Cuba,,18
SBW,Sibu,Malaysia,Sibu,,,,18
HMB,Sohag,Egypt,Sohag,,Égypte,,18
STX,St. Croix Island,Virgin Islands,Henry E Rohlsen,,,,18
SCW,Syktyvkar,Russia,Syktyvkar,,Russie,,18
TUU,Tabuk,Saudi Arabia,Tabuk,,Arabie saoudite,,18
TRZ,Tiruchirappalli,India,Tiruchirapally Civil,,Inde,,18
TOY,Toyama,Japan,Toyama,,Japon,,18
JUV,Upernavik,Greenland,Upernavik,,,,18
VAR,Varna,Bulgaria,Varna,,Bulgarie,,18
ZIH,Zihuatanejo,Mexico,Ixtapa Zihuatanejo,,Mexique,,18
ACA,Acapulco,Mexico,General Juan N Alvarez,,Mexique,,17
BBI,Bhubaneswar,India,Biju Patnaik,,Inde,,17
NEV,Charlestown,Saint Kitts and Nevis,Vance W. Amory,,,,17
ADQ,Kodiak,United States,Kodiak,,États-Unis,USA US Etats Unis,17
LGG,Liege,Belgium,Liège,,Belgique,,17
MAF,Midland,United States,Midland,,États-Unis,USA US Etats Unis,17
MJZ,Mirnyj,Russia,Mirny,,Russie,,17
GEA,Noumea,New Caledonia,Nouméa Magenta,,,,17
ZQN,Queenstown International,New Zealand,Queenstown,,Nouvelle-Zélande,,17
AAR,Aarhus,Denmark,Aarhus,,Danemark,,16
IXA,Agartala,India,Agartala,,Inde,,16
AXT,Akita,Japan,Akita,,Japon,,16
ASF,Astrakhan,Russia,Astrakhan,,Russie,,16
BGR,Bangor,United States,Bangor,,États-Unis,USA US Etats Unis,16
BSR,Basrah,Iraq,Basrah,,,,16
BTR,Baton Rouge,United States,Baton Rouge Metropolitan,,États-Unis,USA US Etats Unis,16
BFJ,Bijie,China,Bijie Feixiong,,Chine,,16
BZN,Bozeman,United States,Gallatin Field,,États-Unis,USA US Etats Unis,16
CGD,Changde,China,Changde,,Chine,,16
YYQ,Churchill,Canada,Churchill,,,,16
CIY,Comiso,Italy,Comiso,,Italie,,16
FAY,Fayetteville,United States,Fayetteville Regional Grannis Field,,États-Unis,USA US Etats Unis,16
GEO,Georgetown,Guyana,Cheddi Jagan,,,,16
GJT,Grand Junction,United States,Grand Junction Regional,,États-Unis,USA US Etats Unis,16
GRB,Green Bay,United States,Austin Straubel,,États-Unis,USA US Etats Unis,16
GYS,Guangyuan,China,Guangyuan,,Chine,,16
HFT,Hammerfest,Norway,Hammerfest,,Norvège,,16
HEH,Heho,Burma,Heho,,,,16
INN,Innsbruck,Austria,Innsbruck,,Autriche,,16
YEV,Inuvik,Canada,Inuvik Mike Zubko,,,,16
HMA,Khanty-Mansiysk,Russia,Khanty Mansiysk,,Russie,,16
KNX,Kununurra,Australia,Kununurra,,Australie,,16
KUT,Kutaisi,Georgia,Kopitnari,,,,16
LAN,Lansing,United States,Capital City,,États-Unis,USA US Etats Unis,16
LST,Launceston,Australia,Launceston,,Australie,,16
MAG,Madang,Papua New Guinea,Madang,,,,16
IXM,Madurai,India,Madurai,,Inde,,16
YGJ,Miho,Japan,Miho Yonago,,Japon,,16
YYY,Mont Joli,Canada,Mont Joli,,,,16
NYM,Nadym,Russia,Nadym,,Russie,,16
NNY,Nanyang,China,Nanyang Jiangying,,Chine,,16
NTL,Newcastle,Australia,Newcastle,,Australie,,16
ELH,North Eleuthera,Bahamas,North Eleuthera,,Bahamas,,16
PSC,Pasco,United States,Tri Cities,,États-Unis,USA US Etats Unis,16
POL,Pemba,Mozambique,Pemba,,,,16
PIR,Pierre,United States,Pierre Regional,,États-Unis,USA US Etats Unis,16
PHC,Port Hartcourt,Nigeria,Port Harcourt,,,,16
PHE,Port Hedland,Australia,Port Hedland,,Australie,,16
NDG,Qiqihar,China,Qiqihar Sanjiazi,,Chine,,16
RAP,Rapid City,United States,Rapid City Regional,,États-Unis,USA US Etats Unis,16
YRL,Red Lake,Canada,Red Lake,,,,16
RDM,Redmond-Bend,United States,Roberts Field,,États-Unis,USA US Etats Unis,16
REX,Reynosa,Mexico,General Lucio Blanco,,Mexique,,16
SLY,Salekhard,Russia,Salekhard,,Russie,,16
SLP,San Luis Potosi,Mexico,Ponciano Arriaga,,Mexique,,16
SBA,Santa Barbara,United States,Santa Barbara Municipal,,États-Unis,USA US Etats Unis,16
SPC,Santa Cruz De La Palma,Spain,La Palma,,Espagne,,16
SJP,Sao Jose Do Rio Preto,Brazil,Prof. Eribelto Manoel Reino State,,Brésil,,16
QSF,Setif,Algeria,Ain Arnat,,Algérie,,16
SHV,Shreveport,United States,Shreveport Regional,,États-Unis,USA US Etats Unis,16
SOC,Solo City,Indonesia,Adi Sumarmo Wiryokusumo,,Indonésie,,16
SFJ,Sondrestrom,Greenland,Kangerlussuaq,,,,16
SOQ,Sorong,Indonesia,Dominique Edward Osok,,Indonésie,,16
TAK,Takamatsu,Japan,Takamatsu,,Japon,,16
TJA,Tarija,Bolivia,Capitan Oriel Lea Plaza,,,,16
TTE,Ternate,Indonesia,Sultan Khairun Babullah,,Indonésie,,16
TDD,Trinidad,Bolivia,Teniente Av. Jorge Henrich Arauz,,,,16
TKU,Turku,Finland,Turku,,Finlande,,16
TGZ,Tuxtla Gutierrez,Mexico,Angel Albino Corzo,,Mexique,,16
UME,Umea,Sweden,Umeå,,Suède,,16
UKK,Ust Kamenogorsk,Kazakhstan,Ust-Kamennogorsk,,,,16
VVC,Villavicencio,Colombia,Vanguardia,,Colombie,,16
VBY,Visby,Sweden,Visby,,Suède,,16
VOZ,Voronezh,Russia,Voronezh,,Russie,,16
GWT,Westerland,Germany,Westerland Sylt,,Allemagne,,16
WUA,Wuhai,China,Wuhai,,Chine,,16
ZAZ,Zaragoza,Spain,Zaragoza Air Base,,Espagne,,16
ASM,Asmara,Eritrea,Asmara,,,,15
BBO,Berbera,Somalia,Berbera,,,,15
YDF,Deer Lake,Canada,Deer Lake,,,,15
HGA,Hargeisa,Somalia,Egal,,,,15
HRL,Harlingen,United States,Valley,,États-Unis,USA US Etats Unis,15
ASR,Kayseri,Turkey,Kayseri Erkilet,,Turquie,,15
KSU,Kristiansund,Norway,Kristiansund (Kvernberget),,Norvège,,15
LCE,La Ceiba,Honduras,Goloson,,,,15
REN,Orenburg,Russia,Orenburg Central,,Russie,,15
PLW,Palu,Indonesia,Mutiara,,Indonésie,,15
SKD,Samarkand,Uzbekistan,Samarkand,,,,15
UGC,Urgench,Uzbekistan,Urgench,,,,15
VXO,Vaxjo,Sweden,Växjö Kronoberg,,Suède,,15
AKX,Aktyubinsk,Kazakhstan,Aktobe,,,,14
AQG,Anqing,China,Anqing Tianzhushan,,Chine,,14
AKJ,Asahikawa,Japan,Asahikawa,,Japon,,14
TRI,BRISTOL,United States,Tri-Cities Regional TN/VA,,États-Unis,USA US Etats Unis,14
BEW,Beira,Mozambique,Beira,,,,14
BHO,Bhopal,India,Raja Bhoj,,Inde,,14
BTU,Bintulu,Malaysia,Bintulu,,,,14
OXB,Bissau,Guinea-Bissau,Osvaldo Vieira,,,,14
BMV,Buonmethuot,Vietnam,Buon Ma Thuot,,Viêt Nam,,14
AGS,Bush Field,United States,Augusta Regional At Bush Field,,États-Unis,USA US Etats Unis,14
CGY,Cagayan de Oro City,Philippines,Laguindingan,,Philippines,,14
CAY,Cayenne,French Guiana,Cayenne-Rochambeau,,,,14
CEE,Cherepovets,Russia,Cherepovets,,Russie,,14
JUH,Chizhou,China,Jiuhuashan,,Chine,,14
CRD,Comodoro Rivadavia,Argentina,General E. Mosconi,,Argentine,,14
YQQ,Comox,Canada,Comox,,,,14
CCC,Cunagua,Cuba,Jardines Del Rey,,Cuba,,14
DLU,Dali,China,Dali,,Chine,,14
DIY,Diyabakir,Turkey,Diyarbakir,,Turquie,,14
DNH,Dunhuang,China,Dunhuang,,Chine,,14
YEK,Eskimo Point,Canada,Arviat,,,,14
FEG,Fergana,Uzbekistan,Fergana,,,,14
GAL,Galena,United States,Edward G. Pitka Sr,,États-Unis,USA US Etats Unis,14
GTF,Great Falls,United States,Great Falls,,États-Unis,USA US Etats Unis,14
HTI,Hamilton Island,Australia,Hamilton Island,,Australie,,14
IMP,Imperatriz,Brazil,Prefeito Renato Moreira,,Brésil,,14
IQT,Iquitos,Peru,Coronel FAP Francisco Secada Vignetta,,Pérou,,14
OAJ,Jacksonville NC,United States,Albert J Ellis,,États-Unis,USA US Etats Unis,14
JGN,Jiayuguan,China,Jiayuguan,,Chine,,14
KAN,Kano,Nigeria,Mallam Aminu,,,,14
KGF,Karaganda,Kazakhstan,Sary-Arka,,,,14
KTA,Karratha,Australia,Karratha,,Australie,,14
AKN,King Salmon,United States,King Salmon,,États-Unis,USA US Etats Unis,14
KLU,Klagenfurt,Austria,Klagenfurt,,Autriche,,14
TGG,Kuala Terengganu,Malaysia,Sultan Mahmud,,,,14
YGW,Kuujjuarapik,Canada,Kuujjuarapik,,,,14
LSC,La Serena,Chile,La Florida,,Chili,,14
LVI,Livingstone,Zambia,Livingstone,,,,14
MGM,MONTGOMERY,United States,Montgomery Regional (Dannelly Field),,États-Unis,USA US Etats Unis,14
MKY,Mackay,Australia,Mackay,,Australie,,14
MKW,Manokwari,Indonesia,Rendani,,Indonésie,,14
ZLO,Manzanillo,Mexico,Playa De Oro,,Mexique,,14
MUB,Maun,Botswana,Maun,,,,14
MSO,Missoula,United States,Missoula,,États-Unis,USA US Etats Unis,14
MOL,Molde,Norway,Molde,,Norvège,,14
MMK,Murmansk,Russia,Murmansk,,Russie,,14
NVT,Navegantes,Brazil,Ministro Victor Konder,,Brésil,,14
CXR,Nha Trang,Vietnam,Cam Ranh,,Viêt Nam,,14
NBC,Nizhnekamsk,Russia,Begishevo,,Russie,,14
PDG,Padang,Indonesia,Minangkabau,,Indonésie,,14
PMW,Palmas,Brazil,Brigadeiro Lysias Rodrigues,,Brésil,,14
ECP,Panama City,United States,Northwest Florida Beaches,,États-Unis,USA US Etats Unis,14
PGK,Pangkal Pinang,Indonesia,Pangkal Pinang (Depati Amir),,Indonésie,,14
PKN,Pangkalan Bun,Indonesia,Iskandar,,Indonésie,,14
PBG,Plattsburgh,United States,Plattsburgh,,États-Unis,USA US Etats Unis,14
PIS,Poitiers,France,Poitiers-Biard,,,,14
PBC,Puebla,Mexico,Hermanos Serdán,,Mexique,,14
JJU,Qaqortoq,Greenland,Qaqortoq Heliport,,,,14
JIQ,Qianjiang,China,Qianjiang Wulingshan,,Chine,,14
SHP,Qinhuangdao,China,Shanhaiguan,,Chine,,14
QRO,Queretaro,Mexico,Querétaro Intercontinental,Querétaro,Mexique,,14
RJK,Rijeka,Croatia,Rijeka,,Croatie,,14
ROS,Rosario,Argentina,Islas Malvinas,,Argentine,,14
SLL,Salalah,Oman,Salalah,,,,14
BRC,San Carlos De Bariloche,Argentina,San Carlos De Bariloche,,Argentine,,14
SRZ,Santa Cruz,Bolivia,El Trompillo,,,,14
DIG,Shangri-La,China,Diqing,,Chine,,14
IXS,Silchar,India,Silchar,,Inde,,14
SIP,Simferopol,Ukraine,Simferopol,,Ukraine,,14
SZZ,Szczecin,Poland,"Szczecin-Goleniów ""Solidarność""",,Pologne,,14
TAI,Taiz,Yemen,Ta'izz,,,,14
TAM,Tampico,Mexico,General Francisco Javier Mina,,Mexique,,14
TRK,Taraken,Indonesia,Juwata,,Indonésie,,14
TWU,Tawau,Malaysia,Tawau,,,,14
TET,Tete,Mozambique,Chingozi,,,,14
UDR,Udaipur,India,Maharana Pratap,,Inde,,14
HLH,Ulanhot,China,Ulanhot,,Chine,,14
UMD,Uummannaq,Greenland,Uummannaq Heliport,,,,14
VDS,Vadsø,Norway,Vadsø,,Norvège,,14
YVO,Val D'or,Canada,Val-d'Or,,,,14
VFA,Victoria Falls,Zimbabwe,Victoria Falls,,,,14
VII,Vinh,Vietnam,Vinh,,Viêt Nam,,14
WEF,Weifang,China,Weifang,,Chine,,14
XIL,Xilinhot,China,Xilinhot,,Chine,,14
AZD,Yazd,Iran,Shahid Sadooghi,,,,14
ZCL,Zacatecas,Mexico,General Leobardo C. Ruiz,,Mexique,,14
NYU,Bagan,Burma,Bagan,,,,13
BRW,Barrow,United States,Wiley Post Will Rogers Memorial,,États-Unis,USA US Etats Unis,13
BHK,Bukhara,Uzbekistan,Bukhara,,,,13
CJC,Calama,Chile,El Loa,,Chili,,13
FYU,Fort Yukon,United States,Fort Yukon,,États-Unis,USA US Etats Unis,13
GRQ,Groningen,Netherlands,Eelde,,Pays-Bas,Hollande,13
JUL,Juliaca,Peru,Inca Manco Capac,,Pérou,,13
AOK,Karpathos,Greece,Karpathos,,Grèce,,13
EFL,Keffallinia,Greece,Kefallinia,,Grèce,,13
KKN,Kirkenes,Norway,Kirkenes (Høybuktmoen),,Norvège,,13
TJU,Kulyab,Tajikistan,Kulob,,,,13
HRI,Mattala,Sri Lanka,Mattala Rajapaksa,,,,13
PUQ,Punta Arenas,Chile,Pdte. Carlos Ibañez del Campo,,Chili,,13
YTH,Thompson,Canada,Thompson,,,,13
TMM,Toamasina,Madagascar,Toamasina,,,,13
ABD,Abadan,Iran,Abadan,,,,12
AJL,Aizwal,India,Lengpui,,Inde,,12
ALS,Alamosa,United States,San Luis Valley Regional Bergman Field,,États-Unis,USA US Etats Unis,12
GZP,Alanya,Turkey,Gazipaşa,,Turquie,,12
AEX,Alexandria,United States,Alexandria,,États-Unis,USA US Etats Unis,12
ATZ,Asyut,Egypt,Assiut,,Égypte,,12
BCD,Bacolod,Philippines,Bacolod-Silay,,Philippines,,12
YBC,Baie Comeau,Canada,Baie Comeau,,,,12
YBK,Baker Lake,Canada,Baker Lake,,,,12
BFL,Bakersfield,United States,Meadows Field,,États-Unis,USA US Etats Unis,12
KSH,Bakhtaran,Iran,Shahid Ashrafi Esfahani,,,,12
BRA,Barreiras,Brazil,Barreiras,,Brésil,,12
BUS,Batumi,Georgia,Batumi,,,,12
BJA,Bejaja,Algeria,Soummam,,Algérie,,12
BIS,Bismarck,United States,Bismarck Municipal,,États-Unis,USA US Etats Unis,12
BOB,Bora Bora,French Polynesia,Bora Bora,,,,12
YCB,Cambridge Bay,Canada,Cambridge Bay,,,,12
YBL,Campbell River,Canada,Campbell River,,,,12
ZBR,Chah Bahar,Iran,Konarak,,,,12
YCS,Chesterfield Inlet,Canada,Chesterfield Inlet,,,,12
CYS,Cheyenne,United States,Cheyenne Regional Jerry Olson Field,,États-Unis,USA US Etats Unis,12
JKH,Chios,Greece,Chios Island National,,Grèce,,12
SRY,Dasht-e-naz,Iran,Dasht-e Naz,,,,12
DOY,Dongying,China,Dongying Shengli,,Chine,,12
EZS,Elazig,Turkey,Elazığ,,Turquie,,12
ELM,Elmira,United States,Elmira Corning Regional,,États-Unis,USA US Etats Unis,12
ERF,Erfurt,Germany,Erfurt,,Allemagne,,12
YXJ,Fort Saint John,Canada,Fort St John,,,,12
GEV,Gallivare,Sweden,Gällivare,,Suède,,12
GIB,Gibraltar,Gibraltar,Gibraltar,,,,12
GIZ,Gizan,Saudi Arabia,Jizan Regional,,Arabie saoudite,,12
GBT,Gorgan,Iran,Gorgan,,,,12
HDG,Handan,China,Handan,,Chine,,12
HME,Hassi Messaoud,Algeria,Oued Irara,,Algérie,,12
HDY,Hat Yai,Thailand,Hat Yai,,Thaïlande,,12
HEA,Herat,Afghanistan,Herat,,,,12
HOR,Horta,Portugal,Horta,,Portugal,,12
HKN,Hoskins,Papua New Guinea,Kimbe,,,,12
HTN,Hotan,China,Hotan,,Chine,,12
DJB,Jambi,Indonesia,Sultan Thaha,,Indonésie,,12
JIC,Jinchuan,China,Jinchuan,,Chine,,12
JIU,Jiujiang,China,Jiujiang Lushan,,Chine,,12
JXA,Jixi,China,Jixi Xingkaihu,,Chine,,12
JDH,Jodhpur,India,Jodhpur,,Inde,,12
AZO,Kalamazoo,United States,Kalamazoo Battle Creek,,États-Unis,USA US Etats Unis,12
JKL,Kalymnos,Greece,Kalymnos,,Grèce,,12
KVA,Kavala,Greece,Alexander the Great,,Grèce,,12
KIR,Kerry,Ireland,Kerry,,Irlande,,12
GRK,Killeen,United States,Robert Gray  Army Air Field,,États-Unis,USA US Etats Unis,12
ZGS,La Romaine,Canada,La Romaine,,,,12
LFT,Lafayette,United States,Lafayette Regional,,États-Unis,USA US Etats Unis,12
LRR,Lar,Iran,Lar,,,,12
IXL,Leh,India,Leh Kushok Bakula Rimpochee,,Inde,,12
ULK,Lensk,Russia,Lensk,,Russie,,12
LRS,Leros,Greece,Leros,,Grèce,,12
LET,Leticia,Colombia,Alfredo Vásquez Cobo,,Colombie,,12
YXU,London,Canada,London,Londres,,,12
LUZ,Lublin,Poland,Lublin,,Pologne,,12
LLA,Lulea,Sweden,Luleå,,Suède,,12
LUM,Luxi,China,Mangshi,,Chine,,12
GDX,Magadan,Russia,Sokol,,Russie,,12
RMF,Marsa Alam,Egypt,Marsa Alam,,Égypte,,12
MUR,Marudi,Malaysia,Marudi,,,,12
MFE,Mcallen,United States,Mc Allen Miller,,États-Unis,USA US Etats Unis,12
MCG,Mcgrath,United States,McGrath,,États-Unis,USA US Etats Unis,12
MMB,Memanbetsu,Japan,Memanbetsu,,Japon,,12
MQL,Mildura,Australia,Mildura,,Australie,,12
DIB,Mohanbari,India,Dibrugarh,,Inde,,12
MLU,Monroe,United States,Monroe Regional,,États-Unis,USA US Etats Unis,12
MWX,Muan,South Korea,Muan,,Corée du Sud,,12
MZV,Mulu,Malaysia,Mulu,,,,12
MWZ,Mwanza,Tanzania,Mwanza,,,,12
NKM,Nagoya,Japan,Nagoya,,Japon,,12
NAO,Nanchong,China,Nanchong,,Chine,,12
ACK,Nantucket,United States,Nantucket Memorial,,États-Unis,USA US Etats Unis,12
YNA,Natashquan,Canada,Natashquan,,,,12
NVI,Navoi,Uzbekistan,Navoi,,,,12
NQN,Neuquen,Argentina,Presidente Peron,,Argentine,,12
SWF,Newburgh,United States,Stewart,,États-Unis,USA US Etats Unis,12
NQY,Newquai,United Kingdom,Newquay Cornwall,,Royaume-Uni,Angleterre GB Grande-Bretagne,12
YVQ,Norman Wells,Canada,Norman Wells,,,,12
OAX,Oaxaca,Mexico,Xoxocotlán,,Mexique,,12
VPE,Ondjiva,Angola,Ngjiva Pereira,,,,12
PGA,Page,United States,Page Municipal,,États-Unis,USA US Etats Unis,12
PEI,Pereira,Colombia,Matecaña,,Colombie,,12
PEE,Perm,Russia,Bolshoye Savino,,Russie,,12
PKC,Petropavlovsk,Russia,Yelizovo,,Russie,,12
PNK,Pontianak,Indonesia,Supadio,,Indonésie,,12
PQQ,Port Macquarie,Australia,Port Macquarie,,Australie,,12
PAZ,Poza Rico,Mexico,El Tajín National,,Mexique,,12
PCL,Pucallpa,Peru,Cap FAP David Abenzur Rengifo,,Pérou,,12
IQN,Qingyang,China,Qingyang,,Chine,,12
UIB,Quibdo,Colombia,El Caraño,,Colombie,,12
JUZ,Quzhou,China,Quzhou,,Chine,,12
REG,Reggio Calabria,Italy,Reggio Calabria,,Italie,,12
SLA,Salta,Argentina,Martin Miguel De Guemes,,Argentine,,12
AZS,Samana,Dominican Republic,Samaná El Catey,,République dominicaine,,12
SDK,Sandakan,Malaysia,Sandakan,,,,12
SAF,Santa Fe,United States,Santa Fe Municipal,,États-Unis,USA US Etats Unis,12
STS,Santa Rosa,United States,Charles M. Schulz Sonoma County,,États-Unis,USA US Etats Unis,12
VXE,Sao Vicente Island,Cape Verde,São Pedro,,,,12
SOW,Show Low,United States,Show Low Regional,,États-Unis,USA US Etats Unis,12
SRE,Sucre,Bolivia,Juana Azurduy De Padilla,,,,12
TAE,Taegu,South Korea,Daegu,,Corée du Sud,,12
TPP,Tarapoto,Peru,Cadete FAP Guillermo Del Castillo Paredes,,Pérou,,12
AXA,The Valley,Anguilla,Clayton J Lloyd,,,,12
TLM,Tlemcen,Algeria,Zenata – Messali El Hadj,,Algérie,,12
UTH,Udon Thani,Thailand,Udon Thani,,Thaïlande,,12
VQS,Vieques Island,Puerto Rico,Vieques,,,,12
VDC,Vitória Da Conquista,Brazil,Vitória da Conquista,,Brésil,,12
WJR,Wajir,Kenya,Wajir,,Kenya,,12
YKQ,Waskaganish,Canada,Waskaganish,,,,12
WWK,Wewak,Papua New Guinea,Wewak,,,,12
ILG,Wilmington,United States,New Castle,,États-Unis,USA US Etats Unis,12
ACX,Xingyi,China,Xingyi,,Chine,,12
YIC,Yichun,China,Yichun Mingyueshan,,Chine,,12
ZAM,Zamboanga,Philippines,Zamboanga,,Philippines,,12
AZR,Adrar,Algeria,Touat Cheikh Sidi Mohamed Belkebir,,Algérie,,11
AKU,Aksu,China,Aksu,,Chine,,11
BHV,Bahawalpur,Pakistan,Bahawalpur,,,,11
TKG,Bandar Lampung-Sumatra Island,Indonesia,Radin Inten II (Branti),,Indonésie,,11
BVE,Brive,France,Brive Souillac,,,,11
CCP,Concepcion,Chile,Carriel Sur,,Chili,,11
YZS,Coral Harbour,Canada,Coral Harbour,,,,11
SCC,Deadhorse,United States,Deadhorse,,États-Unis,USA US Etats Unis,11
APW,Faleolo,Samoa,Faleolo,,,,11
GUR,Gurney,Papua New Guinea,Gurney,,,,11
KSC,Kosice,Slovakia,Košice,,,,11
OGX,Ouargla,Algeria,Ain el Beida,,Algérie,,11
RGI,Rangiroa,French Polynesia,Rangiroa,,,,11
RGL,Rio Gallegos,Argentina,Piloto Civil N. Fernández,,Argentine,,11
SCU,Santiago De Cuba,Cuba,Antonio Maceo,,Cuba,,11
SKK,Shaktoolik,United States,Shaktoolik,,États-Unis,USA US Etats Unis,11
YSB,Sudbury,Canada,Sudbury,,,,11
SKZ,Sukkur,Pakistan,Sukkur,,,,11
YTS,Timmins,Canada,Timmins/Victor M. Power,,,,11
REL,Trelew,Argentina,Almirante Marco Andres Zar,,Argentine,,11
TUK,Turbat,Pakistan,Turbat,,,,11
YXN,Whale Cove,Canada,Whale Cove,,,,11
ENY,Yan'an,China,Yan'an Ershilipu,,Chine,,11
ZQW,Zweibruecken,Germany,Zweibrücken,,Allemagne,,11
AOR,Alor Setar,Malaysia,Sultan Abdul Halim,,,,10
DIE,Antsiranana,Madagascar,Arrachart,,,,10
AOJ,Aomori,Japan,Aomori,,Japon,,10
IXU,Aurangabad,India,Aurangabad,,Inde,,10
NBS,Baishan,China,Changbaishan,,Chine,,10
BNK,Ballina Byron Bay,Australia,Ballina Byron Gateway,,Australie,,10
BTJ,Banda Aceh,Indonesia,Sultan Iskandar Muda,,Indonésie,,10
BDQ,Baroda,India,Vadodara,,Inde,,10
BRM,Barquisimeto,Venezuela,Barquisimeto,,,,10
RLK,Bayannur,China,Bayannur Tianjitai,,Chine,,10
BKS,Bengkulu,Indonesia,Fatmawati Soekarno,,Indonésie,,10
BQS,Blagoveschensk,Russia,Ignatyevo,,Russie,,10
BLZ,Blantyre,Malawi,Chileka,,,,10
BNN,Bronnoysund,Norway,Brønnøysund,,Norvège,,10
BGA,Bucaramanga,Colombia,Palonegro,,Colombie,,10
BUZ,Bushehr,Iran,Bushehr,,,,10
XAP,Chapeco,Brazil,Serafin Enoss Bertaso,,Brésil,,10
CEN,Ciudad Obregon,Mexico,Ciudad Obregón,,Mexique,,10
CNJ,Cloncurry,Australia,Cloncurry,,Australie,,10
CDB,Cold Bay,United States,Cold Bay,,États-Unis,USA US Etats Unis,10
YCO,Coppermine,Canada,Kugluktuk,,,,10
CRP,Corpus Christi,United States,Corpus Christi,,États-Unis,USA US Etats Unis,10
CUF,Cuneo,Italy,Cuneo,,Italie,,10
DLI,Dalat,Vietnam,Lien Khuong,,Viêt Nam,,10
DDG,Dandong,China,Dandong,,Chine,,10
DQA,Daqing,China,Saertu,,Chine,,10
DAB,Daytona Beach,United States,Daytona Beach,,États-Unis,USA US Etats Unis,10
DED,Dehra Dun,India,Dehradun,,Inde,,10
DDC,Dodge City,United States,Dodge City Regional,,États-Unis,USA US Etats Unis,10
DUD,Dunedin,New Zealand,Dunedin,,Nouvelle-Zélande,,10
DGO,Durango,Mexico,General Guadalupe Victoria,,Mexique,,10
DRO,Durango,United States,Durango La Plata County,,États-Unis,USA US Etats Unis,10
ELS,East London,South Africa,Ben Schoeman,,Afrique du Sud,,10
ETH,Elat,Israel,Eilat,,Israël,,10
ERZ,Erzurum,Turkey,Erzurum,,Turquie,,10
FSM,Fort Smith,United States,Fort Smith Regional,,États-Unis,USA US Etats Unis,10
GRJ,George,South Africa,George,,Afrique du Sud,,10
PNP,Girua,Papua New Guinea,Girua,,,,10
GKA,Goroka,Papua New Guinea,Goroka,,,,10
GOV,Gove,Australia,Gove,,Australie,,10
GHB,Governor's Harbor,Bahamas,Governor's Harbour,,Bahamas,,10
GFK,Grand Forks,United States,Grand Forks,,États-Unis,USA US Etats Unis,10
HAS,Hail,Saudi Arabia,Ha'il,,Arabie saoudite,,10
HAD,Halmstad,Sweden,Halmstad,,Suède,,10
HDF,Heringsdorf,Germany,Heringsdorf,,Allemagne,,10
HUY,Humberside,United Kingdom,Humberside,,Royaume-Uni,Angleterre GB Grande-Bretagne,10
HTS,Huntington,United States,Tri-State/Milton J. Ferguson Field,,États-Unis,USA US Etats Unis,10
IBR,Ibaraki,Japan,Hyakuri,,Japon,,10
YGT,Igloolik,Canada,Igloolik,,,,10
JAV,Ilulissat,Greenland,Ilulissat,,,,10
JNZ,Jinzhou,China,Jinzhou,,Chine,,10
JOI,Joinville,Brazil,Lauro Carneiro de Loyola,,Brésil,,10
JDO,Juazeiro Do Norte,Brazil,Orlando Bezerra de Menezes,,Brésil,,10
KGI,Kalgoorlie,Australia,Kalgoorlie Boulder,,Australie,,10
FCA,Kalispell,United States,Glacier Park,,États-Unis,USA US Etats Unis,10
YKA,Kamloops,Canada,Kamloops,,,,10
KDH,Kandahar,Afghanistan,Kandahar,,,,10
KLV,Karlovy Vary,Czech Republic,Karlovy Vary,,Tchéquie,Republique tcheque,10
PGU,Khalije Fars,Iran,Persian Gulf,,,,10
KSQ,Khanabad,Uzbekistan,Karshi Khanabad,,,,10
KNH,Kinmen,Taiwan,Kinmen,,,,10
KKA,Koyuk,United States,Koyuk Alfred Adams,,États-Unis,USA US Etats Unis,10
KUA,Kuantan,Malaysia,Kuantan,,,,10
KUH,Kushiro,Japan,Kushiro,,Japon,,10
RLG,Laage,Germany,Rostock-Laage,,Allemagne,,10
LBL,Liberal,United States,Liberal Mid-America Regional,,États-Unis,USA US Etats Unis,10
LXS,Limnos,Greece,Limnos,,Grèce,,10
LDY,Londonderry,United Kingdom,City of Derry,,Royaume-Uni,Angleterre GB Grande-Bretagne,10
LMM,Los Mochis,Mexico,Valle del Fuerte,,Mexique,,10
MZG,Makung,Taiwan,Makung,,,,10
MYD,Malindi,Kenya,Malindi,,Kenya,,10
MQM,Mardin,Turkey,Mardin,,Turquie,,10
EBA,Marina Di Campo,Italy,Marina Di Campo,,Italie,,10
MCY,Maroochydore,Australia,Sunshine Coast,,Australie,,10
MEH,Mehamn,Norway,Mehamn,,Norvège,,10
MXZ,Meixian,China,Meixian,,Chine,,10
MLB,Melbourne,United States,Melbourne,,États-Unis,USA US Etats Unis,10
MLN,Melilla,Spain,Melilla,,Espagne,,10
ETZ,Metz,France,Metz-Nancy-Lorraine,,,,10
MOT,Minot,United States,Minot,,États-Unis,USA US Etats Unis,10
MMY,Miyako,Japan,Miyako,,Japon,,10
MAS,Momote,Papua New Guinea,Momote,,,,10
UAK,Narssarssuaq,Greenland,Narsarsuaq,,,,10
VOL,Nea Anghialos,Greece,Nea Anchialos,,Grèce,,10
NER,Neryungri,Russia,Chulman,,Russie,,10
EWN,New Bern,United States,Coastal Carolina Regional,,États-Unis,USA US Etats Unis,10
IAG,Niagara Falls,United States,Niagara Falls,,États-Unis,USA US Etats Unis,10
NUS,Norsup,Vanuatu,Norsup,,,,10
NOJ,Noyabrsk,Russia,Noyabrsk,,Russie,,10
LZY,Nyingchi,China,Nyingchi,,Chine,,10
PKZ,Pakse,Laos,Pakse,,,,10
PMR,Palmerston North,New Zealand,Palmerston North,,Nouvelle-Zélande,,10
PFB,Passo Fundo,Brazil,Lauro Kurtz,,Brésil,,10
PUF,Pau,France,Pau Pyrénées,,,,10
PGF,Perpignan,France,Perpignan-Rivesaltes (Llabanère),,,,10
PEG,Perugia,Italy,Perugia San Francesco d'Assisi – Umbria,,Italie,,10
PNZ,Petrolina,Brazil,Senador Nilo Coelho,,Brésil,,10
PQC,Phuquoc,Vietnam,Phu Quoc,,Viêt Nam,,10
PZU,Port Sudan,Sudan,Port Sudan New,,,,10
FNJ,Pyongyang,North Korea,Pyongyang Sunan,,,,10
RKV,Reykjavik,Iceland,Reykjavik,Reykjavík,Islande,,10
RBR,Rio Branco,Brazil,Plácido de Castro,,Brésil,,10
RFD,Rockford,United States,Chicago Rockford,,États-Unis,USA US Etats Unis,10
ROK,Rockhampton,Australia,Rockhampton,,Australie,,10
GES,Romblon,Philippines,General Santos,,Philippines,,10
YUY,Rouyn,Canada,Rouyn Noranda,,,,10
MBS,Saginaw,United States,MBS,,États-Unis,USA US Etats Unis,10
GNY,Sanliurfa,Turkey,Şanlıurfa GAP,,Turquie,,10
RTW,Saratov,Russia,Saratov Central,,Russie,,10
GXF,Sayun Intl,Yemen,Sayun,,,,10
YKL,Schefferville,Canada,Schefferville,,,,10
JSH,Sitia,Greece,Sitia,,Grèce,,10
OVS,Sovetskiy,Russia,Sovetskiy,,Russie,,10
KSM,St Mary's,United States,St Mary's,,États-Unis,USA US Etats Unis,10
EBU,St-Etienne,France,Saint-Étienne-Bouthéon,,,,10
SCE,State College Pennsylvania,United States,University Park,,États-Unis,USA US Etats Unis,10
SYY,Stornoway,United Kingdom,Stornoway,,Royaume-Uni,Angleterre GB Grande-Bretagne,10
LSI,Sumburgh,United Kingdom,Sumburgh,,Royaume-Uni,Angleterre GB Grande-Bretagne,10
SDL,Sundsvall,Sweden,Sundsvall-Härnösand,,Suède,,10
ZYL,Sylhet Osmani,Bangladesh,Osmany,,,,10
TAC,Tacloban,Philippines,Daniel Z. Romualdez,,Philippines,,10
TAH,Tanna,Vanuatu,Tanna,,,,10
LDE,Tarbes,France,Tarbes-Lourdes-Pyrénées,,,,10
TFF,Tefe,Brazil,Tefé,,Brésil,,10
TCZ,Tengchong,China,Tengchong Tuofeng,,Chine,,10
YXT,Terrace,Canada,Northwest Regional Terrace-Kitimat,,,,10
YQD,The Pas,Canada,The Pas,,,,10
PBH,Thimphu,Bhutan,Paro,,,,10
TOL,Toledo,United States,Toledo Express,,États-Unis,USA US Etats Unis,10
TOF,Tomsk,Russia,Bogashevo,,Russie,,10
TBU,Tongatapu,Tonga,Fua'amotu,,,,10
TEN,Tongren,China,Tongren Fenghuang,,Chine,,10
TUF,Tours,France,Tours-Val-de-Loire,,,,10
TVC,Traverse City,United States,Cherry Capital,,États-Unis,USA US Etats Unis,10
USH,Ushuaia,Argentina,Malvinas Argentinas,,Argentine,,10
VAA,Vaasa,Finland,Vaasa,,Finlande,,10
VAN,Van,Turkey,Van Ferit Melen,,Turquie,,10
CWA,Wassau,United States,Central Wisconsin,,États-Unis,USA US Etats Unis,10
YXY,Whitehorse,Canada,Whitehorse / Erik Nielsen,,,,10
YWL,Williams Lake,Canada,Williams Lake,,,,10
XIC,Xichang,China,Xichang Qingshan,,Chine,,10
PYJ,Yakutia,Russia,Polyarny,,Russie,,10
ARI,Arica,Chile,Chacalluta,,Chili,,9
BTT,Bettles,United States,Bettles,,États-Unis,USA US Etats Unis,9
YTL,Big Trout Lake,Canada,Big Trout Lake,,,,9
ELI,Elim,United States,Elim,,États-Unis,USA US Etats Unis,9
YFO,Flin Flon,Canada,Flin Flon,,,,9
FRO,Floro,Norway,Florø,,Norvège,,9
KVD,Ganja,Azerbaijan,Ganja,,,,9
GZO,Gizo,Solomon Islands,Nusatupe,,,,9
YHK,Gjoa Haven,Canada,Gjoa Haven,,,,9
HLN,Helena,United States,Helena Regional,,États-Unis,USA US Etats Unis,9
HOD,Hodeidah,Yemen,Hodeidah,,,,9
SVD,Kingstown,Saint Vincent and the Grenadines,Argyle,,,,9
UNG,Kiunga,Papua New Guinea,Kiunga,,,,9
KQT,Kurgan Tyube,Tajikistan,Qurghonteppa,,,,9
MQN,Mo i Rana,Norway,"Mo i Rana, Røssvoll",,Norvège,,9
MJF,Mosjoen,Norway,Mosjøen (Kjærstad),,Norvège,,9
XQP,Quepos,Costa Rica,Quepos Managua,,Costa Rica,,9
KWN,Quinhagak,United States,Quinhagak,,États-Unis,USA US Etats Unis,9
RFP,Raiatea Island,French Polynesia,Raiatea,,,,9
RBY,Ruby,United States,Ruby,,États-Unis,USA US Etats Unis,9
SSJ,Sandnessjoen,Norway,Sandnessjøen (Stokka),,Norvège,,9
TAB,Scarborough,Trinidad and Tobago,Tobago-Crown Point,,,,9
SBZ,Sibiu,Romania,Sibiu,,Roumanie,,9
THL,Tachilek,Burma,Tachileik,,,,9
TOB,Tobruk,Libya,Gamal Abdel Nasser,,,,9
WAA,Wales,United States,Wales,,États-Unis,USA US Etats Unis,9
ABA,Abakan,Russia,Abakan,,Russie,,8
AZI,Abu Dhabi,United Arab Emirates,Bateen,,Émirats arabes unis,,8
BQN,Aguadilla,Puerto Rico,Rafael Hernandez,,,,8
ABY,Albany,United States,Southwest Georgia Regional,,États-Unis,USA US Etats Unis,8
ABX,Albury,Australia,Albury,,Australie,,8
ABL,Ambler,United States,Ambler,,États-Unis,USA US Etats Unis,8
AVA,Anshun,China,Anshun Huangguoshu,,Chine,,8
AUX,Araguaina,Brazil,Araguaína,,Brésil,,8
JTY,Astypalaia,Greece,Astypalaia,,Grèce,,8
ASW,Aswan,Egypt,Aswan,,Égypte,,8
YBG,Bagotville,Canada,CFB Bagotville,,,,8
BHI,Bahia Blanca,Argentina,Comandante Espora,,Argentine,,8
BBA,Balmaceda,Chile,Balmaceda,,Chili,,8
BLJ,Batna,Algeria,Batna,,Algérie,,8
BJF,Batsfjord,Norway,Båtsfjord,,Norvège,,8
XBE,Bearskin Lake,Canada,Bearskin Lake,,,,8
EYK,Beloyarsky,Russia,Beloyarskiy,,Russie,,8
BVG,Berlevag,Norway,Berlevåg,,Norvège,,8
BIK,Biak,Indonesia,Frans Kaisiepo,,Indonésie,,8
BGM,Binghamton,United States,Greater Binghamton/Edwin A Link field,,États-Unis,USA US Etats Unis,8
BSK,Biskra,Algeria,Biskra,,Algérie,,8
BFN,Bloemfontein,South Africa,Bram Fischer,,Afrique du Sud,,8
BSA,Bosaso,Somalia,Bosaso,,,,8
BKG,Branson,United States,Branson,,États-Unis,USA US Etats Unis,8
BTK,Bratsk,Russia,Bratsk,,Russie,,8
KTS,Brevig Mission,United States,Brevig Mission,,États-Unis,USA US Etats Unis,8
BHQ,Broken Hill,Australia,Broken Hill,,Australie,,8
BKC,Buckland,United States,Buckland,,États-Unis,USA US Etats Unis,8
UUA,Bugulma,Russia,Bugulma,,Russie,,8
BUA,Buka Island,Papua New Guinea,Buka,,,,8
BUQ,Bulawayo,Zimbabwe,Joshua Mqabuko Nkomo,,,,8
BXU,Butuan,Philippines,Bancasi,,Philippines,,8
CFR,Caen,France,Caen-Carpiquet,,,,8
APO,Carepa,Colombia,Antonio Roldan Betancourt,,Colombie,,8
MPH,Caticlan,Philippines,Godofredo P. Ramos,,Philippines,,8
CMI,Champaign,United States,University of Illinois Willard,,États-Unis,USA US Etats Unis,8
CTL,Charlieville,Australia,Charleville,,Australie,,8
YYG,Charlottetown,Canada,Charlottetown,,,,8
YHR,Chevery,Canada,Chevery,,,,8
YKU,Chisasibi,Canada,Chisasibi,,,,8
COQ,Choibalsan,Mongolia,Choibalsan,,,,8
AGT,Ciudad del Este,Paraguay,Guarani,,,,8
YCY,Clyde River,Canada,Clyde River,,,,8
ZSA,Cockburn Town,Bahamas,San Salvador,,Bahamas,,8
GDT,Cockburn Town,Turks and Caicos Islands,JAGS McCartney,,,,8
CFS,Coff's Harbour,Australia,Coffs Harbour,,Australie,,8
COU,Columbia,United States,Columbia Regional,,États-Unis,USA US Etats Unis,8
CPO,Copiapo,Chile,Desierto de Atacama,,Chili,,8
YXC,Cranbrook,Canada,Cranbrook/Canadian Rockies,,,,8
CUC,Cucuta,Colombia,Camilo Daza,,Colombie,,8
DCY,Daocheng,China,Daocheng Yading,,Chine,,8
DAU,Daru,Papua New Guinea,Daru,,,,8
DRG,Deering,United States,Deering,,États-Unis,USA US Etats Unis,8
DIL,Dili,East Timor,Presidente Nicolau Lobato,,,,8
DPL,Dipolog,Philippines,Dipolog,,Philippines,,8
DLH,Duluth,United States,Duluth,,États-Unis,USA US Etats Unis,8
DGT,Dumaguete,Philippines,Sibulan,,Philippines,,8
EUN,El Aaiún,Western Sahara,Hassan I,,,,8
FTE,El Calafate,Argentina,El Calafate,,Argentine,,8
ENE,Ende,Indonesia,Ende (H Hasan Aroeboesman),,Indonésie,,8
ENH,Enshi,China,Enshi,,Chine,,8
ERI,Erie,United States,Erie Tom Ridge Field,,États-Unis,USA US Etats Unis,8
FLW,Flores,Portugal,Flores,,Portugal,,8
YSM,Fort Smith,Canada,Fort Smith,,,,8
YFC,Fredericton,Canada,Fredericton,,,,8
FUJ,Fukue,Japan,Fukue,,Japon,,8
FKS,Fukushima,Japan,Fukushima,,Japon,,8
GLK,Galcaio,Somalia,Galcaio,,,,8
GAM,Gambell,United States,Gambell,,États-Unis,USA US Etats Unis,8
GHA,Ghardaia,Algeria,Noumérat - Moufdi Zakaria,,Algérie,,8
GLT,Gladstone,Australia,Gladstone,,Australie,,8
GLV,Golovin,United States,Golovin,,États-Unis,USA US Etats Unis,8
GTO,Gorontalo,Indonesia,Jalaluddin,,Indonésie,,8
GRI,Grand Island,United States,Central Nebraska Regional,,États-Unis,USA US Etats Unis,8
YQU,Grande Prairie,Canada,Grande Prairie,,,,8
GTE,Groote Eylandt,Australia,Groote Eylandt,,Australie,,8
HPH,Haiphong,Vietnam,Cat Bi,,Viêt Nam,,8
YUX,Hall Beach,Canada,Hall Beach,,,,8
YHM,Hamilton,Canada,John C. Munro Hamilton,,,,8
HLZ,Hamilton,New Zealand,Hamilton,,Nouvelle-Zélande,,8
HNA,Hanamaki,Japan,Hanamaki,,Japon,,8
ITO,Hilo,United States,Hilo,,États-Unis,USA US Etats Unis,8
HHH,Hilton Head Island,United States,Hilton Head,,États-Unis,USA US Etats Unis,8
AUQ,Hiva-oa,French Polynesia,Hiva Oa-Atuona,,,,8
YHO,Hopedale,Canada,Hopedale,,,,8
HUH,Huahine Island,French Polynesia,Huahine-Fare,,,,8
HUN,Hualien,Taiwan,Hualien,,,,8
HUI,Hue,Vietnam,Phu Bai,,Viêt Nam,,8
HSL,Huslia,United States,Huslia,,États-Unis,USA US Etats Unis,8
IDA,Idaho Falls,United States,Idaho Falls Regional,,États-Unis,USA US Etats Unis,8
IGR,Iguazu Falls,Argentina,Cataratas Del Iguazú,,Argentine,,8
ITH,Ithaca,United States,Ithaca Tompkins Regional,,États-Unis,USA US Etats Unis,8
IJK,Izhevsk,Russia,Izhevsk,,Russie,,8
JGD,Jiagedaqi District,China,Jiagedaqi,,Chine,,8
HLA,Johannesburg,South Africa,Lanseria,Johannesbourg,Afrique du Sud,,8
KLG,Kalskag,United States,Kalskag,,États-Unis,USA US Etats Unis,8
BBK,Kasane,Botswana,Kasane,,,,8
KSJ,Kasos,Greece,Kasos,,Grèce,,8
KVG,Kavieng,Papua New Guinea,Kavieng,,,,8
KDI,Kendari,Indonesia,Wolter Monginsidi,,Indonésie,,8
KER,Kerman,Iran,Kerman,,,,8
IAN,Kiana,United States,Bob Baker Memorial,,États-Unis,USA US Etats Unis,8
CXI,Kiritimati,Kiribati,Cassidy,,,,8
KIT,Kithira,Greece,Kithira,,Grèce,,8
KCZ,Kochi,Japan,Kōchi Ryōma,,Japon,,8
KRF,Kramfors,Sweden,Kramfors Sollefteå,,Suède,,8
KMS,Kumasi,Ghana,Kumasi,,,,8
KWJ,Kwangju,South Korea,Gwangju,,Corée du Sud,,8
KZO,Kzyl-Orda,Kazakhstan,Kzyl-Orda Southwest,,,,8
LBU,Labuan,Malaysia,Labuan,,,,8
LBJ,Labuhan Bajo,Indonesia,Komodo,,Indonésie,,8
LAU,Lamu,Kenya,Manda Airstrip,,Kenya,,8
LRD,Laredo,United States,Laredo,,États-Unis,USA US Etats Unis,8
LGP,Legazpi,Philippines,Legazpi City,,Philippines,,8
LWS,Lewiston,United States,Lewiston Nez Perce County,,États-Unis,USA US Etats Unis,8
LBC,Luebeck,Germany,Lübeck Blankensee,,Allemagne,,8
LYC,Lycksele,Sweden,Lycksele,,Suède,,8
MEA,Macaé,Brazil,Macaé,,Brésil,,8
MAJ,Majuro,Marshall Islands,Marshall Islands,,,,8
MCX,Makhachkala,Russia,Uytash,,Russie,,8
YMN,Makkovik,Canada,Makkovik,,,,8
MLX,Malatya,Turkey,Malatya Erhaç,,Turquie,,8
MHK,Manhattan,United States,Manhattan Regional,,États-Unis,USA US Etats Unis,8
MHQ,Mariehamn,Finland,Mariehamn,,Finlande,,8
WMN,Maroantsetra,Madagascar,Maroantsetra,,,,8
MUN,Maturin,Venezuela,Maturín,,,,8
MZR,Mazar-i-sharif,Afghanistan,Mazar I Sharif,,,,8
MXL,Mexicali,Mexico,General Rodolfo Sánchez Taboada,,Mexique,,8
YHU,Montreal,Canada,Montréal / Saint-Hubert,Montréal,,,8
MQP,Mpumalanga,South Africa,Kruger Mpumalanga,,Afrique du Sud,,8
MUA,Munda,Solomon Islands,Munda,,,,8
MSA,Muskrat Dam,Canada,Muskrat Dam,,,,8
MYT,Myitkyina,Burma,Myitkyina,,,,8
YDP,Nain,Canada,Nain,,,,8
JNN,Nanortalik,Greenland,Nanortalik Heliport,,,,8
NYK,Nanyuki,Kenya,Nanyuki,,Kenya,,8
NNM,Naryan-Mar,Russia,Naryan Mar,,Russie,,8
YNP,Natuashish,Canada,Natuashish,,,,8
NSN,Nelson,New Zealand,Nelson,,Nouvelle-Zélande,,8
FNI,Nimes,France,Nîmes-Arles-Camargue,,,,8
ORV,Noorvik,United States,Robert (Bob) Curtis Memorial,,États-Unis,USA US Etats Unis,8
NOS,Nosy-be,Madagascar,Fascene,,,,8
NDB,Nouadhibou,Mauritania,Nouadhibou,,,,8
NHV,Nuku Hiva,French Polynesia,Nuku Hiva,,,,8
NCU,Nukus,Uzbekistan,Nukus,,,,8
NYA,Nyagan,Russia,Nyagan,,Russie,,8
HOV,Orsta-Volda,Norway,"Ørsta-Volda, Hovden",,Norvège,,8
OSI,Osijek,Croatia,Osijek,,Croatie,,8
OSR,Ostrava,Czech Republic,Ostrava Leos Janáček,,Tchéquie,Republique tcheque,8
OUL,Oulu,Finland,Oulu,,Finlande,,8
OZC,Ozamis,Philippines,Labo,,Philippines,,8
YXP,Pangnirtung,Canada,Pangnirtung,,,,8
PZI,Panzhihua,China,Bao'anying,,Chine,,8
LSP,Paraguana,Venezuela,Josefa Camejo,,,,8
CKS,Parauapebas,Brazil,Carajás,,Brésil,,8
PMF,Parma,Italy,Parma,,Italie,,8
PIX,Pico,Portugal,Pico,,Portugal,,8
YSO,Postville,Canada,Postville,,,,8
PUU,Puerto Asis,Colombia,Tres De Mayo,,Colombie,,8
PJM,Puerto Jimenez,Costa Rica,Puerto Jimenez,,Costa Rica,,8
YPX,Puvirnituq,Canada,Puvirnituq,,,,8
YQZ,Quesnel,Canada,Quesnel,,,,8
YUT,Repulse Bay,Canada,Repulse Bay,,,,8
RST,Rochester,United States,Rochester,,États-Unis,USA US Etats Unis,8
RDZ,Rodez,France,Rodez-Marcillac,,,,8
RSH,Russian Mission,United States,Russian Mission,,États-Unis,USA US Etats Unis,8
SBY,Salisbury,United States,Salisbury Ocean City Wicomico Regional,,États-Unis,USA US Etats Unis,8
SCY,San Cristóbal,Ecuador,San Cristóbal,,,,8
SBP,San Luis Obispo,United States,San Luis County Regional,,États-Unis,USA US Etats Unis,8
RIA,Santa Maria,Brazil,Santa Maria,,Brésil,,8
SMR,Santa Marta,Colombia,Simón Bolívar,,Colombie,,8
STD,Santo Domingo,Venezuela,Mayor Buenaventura Vivas,Saint-Domingue,,,8
YAM,Sault Sainte Marie,Canada,Sault Ste Marie,,,,8
SVA,Savoonga,United States,Savoonga,,États-Unis,USA US Etats Unis,8
VAS,Sivas,Turkey,Sivas Nuri Demirağ,,Turquie,,8
YYD,Smithers,Canada,Smithers,,,,8
SOG,Sogndal,Norway,Sogndal,,Norvège,,8
VIJ,Spanish Town,British Virgin Islands,Virgin Gorda,,,,8
YYH,Spence Bay,Canada,Taloyoak,,,,8
YIF,St-Augustin,Canada,St Augustin,,,,8
SFG,St. Martin,Guadeloupe,L'Espérance,,Guadeloupe,,8
SMK,St. Michael,United States,St Michael,,États-Unis,USA US Etats Unis,8
STW,Stavropol,Russia,Stavropol Shpakovskoye,,Russie,,8
URT,Surat Thani,Thailand,Surat Thani,,Thaïlande,,8
TBG,Tabubil,Papua New Guinea,Tabubil,,,,8
TMR,Tamanrasset,Algeria,Aguenar – Hadj Bey Akhamok,,Algérie,,8
TJQ,Tanjung Pandan,Indonesia,Buluh Tumbang (H A S Hanandjoeddin),,Indonésie,,8
TIM,Timika,Indonesia,Moses Kilangin,,Indonésie,,8
TWB,Toowoomba,Australia,Toowoomba,,Australie,,8
UBA,Uberaba,Brazil,Mário de Almeida Franco,,Brésil,,8
UCT,Ukhta,Russia,Ukhta,,Russie,,8
AYQ,Uluru,Australia,Ayers Rock Connellan,,Australie,,8
FAE,Vagar,Faroe Islands,Vagar,,,,8
VNX,Vilankulu,Mozambique,Vilankulo,,,,8
VHM,Vilhelmina,Sweden,Vilhelmina,,Suède,,8
MVY,Vineyard Haven MA,United States,Martha's Vineyard,,États-Unis,USA US Etats Unis,8
ART,Watertown,United States,Watertown,,États-Unis,USA US Etats Unis,8
WMO,White Mountain,United States,White Mountain,,États-Unis,USA US Etats Unis,8
BYC,Yacuiba,Bolivia,Yacuiba,,,,8
YIN,Yining,China,Yining,,Chine,,8
YNG,Youngstown,United States,Youngstown Warren Regional,,États-Unis,USA US Etats Unis,8
ATM,Altamira,Brazil,Altamira,,Brésil,,7
AKP,Anaktuvuk Pass,United States,Anaktuvuk Pass,,États-Unis,USA US Etats Unis,7
ANX,Andoya,Norway,Andøya,,Norvège,,7
YVB,Bonaventure,Canada,Bonaventure,,,,7
CAW,Campos,Brazil,Bartolomeu Lisandro,,Brésil,,7
CCV,Craig Cove,Vanuatu,Craig Cove,,,,7
YHD,Dryden,Canada,Dryden Regional,,,,7
DMB,Dzhambul,Kazakhstan,Taraz,,,,7
EDL,Eldoret,Kenya,Eldoret,,Kenya,,7
EMK,Emmonak,United States,Emmonak,,États-Unis,USA US Etats Unis,7
FKQ,Fak Fak,Indonesia,Fakfak,,Indonésie,,7
GLF,Golfito,Costa Rica,Golfito,,Costa Rica,,7
HNS,Haines,United States,Haines,,États-Unis,USA US Etats Unis,7
JIK,Ikaria,Greece,Ikaria,,Grèce,,7
YPH,Inukjuak,Canada,Inukjuak,,,,7
KYA,Konya,Turkey,Konya,,Turquie,,7
KOT,Kotlik,United States,Kotlik,,États-Unis,USA US Etats Unis,7
KWK,Kwigillingok,United States,Kwigillingok,,États-Unis,USA US Etats Unis,7
LNY,Lanai,United States,Lanai,,États-Unis,USA US Etats Unis,7
LRE,Longreach,Australia,Longreach,,Australie,,7
MRE,Masai Mara,Kenya,Mara Serena Lodge Airstrip,,Kenya,,7
MKK,Molokai,United States,Molokai,,États-Unis,USA US Etats Unis,7
MOZ,Moorea,French Polynesia,Moorea,,,,7
TMU,Nicoya,Costa Rica,Tambor,,Costa Rica,,7
PET,Pelotas,Brazil,João Simões Lopes Neto,,Brésil,,7
YPM,Pikangikum,Canada,Pikangikum,,,,7
UAS,Samburu South,Kenya,Buffalo Spring,,Kenya,,7
TMS,Sao Tome,Sao Tome and Principe,São Tomé,,,,7
EGM,Sege,Solomon Islands,Sege,,,,7
SGY,Skagway,United States,Skagway,,États-Unis,USA US Etats Unis,7
SKN,Stokmarknes,Norway,Stokmarknes Skagen,,Norvège,,7
TGM,Tirgu Mures,Romania,Transilvania Târgu Mureş,,Roumanie,,7
VLL,Valladolid,Spain,Valladolid,,Espagne,,7
JEG,Aasiaat,Greenland,Aasiaat,,,,6
MTV,Ablow,Vanuatu,Mota Lava,,,,6
AKI,Akiak,United States,Akiak,,États-Unis,USA US Etats Unis,6
LAQ,Al Bayda',Libya,La Abraq,,,,6
HOF,Al-ahsa,Saudi Arabia,Al Ahsa,,Arabie saoudite,,6
ALH,Albany,Australia,Albany,,Australie,,6
AXD,Alexandroupolis,Greece,Dimokritos,,Grèce,,6
AIA,Alliance,United States,Alliance Municipal,,États-Unis,USA US Etats Unis,6
AAQ,Anapa,Russia,Anapa Vityazevo,,Russie,,6
AZN,Andizhan,Uzbekistan,Andizhan,,,,6
AOG,Anshan,China,Anshan Air Base,,Chine,,6
ANM,Antalaha,Madagascar,Antsirabato,,,,6
ANV,Anvik,United States,Anvik,,États-Unis,USA US Etats Unis,6
ACV,Arcata CA,United States,California Redwood Coast-Humboldt County,,États-Unis,USA US Etats Unis,6
ADU,Ardabil,Iran,Ardabil,,,,6
ATC,Arthur's Town,Bahamas,Arthur's Town,,Bahamas,,6
YPJ,Aupaluk,Canada,Aupaluk,,,,6
AEB,Baise,China,Baise Youjiang,,Chine,,6
BPX,Bangda,China,Qamdo Bangda,,Chine,,6
BGF,Bangui,Central African Republic,Bangui M'Poko,,,,6
BNX,Banja Luka,Bosnia and Herzegovina,Banja Luka,,,,6
BAX,Barnaul,Russia,Barnaul,,Russie,,6
BAL,Batman,Turkey,Batman,,Turquie,,6
JTC,Bauru,Brazil,Bauru - Arealva,,Brésil,,6
BMU,Bima,Indonesia,Muhammad Salahuddin,,Indonésie,,6
BHH,Bisha,Saudi Arabia,Bisha,,Arabie saoudite,,6
BVB,Boa Vista,Brazil,Atlas Brasil Cantanhede,,Brésil,,6
BRO,Brownsville,United States,Brownsville South Padre Island,,États-Unis,USA US Etats Unis,6
BQK,Brunswick,United States,Brunswick Golden Isles,,États-Unis,USA US Etats Unis,6
BQB,Brusselton,Australia,Busselton Regional,,Australie,,6
BWT,Burnie,Australia,Wynyard,,Australie,,6
USU,Busuanga,Philippines,Francisco B. Reyes,,Philippines,,6
BZG,Bydgoszcz,Poland,Bydgoszcz Ignacy Jan Paderewski,,Pologne,,6
CFB,Cabo Frio,Brazil,Cabo Frio,,Brésil,,6
CMW,Camaguey,Cuba,Ignacio Agramonte,Camagüey,Cuba,,6
VCA,Can Tho,Vietnam,Can Tho,,Viêt Nam,,6
CAP,Cap Haitien,Haiti,Cap Haitien,,Haïti,,6
YTE,Cape Dorset,Canada,Cape Dorset,,,,6
CAC,Cascavel,Brazil,Cascavel,,Brésil,,6
CPR,Casper,United States,Casper-Natrona County,,États-Unis,USA US Etats Unis,6
DCM,Castres,France,Castres-Mazamet,,,,6
TBI,Cat Island,Bahamas,New Bight,,Bahamas,,6
CXJ,Caxias Do Sul,Brazil,Hugo Cantergiani Regional,,Brésil,,6
CDR,Chadron,United States,Chadron Municipal,,États-Unis,USA US Etats Unis,6
CHG,Chaoyang,China,Chaoyang,,Chine,,6
CYF,Chefornak,United States,Chefornak,,États-Unis,USA US Etats Unis,6
YMT,Chibougamau,Canada,Chapais,,,,6
LUK,Cincinnati,United States,Cincinnati Municipal Lunken Field,,États-Unis,USA US Etats Unis,6
CME,Ciudad Del Carmen,Mexico,Ciudad del Carmen,,Mexique,,6
OCC,Coca,Ecuador,Francisco De Orellana,,,,6
CLQ,Colima,Mexico,Licenciado Miguel de la Madrid,,Mexique,,6
CLL,College Station,United States,Easterwood Field,,États-Unis,USA US Etats Unis,6
CSG,Columbus,United States,Columbus Metropolitan,,États-Unis,USA US Etats Unis,6
GTR,Columbus Mississippi,United States,Golden Triangle Regional,,États-Unis,USA US Etats Unis,6
CDV,Cordova,United States,Merle K (Mudhole) Smith,,États-Unis,USA US Etats Unis,6
CBO,Cotabato,Philippines,Awang,,Philippines,,6
CXB,Cox's Bazar,Bangladesh,Cox's Bazar,,,,6
CUE,Cuenca,Ecuador,Mariscal Lamar,,,,6
VIL,Dakhla,Western Sahara,Dakhla,,,,6
DLG,Dillingham,United States,Dillingham,,États-Unis,USA US Etats Unis,6
DNR,Dinard,France,Dinard-Pleurtuit-Saint-Malo,,,,6
DIR,Dire Dawa,Ethiopia,Aba Tenna Dejazmach Yilma,,,,6
DLE,Dole,France,Dole-Tavaux,,,,6
DMD,Doomadgee,Australia,Doomadgee,,Australie,,6
DHN,Dothan,United States,Dothan Regional,,États-Unis,USA US Etats Unis,6
DOU,Dourados,Brazil,Dourados,,Brésil,,6
DBO,Dubbo,Australia,Dubbo City Regional,,Australie,,6
EEK,Eek,United States,Eek,,États-Unis,USA US Etats Unis,6
VIG,El Vigía,Venezuela,Juan Pablo Pérez Alfonso,,,,6
ABT,El-baha,Saudi Arabia,Al Baha,,Arabie saoudite,,6
ENU,Enugu,Nigeria,Akanu Ibiam,,,,6
ERC,Erzincan,Turkey,Erzincan,,Turquie,,6
ESM,Esmeraldas,Ecuador,General Rivadeneira,,,,6
EQS,Esquel,Argentina,Brigadier Antonio Parodi,,Argentine,,6
ESU,Essadouira,Morocco,Mogador,,Maroc,,6
FEN,Fernando Do Noronha,Brazil,Fernando de Noronha,,Brésil,,6
FRS,Flores,Guatemala,Mundo Maya,,,,6
YFH,Fort Hope,Canada,Fort Hope,,,,6
YYE,Fort Nelson,Canada,Fort Nelson,,,,6
GAN,Gan Island,Maldives,Gan,,,,6
YQX,Gander,Canada,Gander,,,,6
ZGU,Gaua Island,Vanuatu,Gaua Island,,,,6
GET,Geraldton,Australia,Geraldton,,Australie,,6
GCC,Gillette,United States,Gillette Campbell County,,États-Unis,USA US Etats Unis,6
GOM,Goma,Congo (Kinshasa),Goma,,,,6
GST,Gustavus,United States,Gustavus,,États-Unis,USA US Etats Unis,6
GWD,Gwadar,Pakistan,Gwadar,,,,6
MQT,Gwinn,United States,Sawyer,,États-Unis,USA US Etats Unis,6
YGV,Havre-Saint-Pierre,Canada,Havre St Pierre,,,,6
YHY,Hay River,Canada,Hay River / Merlyn Carter,,,,6
HEK,Heihe,China,Heihe,,Chine,,6
VDE,Hierro,Spain,Hierro,,Espagne,,6
YHI,Holman Island,Canada,Ulukhaktok Holman,,,,6
HCR,Holy Cross,United States,Holy Cross,,États-Unis,USA US Etats Unis,6
HNH,Hoonah,United States,Hoonah,,États-Unis,USA US Etats Unis,6
NOV,Huambo,Angola,Nova Lisboa,,,,6
HUX,Huatulco,Mexico,Bahías de Huatulco,,Mexique,,6
HON,Huron,United States,Huron Regional,,États-Unis,USA US Etats Unis,6
TLN,Hyeres,France,Toulon-Hyères,,,,6
IBE,Ibague,Colombia,Perales,,Colombie,,6
YGR,Iles De La Madeleine,Canada,Îles-de-la-Madeleine,,,,6
INH,Inhambane,Mozambique,Inhambane,,,,6
IPN,Ipatinga,Brazil,Usiminas,,Brésil,,6
IPA,Ipota,Vanuatu,Ipota,,,,6
JLR,Jabalpur,India,Jabalpur,,Inde,,6
JSR,Jessore,Bangladesh,Jessore,,,,6
JIJ,Jijiga,Ethiopia,Wilwal,,,,6
JCB,Joacaba,Brazil,Santa Terezinha,,Brésil,,6
KCM,Kahramanmaras,Turkey,Kahramanmaraş,,Turquie,,6
KLR,Kalkmar,Sweden,Kalmar,,Suède,,6
KAL,Kaltag,United States,Kaltag,,États-Unis,USA US Etats Unis,6
KGA,Kananga,Congo (Kinshasa),Kananga,,,,6
YKG,Kangirsuk,Canada,Kangirsuk,,,,6
KSY,Kars,Turkey,Kars,,Turquie,,6
KEJ,Kemorovo,Russia,Kemerovo,,Russie,,6
ENA,Kenai,United States,Kenai Municipal,,États-Unis,USA US Etats Unis,6
YQK,Kenora,Canada,Kenora,,,,6
KPN,Kipnuk,United States,Kipnuk,,États-Unis,USA US Etats Unis,6
IRA,Kirakira,Solomon Islands,Ngorangora,,,,6
KVX,Kirov,Russia,Pobedilovo,,Russie,,6
KRN,Kiruna,Sweden,Kiruna,,Suède,,6
KKJ,Kitakyushu,Japan,Kitakyūshū,,Japon,,6
KVL,Kivalina,United States,Kivalina,,États-Unis,USA US Etats Unis,6
KLW,Klawock,United States,Klawock,,États-Unis,USA US Etats Unis,6
OBU,Kobuk,United States,Kobuk,,États-Unis,USA US Etats Unis,6
KKH,Kongiganak,United States,Kongiganak,,États-Unis,USA US Etats Unis,6
KSN,Kostanay,Kazakhstan,Kostanay West,,,,6
KOK,Kruunupyy,Finland,Kokkola-Pietarsaari,,Finlande,,6
AKF,Kufra,Libya,Kufra,,,,6
KWA,Kwajalein,Marshall Islands,Bucholz Army Air Field,,,,6
KWT,Kwethluk,United States,Kwethluk,,États-Unis,USA US Etats Unis,6
LSE,La Crosse,United States,La Crosse Municipal,,États-Unis,USA US Etats Unis,6
FON,La Fortuna/San Carlos,Costa Rica,Arenal,,Costa Rica,,6
YGL,La Grande Riviere,Canada,La Grande Rivière,,,,6
JBQ,La Isabela,Dominican Republic,La Isabela,,République dominicaine,,6
LCH,Lake Charles,United States,Lake Charles Regional,,États-Unis,USA US Etats Unis,6
LLI,Lalibella,Ethiopia,Lalibella,,,,6
LFM,Lamerd,Iran,Lamerd,,,,6
LMP,Lampedusa,Italy,Lampedusa,,Italie,,6
LUV,Langgur-Kei Islands,Indonesia,Dumatumbun,,Indonésie,,6
LPP,Lappeenranta,Finland,Lappeenranta,,Finlande,,6
LBE,Latrobe,United States,Arnold Palmer Regional,,États-Unis,USA US Etats Unis,6
LWY,Lawas,Malaysia,Lawas,,,,6
LEA,Learmonth,Australia,Learmonth,,Australie,,6
LKN,Leknes,Norway,Leknes,,Norvège,,6
LIF,Lifou,New Caledonia,Lifou,,,,6
LNK,Lincoln,United States,Lincoln,,États-Unis,USA US Etats Unis,6
HZH,Liping,China,Liping,,Chine,,6
TOH,Loh/Linua,Vanuatu,Torres Airstrip,,,,6
LNE,Lonorore,Vanuatu,Lonorore,,,,6
LDH,Lord Howe Island,Australia,Lord Howe Island,,Australie,,6
YBX,Lourdes-De-Blanc-Sablon,Canada,Lourdes de Blanc Sablon,,,,6
SDD,Lubango,Angola,Lubango,,,,6
MCP,Macapa,Brazil,Alberto Alcolumbre,,Brésil,,6
MJN,Mahajanga,Madagascar,Amborovy,,,,6
MQX,Makale,Ethiopia,Mekele,,,,6
MLG,Malang,Indonesia,Abdul Rachman Saleh,,Indonésie,,6
XMH,Manihi,French Polynesia,Manihi,,,,6
MNG,Maningrida,Australia,Maningrida,,Australie,,6
MDQ,Mar Del Plata,Argentina,Ástor Piazzola,,Argentine,,6
TVU,Matei,Fiji,Matei,,,,6
MAU,Maupiti,French Polynesia,Maupiti,,,,6
SPP,Menongue,Angola,Menongue,,,,6
MKQ,Merauke,Indonesia,Mopah,,Indonésie,,6
MIM,Merimbula,Australia,Merimbula,,Australie,,6
MTM,Metakatla,United States,Metlakatla Seaplane Base,,États-Unis,USA US Etats Unis,6
MVP,Mitu,Colombia,Fabio Alberto Leon Bentley,,Colombie,,6
OHE,Mohe County,China,Gu-Lian,,Chine,,6
MTR,Monteria,Colombia,Los Garzones,,Colombie,,6
MOC,Montes Claros,Brazil,Mário Ribeiro,,Brésil,,6
YMO,Moosonee,Canada,Moosonee,,,,6
MOV,Moranbah,Australia,Moranbah,,Australie,,6
ONG,Mornington Island,Australia,Mornington Island,,Australie,,6
MXH,Moro,Papua New Guinea,Moro,,,,6
OSM,Mosul,Iraq,Mosul,,,,6
MSR,Mus,Turkey,Muş,,Turquie,,6
NPE,NAPIER,New Zealand,Hawke's Bay,,Nouvelle-Zélande,,6
NBX,Nabire,Indonesia,Nabire,,Indonésie,,6
OSY,Namsos,Norway,Namsos Høknesøra,,Norvège,,6
INU,Nauru,Nauru,Nauru,,,,6
EAM,Nejran,Saudi Arabia,Nejran,,Arabie saoudite,,6
NPL,New Plymouth,New Zealand,New Plymouth,,Nouvelle-Zélande,,6
NRL,North Ronaldsay,United Kingdom,North Ronaldsay,,Royaume-Uni,Angleterre GB Grande-Bretagne,6
NUL,Nulato,United States,Nulato,,États-Unis,USA US Etats Unis,6
TZL,Null,Bosnia and Herzegovina,Tuzla,,,,6
OBO,Obihiro,Japan,Tokachi-Obihiro,,Japon,,6
ORU,Oruro,Bolivia,Juan Mendoza,,,,6
PLQ,Palanga,Lithuania,Palanga,,,,6
PKY,Palangkaraya,Indonesia,Tjilik Riwut,,Indonésie,,6
PMZ,Palmar Sur,Costa Rica,Palmar Sur,,Costa Rica,,6
PNL,Pantelleria,Italy,Pantelleria,,Italie,,6
PPW,Papa Westray,United Kingdom,Papa Westray,,Royaume-Uni,Angleterre GB Grande-Bretagne,6
PBO,Paraburdoo,Australia,Paraburdoo,,Australie,,6
PSO,Pasto,Colombia,Antonio Narino,,Colombie,,6
GPA,Patras,Greece,Araxos,,Grèce,,6
PWQ,Pavlodar,Kazakhstan,Pavlodar,,,,6
PHS,Phitsanulok,Thailand,Phitsanulok,,Thaïlande,,6
UIH,Phucat,Vietnam,Phu Cat,,Viêt Nam,,6
PXU,Pleiku,Vietnam,Pleiku,,Viêt Nam,,6
KPO,Pohang,South Korea,Pohang (G-815/K-3),,Corée du Sud,,6
PNI,Pohnpei,Micronesia,Pohnpei,,,,6
STG,Point Barrow,United States,St George,,États-Unis,USA US Etats Unis,6
YIO,Pond Inlet,Canada,Pond Inlet,,,,6
POR,Pori,Finland,Pori,,Finlande,,6
PXO,Porto Santo,Portugal,Porto Santo,,Portugal,,6
PPP,Prosserpine,Australia,Proserpine Whitsunday Coast,,Australie,,6
PVU,Provo,United States,Provo Municipal,,États-Unis,USA US Etats Unis,6
PCR,Puerto Carreno,Colombia,German Olano,,Colombie,,6
PXM,Puerto Escondido,Mexico,Puerto Escondido,,Mexique,,6
PDA,Puerto Inírida,Colombia,Obando,,Colombie,,6
PEM,Puerto Maldonado,Peru,Padre Aldamiz,,Pérou,,6
PDP,Punta del Este,Uruguay,Capitan Corbeta CA Curbelo,,,,6
DRK,Puntarenas,Costa Rica,Drake Bay,,Costa Rica,,6
NAQ,Qaanaaq,Greenland,Qaanaaq,,,,6
UEL,Quelimane,Mozambique,Quelimane,,,,6
RYK,Rahim Yar Khan,Pakistan,Shaikh Zaid,,,,6
RJA,Rajahmundry,India,Rajahmundry,,Inde,,6
RAJ,Rajkot,India,Rajkot,,Inde,,6
YQF,Red Deer Industrial,Canada,Red Deer Regional,,,,6
RMI,Rimini,Italy,Federico Fellini,,Italie,,6
RKS,Rock Springs,United States,Southwest Wyoming Regional,,États-Unis,USA US Etats Unis,6
RMA,Roma,Australia,Roma,,Australie,,6
RNB,Ronneby,Sweden,Ronneby,,Suède,,6
ROT,Rotorua,New Zealand,Rotorua Regional,,Nouvelle-Zélande,,6
RXS,Roxas City,Philippines,Roxas,,Philippines,,6
RVK,Rørvik,Norway,"Rørvik, Ryum",,Norvège,,6
ISC,ST MARY\'S,United Kingdom,St. Mary's,,Royaume-Uni,Angleterre GB Grande-Bretagne,6
HIN,Sacheon,South Korea,Sacheon Air Base/Airport,,Corée du Sud,,6
SMS,Sainte Marie,Madagascar,Sainte Marie,,,,6
SVB,Sambava,Madagascar,Sambava,,,,6
EAS,San Sebastian,Spain,San Sebastian,,Espagne,,6
ZSJ,Sandy Lake,Canada,Sandy Lake,,,,6
SUG,Sangley Point,Philippines,Surigao,,Philippines,,6
YSK,Sanikiluaq,Canada,Sanikiluaq,,,,6
SMA,Santa Maria (island),Portugal,Santa Maria,,Portugal,,6
SJK,Sao Jose Dos Campos,Brazil,Professor Urbano Ernesto Stumpf,,Brésil,,6
ZVK,Savannakhet,Laos,Savannakhet,,,,6
SVU,Savusavu,Fiji,Savusavu,,,,6
PLX,Semiplatinsk,Kazakhstan,Semipalatinsk,,,,6
SHX,Shageluk,United States,Shageluk,,États-Unis,USA US Etats Unis,6
SHH,Shishmaref,United States,Shishmaref,,États-Unis,USA US Etats Unis,6
SHG,Shungnak,United States,Shungnak,,États-Unis,USA US Etats Unis,6
GIU,Sigiriya,Sri Lanka,Sigiriya Air Force Base,,,,6
SYM,Simao,China,Pu'er Simao,,Chine,,6
OPS,Sinop,Brazil,Presidente João Batista Figueiredo,,Brésil,,6
JHS,Sisimiut,Greenland,Sisimiut,,,,6
SIT,Sitka,United States,Sitka Rocky Gutierrez,,États-Unis,USA US Etats Unis,6
AKY,Sittwe,Burma,Sittwe,,,,6
SFT,Skelleftea,Sweden,Skellefteå,,Suède,,6
SKU,Skiros,Greece,Skiros,,Grèce,,6
SLH,Sola,Vanuatu,Sola,,,,6
SZA,Soyo,Angola,Soyo,,,,6
YAY,St. Anthony,Canada,St. Anthony,,,,6
YSJ,St. John,Canada,Saint John,,,,6
SNP,St. Paul Island,United States,St Paul Island,,États-Unis,USA US Etats Unis,6
ZSE,St.-pierre,Reunion,Pierrefonds,,,,6
FSP,St.-pierre,Saint Pierre and Miquelon,St Pierre,,,,6
SRP,Stord,Norway,Stord,,Norvège,,6
STV,Surat,India,Surat,,Inde,,6
LYR,Svalbard,Norway,"Svalbard, Longyear",,Norvège,,6
SVJ,Svolvær,Norway,Svolvær Helle,,Norvège,,6
TAG,Tagbilaran,Philippines,Tagbilaran,,Philippines,,6
TML,Tamale,Ghana,Tamale,,,,6
TNJ,Tanjung Pinang,Indonesia,Raja Haji Fisabilillah,,Indonésie,,6
BEJ,Tanjung Redep-Borneo Island,Indonesia,Kalimarau,,Indonésie,,6
TRW,Tarawa,Kiribati,Bonriki,,,,6
TIZ,Tari,Papua New Guinea,Tari,,,,6
TRG,Tauranga,New Zealand,Tauranga,,Nouvelle-Zélande,,6
MME,Teesside,United Kingdom,Durham Tees Valley,,Royaume-Uni,Angleterre GB Grande-Bretagne,6
SDV,Tel-aviv,Israel,Sde Dov,,Israël,,6
TLA,Teller,United States,Teller,,États-Unis,USA US Etats Unis,6
ZCO,Temuco,Chile,La Araucanía,,Chili,,6
TPQ,Tepic,Mexico,Amado Nervo National,,Mexique,,6
OOK,Toksook Bay,United States,Toksook Bay,,États-Unis,USA US Etats Unis,6
TLE,Toliara,Madagascar,Toliara,,,,6
TOE,Tozeur,Tunisia,Tozeur Nefta,,Tunisie,,6
TSJ,Tsushima,Japan,Tsushima,,Japon,,6
TUG,Tuguegarao,Philippines,Tuguegarao,,Philippines,,6
TYR,Tyler,United States,Tyler Pounds Regional,,États-Unis,USA US Etats Unis,6
UAH,Ua Huka,French Polynesia,Ua Huka,,,,6
UAP,Ua Pou,French Polynesia,Ua Pou,,,,6
UBP,Ubon Ratchathani,Thailand,Ubon Ratchathani,,Thaïlande,,6
UKA,Ukunda,Kenya,Ukunda Airstrip,,Kenya,,6
USN,Ulsan,South Korea,Ulsan,,Corée du Sud,,6
YUD,Umiujaq,Canada,Umiujaq,,,,6
DUT,Unalaska,United States,Unalaska,,États-Unis,USA US Etats Unis,6
URJ,Uraj,Russia,Uray,,Russie,,6
URA,Uralsk,Kazakhstan,Uralsk,,,,6
OMH,Uromiyeh,Iran,Urmia,,,,6
VLD,Valdosta,United States,Valdosta Regional,,États-Unis,USA US Etats Unis,6
VAI,Vanimo,Papua New Guinea,Vanimo,,,,6
VAW,Vardø,Norway,"Vardø, Svartnes",,Norvège,,6
VST,Vasteras,Sweden,Stockholm Västerås,,Suède,,6
VGA,Vijayawada,India,Vijayawada,,Inde,,6
WGA,Wagga Wagga,Australia,Wagga Wagga City,,Australie,,6
TMC,Waikabubak-Sumba Island,Indonesia,Tambolaka,,Indonésie,,6
WLS,Wallis,Wallis and Futuna,Hihifo,,,,6
WVB,Walvis Bay,Namibia,Walvis Bay,,,,6
YKF,Waterloo,Canada,Waterloo,,,,6
ATY,Watertown,United States,Watertown Regional,,États-Unis,USA US Etats Unis,6
ERS,Windhoek,Namibia,Eros,,,,6
YQG,Windsor,Canada,Windsor,,,,6
BHE,Woodbourne,New Zealand,Woodbourne,,Nouvelle-Zélande,,6
WRL,Worland,United States,Worland Municipal,,États-Unis,USA US Etats Unis,6
WUZ,Wuzhou,China,Wuzhou Changzhoudao,,Chine,,6
GAJ,Yamagata,Japan,Yamagata,,Japon,,6
UBJ,Yamaguchi,Japan,Yamaguchi Ube,,Japon,,6
RSU,Yeosu,South Korea,Yeosu,,Corée du Sud,,6
LLF,Yongzhou,China,Lingling,,Chine,,6
YUM,Yuma,United States,Yuma MCAS/Yuma,,États-Unis,USA US Etats Unis,6
YZY,Zhangye,China,Zhangye Ganzhou,,Chine,,6
ZAT,Zhaotong,China,Zhaotong,,Chine,,6
HJJ,Zhijiang,China,Zhijiang,,Chine,,6
OUZ,Zouerat,Mauritania,Tazadit,,,,6
AGH,Ängelholm,Sweden,Ängelholm-Helsingborg,,Suède,,6
OSD,Östersund,Sweden,Åre Östersund,,Suède,,6
AHE,Ahe,French Polynesia,Ahe,,,,5
AIT,Aitutaki,Cook Islands,Aitutaki,,,,5
AET,Allakaket,United States,Allakaket,,États-Unis,USA US Etats Unis,5
MEU,Almeirim,Brazil,Monte Dourado,,Brésil,,5
ULB,Ambryn Island,Vanuatu,Uléi,,,,5
YAX,Angling Lake,Canada,Wapekeka,,,,5
HYA,Barnstable,United States,Barnstable Municipal Boardman Polando Field,,États-Unis,USA US Etats Unis,5
BOC,Bocas Del Toro,Panama,Bocas Del Toro,,Panama,,5
CAB,Cabinda,Angola,Cabinda,,,,5
CYB,Cayman Brac,Cayman Islands,Gerrard Smith,,,,5
CYO,Cayo Largo del Sur,Cuba,Vilo Acuña,,Cuba,,5
CKB,Clarksburg,United States,North Central West Virginia,,États-Unis,USA US Etats Unis,5
CIJ,Cobija,Bolivia,Capitán Aníbal Arab,,,,5
DEA,Dera Ghazi Khan,Pakistan,Dera Ghazi Khan,,,,5
ELD,El Dorado,United States,South Arkansas Regional At Goodwin Field,,États-Unis,USA US Etats Unis,5
ERM,Erechim,Brazil,Erechim,,Brésil,,5
EPR,Esperance,Australia,Esperance,,Australie,,5
YAG,Fort Frances,Canada,Fort Frances Municipal,,,,5
YER,Fort Severn,Canada,Fort Severn,,,,5
HVG,Honningsvag,Norway,Valan,,Norvège,,5
INZ,In Salah,Algeria,In Salah,,Algérie,,5
JYV,Jyvaskyla,Finland,Jyvaskyla,,Finlande,,5
KNG,Kaimana,Indonesia,Kaimana,,Indonésie,,5
KEM,Kemi,Finland,Kemi-Tornio,,Finlande,,5
FKI,Kisangani,Congo (Kinshasa),Bangoka,,,,5
KIS,Kisumu,Kenya,Kisumu,,Kenya,,5
MOF,Maumere,Indonesia,Maumere(Wai Oti),,Indonésie,,5
MDK,Mbandaka,Congo (Kinshasa),Mbandaka,,,,5
JNS,Narsaq,Greenland,Narsaq Heliport,,,,5
EWB,New Bedford,United States,New Bedford Regional,,États-Unis,USA US Etats Unis,5
NME,Nightmute,United States,Nightmute,,États-Unis,USA US Etats Unis,5
WTK,Noatak,United States,Noatak,,États-Unis,USA US Etats Unis,5
NLK,Norfolk Island,Norfolk Island,Norfolk Island,,,,5
RVT,Ravensthorpe,Australia,Ravensthorpe,,Australie,,5
ZRJ,Round Lake,Canada,Round Lake (Weagamow Lake),,,,5
RUR,Rurutu,French Polynesia,Rurutu,,,,5
HSG,Saga,Japan,Saga,,Japon,,5
NDY,Sanday,United Kingdom,Sanday,,Royaume-Uni,Angleterre GB Grande-Bretagne,5
SOJ,Sorkjosen,Norway,Sørkjosen,,Norvège,,5
SPI,Springfield,United States,Abraham Lincoln Capital,,États-Unis,USA US Etats Unis,5
TKX,Takaroa,French Polynesia,Takaroa,,,,5
TIH,Tikehau,French Polynesia,Tikehau,,,,5
TUB,Tubuai,French Polynesia,Tubuai,,,,5
WNN,Wunnumin Lake,Canada,Wunnumin Lake,,,,5
DWD,,Saudi Arabia,King Salman Abdulaziz,,Arabie saoudite,,4
YXX,Abbotsford,Canada,Abbotsford,,,,4
ABI,Abilene,United States,Abilene Regional,,États-Unis,USA US Etats Unis,4
ADF,Adiyaman,Turkey,Adıyaman,,Turquie,,4
AGF,Agen,France,Agen-La Garenne,,,,4
AGR,Agra,India,Agra,,Inde,,4
AJI,Agri,Turkey,Ağrı,,Turquie,,4
AKV,Akulivik,Canada,Akulivik,,,,4
AAN,Al Ain,United Arab Emirates,Al Ain,,Émirats arabes unis,,4
AJF,Al-Jawf,Saudi Arabia,Al-Jawf Domestic,,Arabie saoudite,,4
ULH,Al-Ula,Saudi Arabia,Majeed Bin Abdulaziz,,Arabie saoudite,,4
AUK,Alakanuk,United States,Alakanuk,,États-Unis,USA US Etats Unis,4
ACI,Alderney,Guernsey,Alderney,,,,4
BIM,Alice Town,Bahamas,South Bimini,,Bahamas,,4
IXD,Allahabad,India,Allahabad,,Inde,,4
LLU,Alluitsup Paa,Greenland,Alluitsup Paa Heliport,,,,4
APN,Alpena,United States,Alpena County Regional,,États-Unis,USA US Etats Unis,4
AAT,Altay,China,Altay Air Base,,Chine,,4
ACH,Altenrhein,Switzerland,St Gallen Altenrhein,,Suisse,,4
AOO,Altoona,United States,Altoona Blair County,,États-Unis,USA US Etats Unis,4
ASJ,Amami,Japan,Amami,,Japon,,4
DYR,Anadyr,Russia,Ugolny,,Russie,,4
AWD,Aniwa,Vanuatu,Aniwa,,,,4
ANR,Antwerp,Belgium,Antwerp (Deurne),,Belgique,,4
AQJ,Aqaba,Jordan,Aqaba King Hussein,,,,4
ARU,Aracatuba,Brazil,Araçatuba,,Brésil,,4
RAE,Arar,Saudi Arabia,Arar Domestic,,Arabie saoudite,,4
ACR,Araracuara,Colombia,Araracuara,,Colombie,,4
AUC,Arauca,Colombia,Santiago Perez,,Colombie,,4
YAB,Arctic Bay,Canada,Old Arctic Bay,,,,4
AXM,Armenia,Colombia,El Eden,,Colombie,,4
ARM,Armidale,Australia,Armidale,,Australie,,4
AJR,Arvidsjaur,Sweden,Arvidsjaur,,Suède,,4
ABB,Asaba,Nigeria,Asaba,,,,4
ASE,Aspen,United States,Aspen-Pitkin Co/Sardy Field,,États-Unis,USA US Etats Unis,4
ATK,Atqasuk,United States,Atqasuk Edward Burnell Sr Memorial,,États-Unis,USA US Etats Unis,4
YAT,Attawapiskat,Canada,Attawapiskat,,,,4
AUU,Aurukun,Australia,Aurukun,,Australie,,4
AVN,Avignon,France,Avignon-Caumont,,,,4
AXU,Axum,Ethiopia,Axum,,,,4
AYP,Ayacucho,Peru,Coronel FAP Alfredo Mendivil Duarte,,Pérou,,4
BJZ,Badajoz,Spain,Badajoz,,Espagne,,4
BAY,Baia Mare,Romania,Tautii Magheraus,,Roumanie,,4
BDH,Bandar Lengeh,Iran,Bandar Lengeh,,,,4
MRX,Bandar Mahshahr,Iran,Mahshahr,,,,4
BSD,Baoshan,China,Baoshan Yunduan,,Chine,,4
BNS,Barinas,Venezuela,Barinas,,,,4
BBN,Bario,Malaysia,Bario,,,,4
BTI,Barter Island,United States,Barter Island LRRS,,États-Unis,USA US Etats Unis,4
BSO,Basco,Philippines,Basco,,Philippines,,4
BSG,Bata,Equatorial Guinea,Bata,,,,4
BHS,Bathurst,Australia,Bathurst,,Australie,,4
BYN,Bayankhongor,Mongolia,Bayankhongor,,,,4
BPT,Beaumont,United States,Southeast Texas Regional,,États-Unis,USA US Etats Unis,4
WBQ,Beaver,United States,Beaver,,États-Unis,USA US Etats Unis,4
BEU,Bedourie,Australia,Bedourie,,Australie,,4
BEB,Benbecula,United Kingdom,Benbecula,,Royaume-Uni,Angleterre GB Grande-Bretagne,4
BNC,Beni,Congo (Kinshasa),Beni,,,,4
BNI,Benin,Nigeria,Benin,,,,4
BHU,Bhaunagar,India,Bhavnagar,,Inde,,4
BHJ,Bhuj,India,Bhuj,,Inde,,4
BGG,Bingol,Turkey,Bingöl Çeltiksuyu,,Turquie,,4
BVI,Birdsville,Australia,Birdsville,,Australie,,4
XBJ,Birjand,Iran,Birjand,,,,4
BOY,Bobo-dioulasso,Burkina Faso,Bobo Dioulasso,,,,4
ODO,Bodaibo,Russia,Bodaybo,,Russie,,4
BZO,Bolzano,Italy,Bolzano,,Italie,,4
BLE,Borlange,Sweden,Borlange,,Suède,,4
BQL,Boulia,Australia,Boulia,,Australie,,4
BFD,Bradford,United States,Bradford Regional,,États-Unis,USA US Etats Unis,4
BRD,Brainerd,United States,Brainerd Lakes Regional,,États-Unis,USA US Etats Unis,4
YVM,Broughton Island,Canada,Qikiqtarjuaq,,,,4
BUN,Buenaventura,Colombia,Gerardo Tobar López,,Colombie,,4
BKY,Bukavu/kavumu,Congo (Kinshasa),Bukavu Kavumu,,,,4
BDB,Bundaberg,Australia,Bundaberg,,Australie,,4
BUX,Bunia,Congo (Kinshasa),Bunia,,,,4
BUC,Burketown,Australia,Burketown,,Australie,,4
BRL,Burlington,United States,Southeast Iowa Regional,,États-Unis,USA US Etats Unis,4
CFC,Cacador,Brazil,Caçador,,Brésil,,4
CJA,Cajamarca,Peru,Mayor General FAP Armando Revoredo Iglesias,,Pérou,,4
CBQ,Calabar,Nigeria,Margaret Ekpo,,,,4
CLV,Caldas Novas,Brazil,Nelson Ribeiro Guimarães,,Brésil,,4
CPE,Campeche,Mexico,Ingeniero Alberto Acuña Ongay,,Mexique,,4
CPV,Campina Grande,Brazil,Presidente João Suassuna,,Brésil,,4
YCG,Castlegar,Canada,Castlegar/West Kootenay Regional,,,,4
YAC,Cat Lake,Canada,Cat Lake,,,,4
CRM,Catarman,Philippines,Catarman National,,Philippines,,4
CBT,Catumbela,Angola,Catumbela,,,,4
CIK,Chalkyitsik,United States,Chalkyitsik,,États-Unis,USA US Etats Unis,4
XCR,Chalons,France,Châlons-Vatry,,,,4
YCL,Charlo,Canada,Charlo,,,,4
CSY,Cheboksary,Russia,Cheboksary,,Russie,,4
CYX,Cherskiy,Russia,Cherskiy,,Russie,,4
VAK,Chevak,United States,Chevak,,États-Unis,USA US Etats Unis,4
CJL,Chitral,Pakistan,Chitral,,,,4
CKH,Chokurdah,Russia,Chokurdakh,,Russie,,4
XCH,Christmas Island,Christmas Island,Christmas Island,,,,4
VCL,Chu Lai,Vietnam,Chu Lai,,Viêt Nam,,4
ZUM,Churchill Falls,Canada,Churchill Falls,,,,4
TKK,Chuuk,Micronesia,Chuuk,,,,4
CVM,Ciudad Victoria,Mexico,General Pedro Jose Mendez,,Mexique,,4
COD,Cody,United States,Yellowstone Regional,,États-Unis,USA US Etats Unis,4
CRI,Colonel Hill,Bahamas,Colonel Hill,,Bahamas,,4
LCK,Columbus,United States,Rickenbacker,,États-Unis,USA US Etats Unis,4
VCS,Conson,Vietnam,Co Ong,,Viêt Nam,,4
CZU,Corozal,Colombia,Las Brujas,,Colombie,,4
CVU,Corvo,Portugal,Corvo,,Portugal,,4
CRA,Craiova,Romania,Craiova,,Roumanie,,4
CEC,Crescent City,United States,Jack Mc Namara Field,,États-Unis,USA US Etats Unis,4
CCM,Criciuma,Brazil,Diomício Freitas,,Brésil,,4
CMA,Cunnamulla,Australia,Cunnamulla,,Australie,,4
JNX,Cyclades Islands,Greece,Naxos,,Grèce,,4
DRV,DHARAVANDHOO,Maldives,Dharavandhoo,,,,4
DAV,David,Panama,Enrique Malek,,Panama,,4
TVY,Dawei,Burma,Dawei,,,,4
YDQ,Dawson Creek,Canada,Dawson Creek,,,,4
LGI,Dead Man's Cay,Bahamas,Deadman's Cay,,Bahamas,,4
DOL,Deauville,France,Deauville-Saint-Gatien,,,,4
DEB,Debrecen,Hungary,Debrecen,,Hongrie,,4
DEC,Decatur,United States,Decatur,,États-Unis,USA US Etats Unis,4
YWJ,Deline,Canada,Déline,,,,4
DNZ,Denizli,Turkey,Çardak,,Turquie,,4
DSK,Dera Ismael Khan,Pakistan,Dera Ismael Khan,,,,4
DCN,Derby,Australia,RAAF Base Curtin,,Australie,,4
DIK,Dickinson,United States,Dickinson Theodore Roosevelt Regional,,États-Unis,USA US Etats Unis,4
DLY,Dillon's Bay,Vanuatu,Dillon's Bay,,,,4
DMU,Dimapur,India,Dimapur,,Inde,,4
DIU,Diu,India,Diu,,Inde,,4
VDH,Dong Hoi,Vietnam,Dong Hoi,,Viêt Nam,,4
CFN,Dongloe,Ireland,Donegal,,Irlande,,4
DUJ,Du Bois,United States,DuBois Regional,,États-Unis,USA US Etats Unis,4
DBQ,Dubuque IA,United States,Dubuque Regional,,États-Unis,USA US Etats Unis,4
IPC,Easter Island,Chile,Mataveri,,Chili,,4
ZEM,Eastmain River,Canada,Eastmain River,,,,4
ELF,El Fasher,Sudan,El Fasher,,,,4
ELG,El Golea,Algeria,El Golea,,Algérie,,4
EMD,Emerald,Australia,Emerald,,Australie,,4
ERL,Erenhot,China,Erenhot Saiwusu,,Chine,,4
EBJ,Esbjerg,Denmark,Esbjerg,,Danemark,,4
LYP,Faisalabad,Pakistan,Faisalabad,,,,4
FAV,Fakarava,French Polynesia,Fakarava,,,,4
FLG,Flagstaff,United States,Flagstaff Pulliam,,États-Unis,USA US Etats Unis,4
FLO,Florence,United States,Florence Regional,Florence,États-Unis,USA US Etats Unis,4
FLA,Florencia,Colombia,Gustavo Artunduaga Paredes,,Colombie,,4
YFA,Fort Albany,Canada,Fort Albany,,,,4
YPY,Fort Chipewyan,Canada,Fort Chipewyan,,,,4
YGH,Fort Good Hope,Canada,Fort Good Hope,,,,4
YFS,Fort Simpson,Canada,Fort Simpson,,,,4
FUO,Foshan,China,Foshan Shadi,,Chine,,4
FRW,Francistown,Botswana,Francistown,,,,4
FKL,Franklin,United States,Venango Regional,,États-Unis,USA US Etats Unis,4
FTA,Futuna Island,Vanuatu,Futuna,,,,4
GAE,Gabes,Tunisia,Gabès Matmata,,Tunisie,,4
GPS,Galapagos,Ecuador,Seymour,,,,4
GCK,Garden City,United States,Garden City Regional,,États-Unis,USA US Etats Unis,4
GOU,Garoua,Cameroon,Garoua,,,,4
YGP,Gaspe,Canada,Gaspé (Michel-Pouliot),,,,4
EGN,Geneina,Sudan,Geneina,,,,4
YGX,Gillam,Canada,Gillam,,,,4
GIS,Gisborne,New Zealand,Gisborne,,Nouvelle-Zélande,,4
GOQ,Golmud,China,Golmud,,Chine,,4
GDQ,Gondar,Ethiopia,Gonder,,,,4
GOP,Gorakhpur,India,Gorakhpur,,Inde,,4
PGV,Greenville,United States,Pitt Greenville,,États-Unis,USA US Etats Unis,4
GFF,Griffith,Australia,Griffith,,Australie,,4
GPI,Guapi,Colombia,Juan Casiano,,Colombie,,4
URY,Guriat,Saudi Arabia,Gurayat Domestic,,Arabie saoudite,,4
HAQ,Haa Dhaalu Atoll,Maldives,Hanimaadhoo,,,,4
AQI,Hafr Al-batin,Saudi Arabia,Al Qaisumah/Hafr Al Batin,,Arabie saoudite,,4
HGR,Hagerstown,United States,Hagerstown Regional Richard A Henson Field,,États-Unis,USA US Etats Unis,4
HFS,Hagfors,Sweden,Hagfors,,Suède,,4
HFA,Haifa,Israel,Haifa,,Israël,,4
HRO,Harrison,United States,Boone County,,États-Unis,USA US Etats Unis,4
HAA,Hasvik,Norway,Hasvik,,Norvège,,4
CEG,Hawarden,United Kingdom,Hawarden,,Royaume-Uni,Angleterre GB Grande-Bretagne,4
HMV,Hemavan,Sweden,Hemavan,,Suède,,4
HVB,Hervey Bay,Australia,Hervey Bay,,Australie,,4
YOJ,High Level,Canada,High Level,,,,4
HDS,Hoedspruit,South Africa,Hoedspruit Air Force Base,,Afrique du Sud,,4
HOM,Homer,United States,Homer,,États-Unis,USA US Etats Unis,4
MQJ,Honuu,Russia,Moma,,Russie,,4
HPB,Hooper Bay,United States,Hooper Bay,,États-Unis,USA US Etats Unis,4
HOT,Hot Springs,United States,Memorial Field,,États-Unis,USA US Etats Unis,4
HBX,Hubli,India,Hubli,,Inde,,4
HUS,Hughes,United States,Hughes,,États-Unis,USA US Etats Unis,4
HUU,Huánuco,Peru,Alferez Fap David Figueroa Fernandini,,Pérou,,4
IGD,Igdir,Turkey,Iğdır,,Turquie,,4
IKI,Iki,Japan,Iki,,Japon,,4
QOW,Imo,Nigeria,Sam Mbakwe,,,,4
IPL,Imperial,United States,Imperial County,,États-Unis,USA US Etats Unis,4
INL,International Falls,United States,Falls,,États-Unis,USA US Etats Unis,4
IVC,Invercargill,New Zealand,Invercargill,,Nouvelle-Zélande,,4
IOA,Ioannina,Greece,Ioannina,,Grèce,,4
IPH,Ipoh,Malaysia,Sultan Azlan Shah,,,,4
IMT,Iron Mountain,United States,Ford,,États-Unis,USA US Etats Unis,4
ITB,Itaituba,Brazil,Itaituba,,Brésil,,4
IFO,Ivano-Frankivsk,Ukraine,Ivano-Frankivsk,,Ukraine,,4
YIK,Ivujivik,Canada,Ivujivik,,,,4
JAC,Jacksn Hole,United States,Jackson Hole,,États-Unis,USA US Etats Unis,4
MKL,Jackson,United States,McKellar-Sipes Regional,,États-Unis,USA US Etats Unis,4
JAL,Jalapa,Mexico,El Lencero,,Mexique,,4
JHW,Jamestown,United States,Chautauqua County-Jamestown,,États-Unis,USA US Etats Unis,4
JPR,Ji-Paraná,Brazil,Ji-Paraná,,Brésil,,4
JKG,Joenkoeping,Sweden,Jönköping,,Suède,,4
JST,Johnstown,United States,John Murtha Johnstown Cambria County,,États-Unis,USA US Etats Unis,4
JLN,Joplin,United States,Joplin Regional,,États-Unis,USA US Etats Unis,4
IZA,Juiz de Fora,Brazil,Zona da Mata Regional,,Brésil,,4
JUJ,Jujuy,Argentina,Gobernador Horacio Guzman,,Argentine,,4
JCK,Julia Creek,Australia,Julia Creek,,Australie,,4
KDM,Kaadedhdhoo,Maldives,Kaadedhdhoo,,,,4
KGE,Kagau Island,Solomon Islands,Kaghau,,,,4
KAJ,Kajaani,Finland,Kajaani,,Finlande,,4
YWB,Kangiqsujuaq,Canada,Kangiqsujuaq (Wakeham Bay),,,,4
DHM,Kangra,India,Kangra,,Inde,,4
KRY,Karamay,China,Karamay,,Chine,,4
KSD,Karlstad,Sweden,Karlstad,,Suède,,4
XKS,Kasabonika,Canada,Kasabonika,,,,4
ZKE,Kashechewan,Canada,Kashechewan,,,,4
KUK,Kasigluk,United States,Kasigluk,,États-Unis,USA US Etats Unis,4
KSF,Kassel,Germany,Kassel-Calden,,Allemagne,,4
KZS,Kastelorizo,Greece,Kastelorizo,,Grèce,,4
ZKG,Kegaska,Canada,Kegaska,,,,4
KTE,Kerteh,Malaysia,Kerteh,,,,4
KTG,Ketapang,Indonesia,Ketapang(Rahadi Usman),,Indonésie,,4
KKC,Khon Kaen,Thailand,Khon Kaen,,Thaïlande,,4
KIM,Kimberley,South Africa,Kimberley,,Afrique du Sud,,4
KND,Kindu,Congo (Kinshasa),Kindu,,,,4
KNS,King Island,Australia,King Island,,Australie,,4
KIF,Kingfisher Lake,Canada,Kingfisher Lake,,,,4
KTT,Kittila,Finland,Kittilä,,Finlande,,4
LMT,Klamath Falls,United States,Crater Lake-Klamath Regional,,États-Unis,USA US Etats Unis,4
KCT,Koggala,Sri Lanka,Koggala,,,,4
KOV,Kokshetau,Kazakhstan,Kokshetau,,,,4
GKK,Kooddoo,Maldives,Kooddoo,,,,4
KSA,Kosrae,Micronesia,Kosrae,,,,4
KOC,Koumac,New Caledonia,Koumac,,,,4
KWM,Kowanyama,Australia,Kowanyama,,Australie,,4
KYU,Koyukuk,United States,Koyukuk,,États-Unis,USA US Etats Unis,4
KUD,Kudat,Malaysia,Kudat,,,,4
SVP,Kuito,Angola,Kuito,,,,4
KUV,Kunsan,South Korea,Kunsan Air Base,,Corée du Sud,,4
KCA,Kuqa,China,Kuqa,,Chine,,4
KRO,Kurgan,Russia,Kurgan,,Russie,,4
ZLT,La Tabatière,Canada,La Tabatière,,,,4
LOH,La Toma (Catamayo),Ecuador,Camilo Ponce Enriquez,,,,4
KDO,Laamu Atoll,Maldives,Kadhdhoo,,,,4
JHM,Lahania-kapalua,United States,Kapalua,,États-Unis,USA US Etats Unis,4
LKL,Lakselv,Norway,Banak,,Norvège,,4
LPM,Lamap,Vanuatu,Lamap,,,,4
LBS,Lambasa,Fiji,Labasa,,,,4
LNB,Lamen Bay,Vanuatu,Lamen Bay,,,,4
LLK,Lankaran,Azerbaijan,Lankaran,,,,4
YLH,Lansdowne House,Canada,Lansdowne House,,,,4
LAO,Laoag,Philippines,Laoag,,Philippines,,4
LTX,Latacunga,Ecuador,Cotopaxi,,,,4
LAW,Lawton,United States,Lawton Fort Sill Regional,,États-Unis,USA US Etats Unis,4
LZC,Lazard Cardenas,Mexico,Lázaro Cárdenas,,Mexique,,4
LEB,Lebanon,United States,Lebanon Municipal,Liban,États-Unis,USA US Etats Unis,4
LWB,Lewisburg,United States,Greenbrier Valley,,États-Unis,USA US Etats Unis,4
VXC,Lichinga,Mozambique,Lichinga,,,,4
LNJ,Lincang,China,Lintsang Airfield,,Chine,,4
LPI,Linkoeping,Sweden,Linköping City,,Suède,,4
LYB,Little Cayman,Cayman Islands,Edward Bodden Airfield,,,,4
IRG,Lockhart River,Australia,Lockhart River,,Australie,,4
LKH,Long Akah,Malaysia,Long Akah,,,,4
LGL,Long Datih,Malaysia,Long Lellang,,,,4
ODN,Long Seridan,Malaysia,Long Seridan,,,,4
LOD,Longana,Vanuatu,Longana,,,,4
GGG,Longview,United States,East Texas Regional,,États-Unis,USA US Etats Unis,4
LRT,Lorient,France,Lorient South Brittany (Bretagne Sud),,,,4
LUG,Lugano,Switzerland,Lugano,,Suisse,,4
LUW,Luwuk,Indonesia,Syukuran Aminuddin Amir,,Indonésie,,4
LYH,Lynchburg,United States,Lynchburg Regional Preston Glenn Field,,États-Unis,USA US Etats Unis,4
MCN,Macon,United States,Middle Georgia Regional,,États-Unis,USA US Etats Unis,4
MQF,Magnetiogorsk,Russia,Magnitogorsk,,Russie,,4
MEG,Malanje,Angola,Malanje,,,,4
SWJ,Malekula Island,Vanuatu,Southwest Bay,,,,4
MMH,Mammoth Lakes,United States,Mammoth Yosemite,,États-Unis,USA US Etats Unis,4
JSU,Maniitsoq,Greenland,Maniitsoq,,,,4
MLL,Marshall,United States,Marshall Don Hunter Sr,,États-Unis,USA US Etats Unis,4
MII,Marília,Brazil,Frank Miloye Milenkowichi–Marília State,,Brésil,,4
MVT,Mataiva,French Polynesia,Mataiva,,,,4
MAM,Matamoros,Mexico,General Servando Canales,,Mexique,,4
MMJ,Matsumoto,Japan,Matsumoto,,Japon,,4
IGA,Matthew Town,Bahamas,Inagua,,Bahamas,,4
MYG,Mayaguana,Bahamas,Mayaguana,,Bahamas,,4
MJM,Mbuji-mayi,Congo (Kinshasa),Mbuji Mayi,,,,4
MRD,Merida,Venezuela,Alberto Carnevalli,Mérida,,,4
MZH,Merzifon,Turkey,Amasya Merzifon,,Turquie,,4
MLO,Milos,Greece,Milos,,Grèce,,4
MTT,Minatitlan,Mexico,Minatitlán/Coatzacoalcos National,,Mexique,,4
MSJ,Misawa,Japan,Misawa Air Base,,Japon,,4
MIS,Misima Island,Papua New Guinea,Misima Island,,,,4
MJD,Moenjodaro,Pakistan,Moenjodaro,,,,4
MLW,Monrovia,Liberia,Spriggs Payne,,,,4
MXX,Mora,Sweden,Mora,,Suède,,4
MGW,Morgantown,United States,Morgantown Municipal Walter L. Bill Hart Field,,États-Unis,USA US Etats Unis,4
MOQ,Morondava,Madagascar,Morondava,,,,4
MMU,Morristown,United States,Morristown Municipal,,États-Unis,USA US Etats Unis,4
MYA,Moruya,Australia,Moruya,,Australie,,4
MGB,Mount Gambier,Australia,Mount Gambier,,Australie,,4
MOU,Mountain Village,United States,Mountain Village,,États-Unis,USA US Etats Unis,4
MPA,Mpacha,Namibia,Katima Mulilo,,,,4
MKM,Mukah,Malaysia,Mukah,,,,4
MXV,Muren,Mongolia,Mörön,,,,4
MGZ,Myeik,Burma,Myeik,,,,4
WNP,Naga,Philippines,Naga,,Philippines,,4
SHB,Nakashibetsu,Japan,Nakashibetsu,,Japon,,4
KOP,Nakhon Phanom,Thailand,Nakhon Phanom,,Thaïlande,,4
NST,Nakhon Si Thammarat,Thailand,Nakhon Si Thammarat,,Thaïlande,,4
NNT,Nan,Thailand,Nan,,Thaïlande,,4
YCD,Nanaimo,Canada,Nanaimo,,,,4
NRA,Narrandera,Australia,Narrandera,,Australie,,4
NYT,Naypyidaw,Burma,Naypyidaw,,,,4
CNP,Neerlerit Inaat,Greenland,Neerlerit Inaat,,,,4
NVA,Neiva,Colombia,Benito Salas,,Colombie,,4
YNS,Nemiscau,Canada,Nemiscau,,,,4
NAV,Nevsehir,Turkey,Nevşehir Kapadokya,,Turquie,,4
HVN,New Haven,United States,Tweed New Haven,,États-Unis,USA US Etats Unis,4
ZNE,Newman,Australia,Newman,,Australie,,4
NTN,Normanton,Australia,Normanton,,Australie,,4
NRK,Norrkoeping,Sweden,Norrköping,,Suède,,4
YYB,North Bay,Canada,North Bay Jack Garland,,,,4
OTH,North Bend,United States,Southwest Oregon Regional,,États-Unis,USA US Etats Unis,4
YNO,North Spirit Lake,Canada,North Spirit Lake,,,,4
NSH,Noshahr,Iran,Noshahr,,,,4
NOZ,Novokuznetsk,Russia,Spichenkovo,,Russie,,4
NUI,Nuiqsut,United States,Nuiqsut,,États-Unis,USA US Etats Unis,4
UYL,Nyala,Sudan,Nyala,,,,4
OMR,Oradea,Romania,Oradea,,Roumanie,,4
ORB,Orebro,Sweden,Örebro,,Suède,,4
QRW,Osubi,Nigeria,Warri,,,,4
OZZ,Ouarzazate,Morocco,Ouarzazate,,Maroc,,4
UVE,Ouvea,New Caledonia,Ouvéa,,,,4
OWB,Owensboro,United States,Owensboro Daviess County,,États-Unis,USA US Etats Unis,4
PBJ,Paama Island,Vanuatu,Tavie,,,,4
JFR,Paamiut,Greenland,Paamiut Heliport,,,,4
PAG,Pagadian,Philippines,Pagadian,,Philippines,,4
PJA,Pajala,Sweden,Pajala,,Suède,,4
PRA,Parana,Argentina,General Urquiza,,Argentine,,4
PPQ,Paraparaumu,New Zealand,Paraparaumu,,Nouvelle-Zélande,,4
PED,Pardubice,Czech Republic,Pardubice,,Tchéquie,Republique tcheque,4
PKE,Parkes,Australia,Parkes,,Australie,,4
PHB,Parnaiba,Brazil,Prefeito Doutor João Silva Filho,,Brésil,,4
PAS,Paros,Greece,Paros National,,Grèce,,4
UTP,Pattaya,Thailand,U-Tapao,,Thaïlande,,4
PGX,Perigueux,France,Périgueux-Bassillac,,,,4
PSG,Petersburg,United States,Petersburg James A Johnson,,États-Unis,USA US Etats Unis,4
PPK,Petropavlosk,Kazakhstan,Petropavlosk South,,,,4
PDS,Piedras Negras,Mexico,Piedras Negras,,Mexique,,4
PIU,Piura,Peru,Capitán FAP Guillermo Concha Iberico,,Pérou,,4
PDV,Plovdiv,Bulgaria,Plovdiv,,Bulgarie,,4
PIZ,Point Lay,United States,Point Lay LRRS,,États-Unis,USA US Etats Unis,4
PSE,Ponce,Puerto Rico,Mercedita,,,,4
YHP,Poplar Hill,Canada,Poplar Hill,,,,4
PBD,Porbandar,India,Porbandar,,Inde,,4
EDR,Pormpuraaw,Australia,Pormpuraaw,,Australie,,4
YZT,Port Hardy,Canada,Port Hardy,,,,4
PLO,Port Lincoln,Australia,Port Lincoln,,Australie,,4
YPN,Port Menier,Canada,Port Menier,,,,4
POI,Potosi,Bolivia,Capitan Nicolas Rojas,,,,4
PPB,President Prudente,Brazil,Presidente Prudente,,Brésil,,4
PQI,Presque Isle,United States,Northern Maine Regional at Presque Isle,,États-Unis,USA US Etats Unis,4
YPR,Prince Pupert,Canada,Prince Rupert,,,,4
PBL,Puerto Cabello,Venezuela,General Bartolome Salom,,,,4
PEU,Puerto Lempira,Honduras,Puerto Lempira,,,,4
PUW,Pullman,United States,Pullman Moscow Regional,,États-Unis,USA US Etats Unis,4
YQC,Quaqtaq,Canada,Quaqtaq,,,,4
ULP,Quilpie,Australia,Quilpie,,Australie,,4
YOP,Rainbow Lake,Canada,Rainbow Lake,,,,4
RVV,Raivavae,French Polynesia,Raivavae,,,,4
RBV,Ramata,Solomon Islands,Ramata,,,,4
RZR,Ramsar,Iran,Ramsar,,,,4
RDN,Redang,Malaysia,LTS Pulau Redang,,,,4
RNL,Rennell Island,Solomon Islands,Rennell/Tingoa,,,,4
RBQ,Rerrenabaque,Bolivia,Rurenabaque,,,,4
YRB,Resolute,Canada,Resolute Bay,,,,4
RHI,Rhinelander,United States,Rhinelander Oneida County,,États-Unis,USA US Etats Unis,4
YRG,Rigolet,Canada,Rigolet,,,,4
RMT,Rimatara,French Polynesia,Rimatara,,,,4
RGA,Rio Grande,Argentina,Hermes Quijada,,Argentine,,4
RSD,Rock Sound,Bahamas,Rock Sound,,Bahamas,,4
ROW,Roswell,United States,Roswell Air Center,,États-Unis,USA US Etats Unis,4
ROP,Rota,Northern Mariana Islands,Rota,,,,4
RVN,Rovaniemi,Finland,Rovaniemi,,Finlande,,4
NDU,Rundu,Namibia,Rundu,,,,4
RET,Røst,Norway,Røst,,Norvège,,4
ZPB,Sachigo Lake,Canada,Sachigo Lake,,,,4
YSY,Sachs Harbour,Canada,Sachs Harbour (David Nasogaluak Jr. Saaryuaq),,,,4
STC,Saint Cloud,United States,St Cloud Regional,,États-Unis,USA US Etats Unis,4
SGU,Saint George,United States,St George Municipal,,États-Unis,USA US Etats Unis,4
YZG,Salluit,Canada,Salluit,,,,4
SLW,Saltillo,Mexico,Plan De Guadalupe,,Mexique,,4
SJT,San Angelo,United States,San Angelo Regional Mathis Field,,États-Unis,USA US Etats Unis,4
SJE,San Jose Del Guaviare,Colombia,Jorge E. Gonzalez Torres,,Colombie,,4
UAQ,San Juan,Argentina,Domingo Faustino Sarmiento,,Argentine,,4
AFA,San Rafael,Argentina,Suboficial Ay Santiago Germano,,Argentine,,4
SVI,San Vincente De Caguan,Colombia,Eduardo Falla Solano,,Colombie,,4
SDP,Sand Point,United States,Sand Point,,États-Unis,USA US Etats Unis,4
SDN,Sandane,Norway,Sandane (Anda),,Norvège,,4
NNB,Santa Ana,Solomon Islands,Santa Ana,,,,4
SFN,Santa Fe,Argentina,Sauce Viejo,,Argentine,,4
SMX,Santa Maria,United States,Santa Maria Pub/Capt G Allan Hancock Field,,États-Unis,USA US Etats Unis,4
GEL,Santo Angelo,Brazil,Santo Ângelo,,Brésil,,4
SJZ,Sao Jorge Island,Portugal,São Jorge,,Portugal,,4
SNE,Sao Nocolau Island,Cape Verde,Preguiça,,,,4
SKX,Saransk,Russia,Saransk,,Russie,,4
RVE,Saravena,Colombia,Los Colonizadores,,Colombie,,4
SUJ,Satu Mare,Romania,Satu Mare,,Roumanie,,4
VHC,Saurimo,Angola,Saurimo,,,,4
SVL,Savonlinna,Finland,Savonlinna,,Finlande,,4
BFI,Seattle,United States,Boeing Field King County,,États-Unis,USA US Etats Unis,4
WLK,Selawik,United States,Selawik,,États-Unis,USA US Etats Unis,4
UKS,Sevastopol,Ukraine,Belbek,,Ukraine,,4
SHW,Sharurah,Saudi Arabia,Sharurah,,Arabie saoudite,,4
NGQ,Shiquanhe,China,Ngari Gunsa,,Chine,,4
SUX,Sioux City,United States,Sioux Gateway Col. Bud Day Field,,États-Unis,USA US Etats Unis,4
XSB,Sir Bani Yas Island,United Arab Emirates,Sir Bani Yas,,Émirats arabes unis,,4
SRX,Sirt,Libya,Gardabya,,,,4
JSI,Skiathos,Greece,Skiathos Island National,,Grèce,,4
SLQ,Sleetmute,United States,Sleetmute,,États-Unis,USA US Etats Unis,4
SCT,Socotra,Yemen,Socotra,,,,4
XSC,South Caicos,Turks and Caicos Islands,South Caicos,,,,4
AXP,Spring Point,Bahamas,Spring Point,,Bahamas,,4
SGO,St George,Australia,St George,,Australie,,4
SML,Stella Maris,Bahamas,Stella Maris,,Bahamas,,4
SOY,Stronsay,United Kingdom,Stronsay,,Royaume-Uni,Angleterre GB Grande-Bretagne,4
VAO,Suavanao,Solomon Islands,Suavanao,,,,4
EVG,Sveg,Sweden,Sveg,,Suède,,4
YQY,Sydney,Canada,Sydney / J.A. Douglas McCurdy,,,,4
JSY,Syros Island,Greece,Syros,,Grèce,,4
TCG,Tacheng,China,Tacheng,,Chine,,4
TCQ,Tacna,Peru,Coronel FAP Carlos Ciriani Santa Rosa,,Pérou,,4
TKD,Takoradi,Ghana,Takoradi,,,,4
TME,Tame,Colombia,Gustavo Vargas,,Colombie,,4
TAP,Tapachula,Mexico,Tapachula,,Mexique,,4
TRO,Taree,Australia,Taree,,Australie,,4
TAY,Tartu,Estonia,Tartu,,,,4
YTQ,Tasiujaq,Canada,Tasiujaq,,,,4
TUO,Taupo,New Zealand,Taupo,,Nouvelle-Zélande,,4
TMJ,Termez,Uzbekistan,Termez,,,,4
TXK,Texarkana,United States,Texarkana Regional Webb Field,,États-Unis,USA US Etats Unis,4
SNW,Thandwe,Burma,Thandwe,,,,4
THU,Thule,Greenland,Thule Air Base,,,,4
TGJ,Tiga,New Caledonia,Tiga,,,,4
IKS,Tiksi,Russia,Tiksi,,Russie,,4
HRM,Tilrempt,Algeria,Hassi R'Mel,,Algérie,,4
TIR,Tirupeti,India,Tirupati,,Inde,,4
TKS,Tokushima,Japan,Tokushima/JMSDF Air Base,,Japon,,4
FTU,Tolagnaro,Madagascar,Tôlanaro,,,,4
TYF,Torsby,Sweden,Torsby,,Suède,,4
TST,Trang,Thailand,Trang,,Thaïlande,,4
TCB,Treasure Cay,Bahamas,Treasure Cay,,Bahamas,,4
TSH,Tshikapa,Congo (Kinshasa),Tshikapa,,,,4
TUC,Tucuman,Argentina,Teniente Benjamin Matienzo,,Argentine,,4
ZFN,Tulita,Canada,Tulita,,,,4
TUP,Tupelo,United States,Tupelo Regional,,États-Unis,USA US Etats Unis,4
TBB,Tuy Hoa,Vietnam,Dong Tac,,Viêt Nam,,4
ZTB,Tête-à-la-Baleine,Canada,Tête-à-la-Baleine,,,,4
RNA,Ulawa,Solomon Islands,Ulawa,,,,4
ULV,Ulyanovsk,Russia,Ulyanovsk Baratayevka,,Russie,,4
UTN,Upington,South Africa,Pierre Van Ryneveld,,Afrique du Sud,,4
UPN,Uruapan,Mexico,Licenciado y General Ignacio Lopez Rayon,,Mexique,,4
USK,Usinsk,Russia,Usinsk,,Russie,,4
UKX,Ust-Kut,Russia,Ust-Kut,,Russie,,4
JQA,Uummannaq,Greenland,Qaarsut,,,,4
VDZ,Valdez,United States,Valdez Pioneer Field,,États-Unis,USA US Etats Unis,4
ZAL,Valdivia,Chile,Pichoy,,Chili,,4
VLV,Valera,Venezuela,Dr. Antonio Nicolás Briceño,,,,4
VUP,Valledupar,Colombia,Alfonso López Pumarejo,,Colombie,,4
VEE,Venetie,United States,Venetie,,États-Unis,USA US Etats Unis,4
YWH,Victoria,Canada,Victoria Harbour Seaplane Base,,,,4
VKT,Vorkuta,Russia,Vorkuta,,Russie,,4
KDV,Vunisea,Fiji,Vunisea,,,,4
ACT,Waco,United States,Waco Regional,,États-Unis,USA US Etats Unis,4
WAE,Wadi-al-dawasir,Saudi Arabia,Wadi Al Dawasir,,Arabie saoudite,,4
AIN,Wainwright,United States,Wainwright,,États-Unis,USA US Etats Unis,4
WKJ,Wakkanai,Japan,Wakkanai,,Japon,,4
WAT,Waterford,Ireland,Waterford,,Irlande,,4
ALO,Waterloo,United States,Waterloo Regional,,États-Unis,USA US Etats Unis,4
YWP,Webequie,Canada,Webequie,,,,4
WEI,Weipa,Australia,Weipa,,Australie,,4
YNC,Wemindji,Canada,Wemindji,,,,4
WRY,Westray,United Kingdom,Westray,,Royaume-Uni,Angleterre GB Grande-Bretagne,4
WRE,Whangarei,New Zealand,Whangarei,,Nouvelle-Zélande,,4
SPS,Wichita Falls,United States,Sheppard Air Force Base-Wichita Falls Municipal,,États-Unis,USA US Etats Unis,4
WIC,Wick,United Kingdom,Wick,,Royaume-Uni,Angleterre GB Grande-Bretagne,4
IPT,Williamsport,United States,Williamsport Regional,,États-Unis,USA US Etats Unis,4
ISN,Williston,United States,Sloulin Field,,États-Unis,USA US Etats Unis,4
WNR,Windorah,Australia,Windorah,,Australie,,4
WIN,Winton,Australia,Winton,,Australie,,4
ORH,Worcester,United States,Worcester Regional,,États-Unis,USA US Etats Unis,4
WRG,Wrangell,United States,Wrangell,,États-Unis,USA US Etats Unis,4
GXH,Xiahe city,China,Gannan Xiahe,,Chine,,4
NLT,Xinyuan,China,Xinyuan Nalati,,Chine,,4
YAK,Yakutat,United States,Yakutat,,États-Unis,USA US Etats Unis,4
YAP,Yap,Micronesia,Yap,,,,4
LDS,Yinchun,China,Lindu,,Chine,,4
EYP,Yopal,Colombia,El Yopal,,Colombie,,4
YUS,Yushu,China,Yushu Batang,,Chine,,4
OZH,Zaporozhye,Ukraine,Zaporizhzhia,,Ukraine,,4
IAM,Zarzaitine,Algeria,In Aménas,,Algérie,,4
ZQZ,Zhangjiakou,China,Zhangjiakou Ningyuan,,Chine,,4
DZN,Zhezkazgan,Kazakhstan,Zhezkazgan,,,,4
PZH,Zhob,Pakistan,Zhob,,,,4
ZHY,Zhongwei,China,Zhongwei Shapotou,,Chine,,4
ONQ,Zonguldak,Turkey,Zonguldak,,Turquie,,4
AAY,Al Ghaidah Intl,Yemen,Al Ghaidah,,,,3
ASV,Amboseli National Park,Kenya,Amboseli,,Kenya,,3
AMH,Arba Minch,Ethiopia,Arba Minch,,,,3
ASO,Asosa,Ethiopia,Asosa,,,,3
AIU,Atiu Island,Cook Islands,Enua,,,,3
BJR,Bahar Dar,Ethiopia,Bahir Dar,,,,3
ZBF,Bathurst,Canada,Bathurst,,,,3
BKW,Beckley,United States,Raleigh County Memorial,,États-Unis,USA US Etats Unis,3
QBC,Bella Coola,Canada,Bella Coola,,,,3
BKQ,Blackall,Australia,Blackall,,Australie,,3
CHY,Choiseul Bay,Solomon Islands,Choiseul Bay,,,,3
CUQ,Coen,Australia,Coen,,Australie,,3
YVZ,Deer Lake,Canada,Deer Lake,,,,3
DJG,Djanet,Algeria,Djanet Inedbirene,,Algérie,,3
EOI,Eday,United Kingdom,Eday,,Royaume-Uni,Angleterre GB Grande-Bretagne,3
FRE,Fera Island,Solomon Islands,Fera/Maringe,,,,3
FLS,Flinders Island,Australia,Flinders Island,,Australie,,3
GAF,Gafsa,Tunisia,Gafsa Ksar,,Tunisie,,3
GMB,Gambella,Ethiopia,Gambella,,,,3
MUW,Ghriss,Algeria,Ghriss,,Algérie,,3
HOI,Hao Island,French Polynesia,Hao,,,,3
IVL,Ivalo,Finland,Ivalo,,Finlande,,3
JIM,Jimma,Ethiopia,Jimma,,,,3
YYU,Kapuskasing,Canada,Kapuskasing,,,,3
LOK,Lodwar,Kenya,Lodwar,,Kenya,,3
ORX,Oriximina,Brazil,Oriximiná,,Brésil,,3
OIA,Ourilandia do Norte,Brazil,Ourilândia do Norte,,Brésil,,3
PNA,Pamplona,Spain,Pamplona,,Espagne,,3
POJ,Patos de Minas,Brazil,Patos de Minas,,Brésil,,3
PBZ,Plettenberg Bay,South Africa,Plettenberg Bay,,Afrique du Sud,,3
SAB,Saba,Netherlands Antilles,Juancho E. Yrausquin,,Antilles néerlandaises,,3
SPD,Saidpur,Bangladesh,Saidpur,,,,3
LUQ,San Luis,Argentina,Brigadier Mayor D Cesar Raul Ojeda,,Argentine,,3
SCM,Scammon Bay,United States,Scammon Bay,,États-Unis,USA US Etats Unis,3
TID,Tiaret,Algeria,Bou Chekif,,Algérie,,3
BMY,Waala,New Caledonia,Île Art - Waala,,,,3
SHD,Weyers Cave,United States,Shenandoah Valley Regional,,États-Unis,USA US Etats Unis,3
ZIG,Ziguinchor,Senegal,Ziguinchor,,Sénégal,,3
ABR,Aberdeen,United States,Aberdeen Regional,,États-Unis,USA US Etats Unis,2
ABS,Abu Simbel,Egypt,Abu Simbel,,Égypte,,2
ADK,Adak Island,United States,Adak,,États-Unis,USA US Etats Unis,2
AGX,Agatti Island,India,Agatti,,Inde,,2
AKK,Akhiok,United States,Akhiok,,États-Unis,USA US Etats Unis,2
AEY,Akureyri,Iceland,Akureyri,,Islande,,2
KQA,Akutan,United States,Akutan Seaplane Base,,États-Unis,USA US Etats Unis,2
AHU,Al Hociema,Morocco,Cherif Al Idrissi,,Maroc,,2
AFL,Alta Floresta,Brazil,Piloto Osvaldo Marques Dias,,Brésil,,2
LTI,Altai,Mongolia,Altai,,,,2
ABM,Amberley,Australia,Northern Peninsula,,Australie,,2
YAA,Anahim Lake,Canada,Anahim Lake,,,,2
ANS,Andahuaylas,Peru,Andahuaylas,,Pérou,,2
AUY,Anelghowhat,Vanuatu,Aneityum,,,,2
VLY,Angelsey,United Kingdom,Anglesey,,Royaume-Uni,Angleterre GB Grande-Bretagne,2
AGN,Angoon,United States,Angoon Seaplane Base,,États-Unis,USA US Etats Unis,2
ANG,Angouleme,France,Angoulême-Brie-Champniers,,,,2
ATA,Anta,Peru,Comandante FAP German Arias Graziani,,Pérou,,2
KVK,Apatity,Russia,Kirovsk-Apatity,,Russie,,2
ARW,Arad,Romania,Arad,,Roumanie,,2
AQA,Araracuara,Brazil,Araraquara,,Brésil,,2
AAX,Araxa,Brazil,Romeu Zema,,Brésil,,2
ARC,Arctic Village,United States,Arctic Village,,États-Unis,USA US Etats Unis,2
PUG,Argyle,Australia,Port Augusta,,Australie,,2
RUA,Arua,Uganda,Arua,,,,2
ARK,Arusha,Tanzania,Arusha,,,,2
AXR,Arutua,French Polynesia,Arutua,,,,2
YIE,Arxan,China,Arxan Yi'ershi,,Chine,,2
AXK,Ataq,Yemen,Ataq,,,,2
AHN,Athens,United States,Athens Ben Epps,Athènes,États-Unis,USA US Etats Unis,2
AKB,Atka,United States,Atka,,États-Unis,USA US Etats Unis,2
ATD,Atoifi,Solomon Islands,Uru Harbour,,,,2
AGB,Augsburg,Germany,Augsburg,,Allemagne,,2
AUG,Augusta,United States,Augusta State,,États-Unis,USA US Etats Unis,2
AUR,Aurillac,France,Aurillac,,,,2
AVV,Avalon,Australia,Avalon,,Australie,,2
BXB,Babo,Indonesia,Babo,,Indonésie,,2
BSC,Bahia Solano,Colombia,José Celestino Mutis,,Colombie,,2
BKM,Bakalalan,Malaysia,Bakalalan,,,,2
EDO,Balikesir Korfez,Turkey,Balıkesir Körfez,,Turquie,,2
BXR,Bam,Iran,Bam,,,,2
BHB,Bar Harbor,United States,Hancock County-Bar Harbor,,États-Unis,USA US Etats Unis,2
BCI,Barcaldine,Australia,Barcaldine,,Australie,,2
BAZ,Barcelos,Brazil,Barcelos,,Brésil,,2
BDU,Bardufoss,Norway,Bardufoss,,Norvège,,2
BZL,Barisal,Bangladesh,Barisal,,,,2
BRR,Barra,United Kingdom,Barra,,Royaume-Uni,Angleterre GB Grande-Bretagne,2
EJA,Barrancabermeja,Colombia,Yariguíes,,Colombie,,2
SUK,Batagay-Alyta,Russia,Sakkyryr,,Russie,,2
BTC,Batticaloa,Sri Lanka,Batticaloa,,,,2
BUW,Bau-Bau,Indonesia,Betoambari,,Indonésie,,2
IXG,Belgaum,India,Belgaum,,Inde,,2
BLV,Belleville,United States,Scott AFB/Midamerica,,États-Unis,USA US Etats Unis,2
BJI,Bemidji,United States,Bemidji Regional,,États-Unis,USA US Etats Unis,2
OGZ,Beslan,Russia,Beslan,,Russie,,2
BWA,Bhairawa,Nepal,Gautam Buddha,,,,2
BHR,Bharatpur,Nepal,Bharatpur,,,,2
BIR,Biratnagar,Nepal,Biratnagar,,,,2
BNB,Boende,Congo (Kinshasa),Boende,,,,2
BYO,Bointo,Brazil,Bonito,,Brésil,,2
BJB,Bojnourd,Iran,Bojnord,,,,2
BPL,Bole,China,Alashankou Bole (Bortala) airport,,Chine,,2
LAZ,Bom Jesus Da Lapa,Brazil,Bom Jesus da Lapa,,Brésil,,2
TGP,Bor,Russia,Podkamennaya Tunguska,,Russie,,2
BMW,Bordj Badji Mokhtar,Algeria,Bordj Badji Mokhtar,,Algérie,,2
BWK,Brac,Croatia,Bol,,Croatie,,2
YBR,Brandon,Canada,Brandon Municipal,,,,2
BRQ,Brno,Czech Republic,Brno-Tuřany,,Tchéquie,Republique tcheque,2
BKZ,Bukoba,Tanzania,Bukoba,,,,2
BUL,Bulolo,Papua New Guinea,Bulolo,,,,2
RGS,Burgos,Spain,Burgos,,Espagne,,2
BFV,Buri Ram,Thailand,Buri Ram,,Thaïlande,,2
BTM,Butte,United States,Bert Mooney,,États-Unis,USA US Etats Unis,2
CBH,Béchar,Algeria,Béchar Boudghene Ben Ali Lotfi,,Algérie,,2
CAH,Ca Mau,Vietnam,Cà Mau,,Viêt Nam,,2
OAL,Cacoal,Brazil,Cacoal,,Brésil,,2
CYP,Calbayog City,Philippines,Calbayog,,Philippines,,2
CGM,Camiguin,Philippines,Camiguin,,Philippines,,2
CAL,Campbeltown,United Kingdom,Campbeltown,,Royaume-Uni,Angleterre GB Grande-Bretagne,2
CAJ,Canaima,Venezuela,Canaima,,,,2
CKZ,Canakkale,Turkey,Çanakkale,,Turquie,,2
CSK,Cap Skiring,Senegal,Cap Skirring,,Sénégal,,2
CGI,Cape Girardeau,United States,Cape Girardeau Regional,,États-Unis,USA US Etats Unis,2
LUR,Cape Lisburne,United States,Cape Lisburne LRRS,,États-Unis,USA US Etats Unis,2
CNM,Carlsbad,United States,Cavern City Air Terminal,,États-Unis,USA US Etats Unis,2
CLD,Carlsbad,United States,Mc Clellan-Palomar,,États-Unis,USA US Etats Unis,2
MHC,Castro,Chile,Mocopulli,,Chili,,2
CTC,Catamarca,Argentina,Catamarca,,Argentine,,2
CYZ,Cauayan,Philippines,Cauayan,,Philippines,,2
CDC,Cedar City,United States,Cedar City Regional,,États-Unis,USA US Etats Unis,2
CED,Ceduna,Australia,Ceduna,,Australie,,2
CEM,Central,United States,Central,,États-Unis,USA US Etats Unis,2
BDP,Chandragarhi,Nepal,Bhadrapur,,,,2
CHX,Changuinola,Panama,Cap Manuel Niño,,Panama,,2
SPB,Charlotte Amalie,Virgin Islands,Charlotte Amalie Harbor Seaplane Base,,,,2
CTM,Chetumal,Mexico,Chetumal,,Mexique,,2
CIX,Chiclayo,Peru,Capitan FAP Jose A Quinones Gonzales,,Pérou,,2
CIC,Chico,United States,Chico Municipal,,États-Unis,USA US Etats Unis,2
VPY,Chimoio,Mozambique,Chimoio,,,,2
CIP,Chipata,Zambia,Chipata,,,,2
CHU,Chuathbaluk,United States,Chuathbaluk,,États-Unis,USA US Etats Unis,2
CJM,Chumphon,Thailand,Chumphon,,Thaïlande,,2
ICI,Cicia,Fiji,Cicia,,,,2
IRC,Circle,United States,Circle City /New/,,États-Unis,USA US Etats Unis,2
CIZ,Coari,Brazil,Coari,,Brésil,,2
CCK,Cocos Keeling Island,Cocos (Keeling) Islands,Cocos (Keeling) Islands,,,,2
CDJ,Conceicao Do Araguaia,Brazil,Conceição do Araguaia,,Brésil,,2
CND,Constanta,Romania,Mihail Kogălniceanu,,Roumanie,,2
CPD,Coober Pedy,Australia,Coober Pedy,,Australie,,2
CZE,Coro,Venezuela,José Leonardo Chirinos,,,,2
CEZ,Cortez,United States,Cortez Municipal,,États-Unis,USA US Etats Unis,2
CMG,Corumba,Brazil,Corumbá,,Brésil,,2
CZS,Cruzeiro do Sul,Brazil,Cruzeiro do Sul,,Brésil,,2
CPX,Culebra Island,Puerto Rico,Benjamin Rivera Noriega,,,,2
CUM,Cumana,Venezuela,Cumaná (Antonio José de Sucre),,,,2
DBA,Dalbandin,Pakistan,Dalbandin,,,,2
DPO,Devonport,Australia,Devonport,,Australie,,2
DEF,Dezful,Iran,Dezful,,,,2
DHI,Dhangarhi,Nepal,Dhangarhi,,,,2
DIN,Dienbienphu,Vietnam,Dien Bien Phu,,Viêt Nam,,2
DIJ,Dijon,France,Dijon-Bourgogne,,,,2
DOB,Dobo,Indonesia,Rar Gwamar,,Indonésie,,2
DND,Dundee,United Kingdom,Dundee,,Royaume-Uni,Angleterre GB Grande-Bretagne,2
ESD,Eastsound,United States,Orcas Island,,États-Unis,USA US Etats Unis,2
EAU,Eau Claire,United States,Chippewa Valley Regional,,États-Unis,USA US Etats Unis,2
CFK,Ech-cheliff,Algeria,Ech Cheliff,,Algérie,,2
EGX,Egegik,United States,Egegik,,États-Unis,USA US Etats Unis,2
EGS,Egilsstadir,Iceland,Egilsstaðir,,Islande,,2
ERN,Eirunepe,Brazil,Eirunepé,,Brésil,,2
EBH,El Bayadh,Algeria,El Bayadh,,Algérie,,2
ELC,Elcho Island,Australia,Elcho Island,,Australie,,2
ELV,Elfin Cove,United States,Elfin Cove Seaplane Base,,États-Unis,USA US Etats Unis,2
ESL,Elista,Russia,Elista,,Russie,,2
EKO,Elko,United States,Elko Regional,,États-Unis,USA US Etats Unis,2
QFG,Eqalugaarsuit,Greenland,Eqalugaarsuit Heliport,,,,2
ESC,Escanaba,United States,Delta County,,États-Unis,USA US Etats Unis,2
AOE,Eskissehir,Turkey,Anadolu,,Turquie,,2
VDB,Fagernes,Norway,Leirin,,Norvège,,2
KFP,False Pass,United States,False Pass,,États-Unis,USA US Etats Unis,2
TTT,Fengnin,Taiwan,Taitung,,,,2
FMA,Formosa,Argentina,Formosa,,Argentine,,2
TBN,Fort Leonardwood,United States,Waynesville-St. Robert Regional Forney field,,États-Unis,USA US Etats Unis,2
ZFM,Fort Mcpherson,Canada,Fort Mcpherson,,,,2
FRD,Friday Harbor,United States,Friday Harbor,,États-Unis,USA US Etats Unis,2
FJR,Fujeirah,United Arab Emirates,Fujairah,,Émirats arabes unis,,2
FUN,Funafuti,Tuvalu,Funafuti,,,,2
FUT,Futuna Island,Wallis and Futuna,Pointe Vele,,,,2
GCH,Gachsaran,Iran,Gachsaran,,,,2
YRA,Gamètì,Canada,Rae Lakes,,,,2
GDZ,Gelendzhik,Russia,Gelendzhik,,Russie,,2
GMA,Gemena,Congo (Kinshasa),Gemena,,,,2
OGL,Georgetown,Guyana,Eugene F. Correira,,,,2
LTD,Ghadames,Libya,Ghadames East,,,,2
GHT,Ghat,Libya,Ghat,,,,2
GIL,Gilgit,Pakistan,Gilgit,,,,2
GGW,Glasgow,United States,Wokal Field Glasgow,,États-Unis,USA US Etats Unis,2
GDV,Glendive,United States,Dawson Community,,États-Unis,USA US Etats Unis,2
GDE,Gode,Ethiopia,Gode,,,,2
GLO,Golouchestershire,United Kingdom,Gloucestershire,,Royaume-Uni,Angleterre GB Grande-Bretagne,2
GMO,Gombe,Nigeria,Gombe Lawanti,,,,2
RGK,Gorno-Altaysk,Russia,Gorno-Altaysk,,Russie,,2
GVR,Governador Valadares,Brazil,Coronel Altino Machado de Oliveira,,Brésil,,2
GRW,Graciosa Island,Portugal,Graciosa,,Portugal,,2
GFN,Grafton,Australia,Grafton,,Australie,,2
GCN,Grand Canyon,United States,Grand Canyon National Park,,États-Unis,USA US Etats Unis,2
GLH,Greenville,United States,Mid Delta Regional,,États-Unis,USA US Etats Unis,2
YGZ,Grise Fiord,Canada,Grise Fiord,,,,2
GJA,Guanaja,Honduras,La Laguna,,,,2
GNM,Guanambi,Brazil,Guanambi,,Brésil,,2
GAO,Guantanamo,Cuba,Mariana Grajales,,Cuba,,2
GPB,Guarapuava,Brazil,Tancredo Thomas de Faria,,Brésil,,2
GYA,Guayaramerín,Bolivia,Capitán de Av. Emilio Beltrán,,,,2
ELU,Guemar,Algeria,Guemar,,Algérie,,2
GUC,Gunnison,United States,Gunnison Crested Butte Regional,,États-Unis,USA US Etats Unis,2
GRP,Gurupi,Brazil,Gurupi,,Brésil,,2
GWL,Gwalior,India,Gwalior,,Inde,,2
LWN,Gyumri,Armenia,Gyumri Shirak,,,,2
HAC,Hachijojima,Japan,Hachijojima,,Japon,,2
HDM,Hamadan,Iran,Hamadan,,,,2
XFW,Hamburg,Germany,Hamburg-Finkenwerder,Hambourg,Allemagne,,2
HNM,Hana,United States,Hana,,États-Unis,USA US Etats Unis,2
CMX,Hancock,United States,Houghton County Memorial,,États-Unis,USA US Etats Unis,2
PIB,Hattiesburg/Laurel,United States,Hattiesburg Laurel Regional,,États-Unis,USA US Etats Unis,2
HVR,Havre,United States,Havre City County,,États-Unis,USA US Etats Unis,2
HDN,Hayden,United States,Yampa Valley,,États-Unis,USA US Etats Unis,2
HIB,Hibbing,United States,Range Regional,,États-Unis,USA US Etats Unis,2
HOB,Hobbs,United States,Lea County Regional,,États-Unis,USA US Etats Unis,2
HKK,Hokitika,New Zealand,Hokitika Airfield,,Nouvelle-Zélande,,2
HID,Horn Island,Australia,Horn Island,,Australie,,2
HOE,Huay Xai,Laos,Ban Huoeisay,,,,2
HYG,Hydaburg,United States,Hydaburg Seaplane Base,,États-Unis,USA US Etats Unis,2
IBA,Ibadan,Nigeria,Ibadan,,,,2
IAA,Igarka,Russia,Igarka,,Russie,,2
IGG,Igiugig,United States,Igiugig,,États-Unis,USA US Etats Unis,2
IIL,Ilam,Iran,Ilam,,,,2
ILI,Iliamna,United States,Iliamna,,États-Unis,USA US Etats Unis,2
ILR,Ilorin,Nigeria,Ilorin,,,,2
IPI,Ipiales,Colombia,San Luis,,Colombie,,2
IFJ,Isafjordur,Iceland,Ísafjörður,,Islande,,2
IRP,Isiro,Congo (Kinshasa),Matari,,,,2
ILY,Islay,United Kingdom,Islay,,Royaume-Uni,Angleterre GB Grande-Bretagne,2
ISE,Isparta,Turkey,Süleyman Demirel,,Turquie,,2
OBY,Ittoqqortoormiit,Greenland,Ittoqqortoormiit Heliport,,,,2
IWK,Iwakuni,Japan,Iwakuni Marine Corps Air Station,,Japon,,2
IWJ,Iwami,Japan,Iwami,,Japon,,2
IZO,Izumo,Japan,Izumo,,Japon,,2
JGA,Jamnagar,India,Jamnagar,,Inde,,2
JKR,Janakpur,Nepal,Janakpur,,,,2
JQE,Jaqué,Panama,Jaqué,,Panama,,2
JAU,Jauja,Peru,Francisco Carle,,Pérou,,2
JOE,Joensuu,Finland,Joensuu,,Finlande,,2
JOL,Jolo,Philippines,Jolo,,Philippines,,2
JBR,Jonesboro,United States,Jonesboro Municipal,,États-Unis,USA US Etats Unis,2
JOS,Jos,Nigeria,Yakubu Gowon,,,,2
KAD,Kaduna,Nigeria,Kaduna,,,,2
KAT,Kaitaia,New Zealand,Kaitaia,,Nouvelle-Zélande,,2
KME,Kamembe,Rwanda,Kamembe,,,,2
MUE,Kamuela,United States,Waimea Kohala,,États-Unis,USA US Etats Unis,2
KGT,Kangding,China,Kangding,,Chine,,2
XGR,Kangiqsualujjuaq,Canada,Kangiqsualujjuaq (Georges River),,,,2
KNU,Kanpur,India,Kanpur,,Inde,,2
KAZ,Kao,Indonesia,Kao,,Indonésie,,2
KRP,Karup,Denmark,Karup,,Danemark,,2
KAA,Kasama,Zambia,Kasama,,,,2
KSE,Kasese,Uganda,Kasese,,,,2
KFS,Kastamonu,Turkey,Kastamonu,,Turquie,,2
KSO,Kastoria,Greece,Kastoria National,,Grèce,,2
KHZ,Kauehi,French Polynesia,Kauehi,,,,2
KKR,Kaukura Atoll,French Polynesia,Kaukura,,,,2
KAW,Kawthoung,Burma,Kawthoung,,,,2
KEW,Keewaywin,Canada,Keewaywin,,,,2
KET,Kengtung,Burma,Kengtung,,,,2
KKE,Kerikeri,New Zealand,Kerikeri,,Nouvelle-Zélande,,2
HJR,Khajuraho,India,Khajuraho,,Inde,,2
KHS,Khasab,Oman,Khasab Air Base,,,,2
KHD,Khorram Abad,Iran,Khoram Abad,,,,2
HVD,Khovd,Mongolia,Khovd,,,,2
KHY,Khoy,Iran,Khoy,,,,2
YLC,Kimmirut,Canada,Kimmirut,,,,2
KVC,King Cove,United States,King Cove,,États-Unis,USA US Etats Unis,2
KGC,Kingscote,Australia,Kingscote,,Australie,,2
YGK,Kingston,Canada,Kingston Norman Rogers,,,,2
KCK,Kirensk,Russia,Kirensk,,Russie,,2
IRK,Kirksville,United States,Kirksville Regional,,États-Unis,USA US Etats Unis,2
KTL,Kitale,Kenya,Kitale,,Kenya,,2
KGP,Kogalym,Russia,Kogalym,,Russie,,2
KNQ,Kone,New Caledonia,Koné,,,,2
KOO,Kongolo,Congo (Kinshasa),Kongolo,,,,2
KID,Kristianstad,Sweden,Kristianstad,,Suède,,2
KUU,Kulu,India,Kullu Manali,,Inde,,2
UEO,Kumejima,Japan,Kumejima,,Japon,,2
CMU,Kundiawa,Papua New Guinea,Chimbu,,,,2
KUO,Kuopio,Finland,Kuopio,,Finlande,,2
URE,Kuressaare,Estonia,Kuressaare,,,,2
URS,Kursk,Russia,Kursk East,,Russie,,2
KZR,Kutahya,Turkey,Zafer,,Turquie,,2
KAO,Kuusamo,Finland,Kuusamo,,Finlande,,2
KYP,Kyaukpyu,Burma,Kyaukpyu,,,,2
KYZ,Kyzyl,Russia,Kyzyl,,Russie,,2
LFR,La Fria,Venezuela,La Fria,,,,2
GMZ,La Gomera,Spain,La Gomera,,Espagne,,2
LPD,La Pedrera,Colombia,La Pedrera,,Colombie,,2
IRJ,La Rioja,Argentina,Capitan V A Almonacid,,Argentine,,2
LDU,Lahad Datu,Malaysia,Lahad Datu,,,,2
LMA,Lake Minchumina,United States,Minchumina,,États-Unis,USA US Etats Unis,2
LKB,Lakeba Island,Fiji,Lakeba Island,,,,2
LPT,Lampang,Thailand,Lampang,,Thaïlande,,2
LNS,Lancaster,United States,Lancaster,,États-Unis,USA US Etats Unis,2
LEQ,Land's End,United Kingdom,Land's End,,Royaume-Uni,Angleterre GB Grande-Bretagne,2
LAI,Lannion,France,Lannion-Côte de Granit,,,,2
LAR,Laramie,United States,Laramie Regional,,États-Unis,USA US Etats Unis,2
KLN,Larsen Bay,United States,Larsen Bay,,États-Unis,USA US Etats Unis,2
LEH,Le Havre,France,Le Havre Octeville,,,,2
LPY,Le Puy,France,Le Puy-Loudes,,,,2
LEC,Lençóis,Brazil,Coronel Horácio de Mattos,,Brésil,,2
LEN,Leon,Spain,Leon,León,Espagne,,2
YQL,Lethbridge,Canada,Lethbridge County,,,,2
LLB,Libo,China,Libo,,Chine,,2
LMN,Limbang,Malaysia,Limbang,,,,2
LSY,Lismore,Australia,Lismore,,Australie,,2
ILD,Lleida,Spain,Lleida-Alguaire,,Espagne,,2
YLL,Lloydminster,Canada,Lloydminster,,,,2
LOE,Loei,Thailand,Loei,,Thaïlande,,2
RJL,Logroño-Agoncillo,Spain,Logroño-Agoncillo,,Espagne,,2
LKG,Lokichoggio,Kenya,Lokichoggio,,Kenya,,2
LCX,Longyan,China,Longyan Guanzhishan,,Chine,,2
LPS,Lopez,United States,Lopez Island,,États-Unis,USA US Etats Unis,2
LTO,Loreto,Mexico,Loreto,,Mexique,,2
LAM,Los Alamos,United States,Los Alamos,,États-Unis,USA US Etats Unis,2
LXG,Luang Namtha,Laos,Luang Namtha,,,,2
LUD,Luderitz,Namibia,Luderitz,,,,2
LUH,Ludhiaha,India,Ludhiana,,Inde,,2
LUO,Luena,Angola,Luena,,,,2
YSG,Lutselk'e,Canada,Lutselk'e,,,,2
SSY,M'banza-congo,Angola,Mbanza Congo,,,,2
XMS,Macas,Ecuador,Coronel E Carvajal,,,,2
HGN,Mae Hong Son,Thailand,Mae Hong Son,,Thaïlande,,2
MWF,Maewo Island,Vanuatu,Maewo-Naone,,,,2
MMO,Maio,Cape Verde,Maio,,,,2
MKP,Makemo,French Polynesia,Makemo,,,,2
WMR,Mananara,Madagascar,Mananara Nord,,,,2
MGS,Mangaia Island,Cook Islands,Mangaia Island,,,,2
MBL,Manistee,United States,Manistee Co Blacker,,États-Unis,USA US Etats Unis,2
MZL,Manizales,Colombia,La Nubia,,Colombie,,2
MLY,Manley Hot Springs,United States,Manley Hot Springs,,États-Unis,USA US Etats Unis,2
MHG,Mannheim,Germany,Mannheim-City,,Allemagne,,2
MNS,Mansa,Zambia,Mansa,,,,2
MEC,Manta,Ecuador,Eloy Alfaro,,,,2
MTS,Manzini,Swaziland,Matsapha,,,,2
RUS,Marau,Solomon Islands,Marau,,,,2
MEE,Mare,New Caledonia,Maré,,,,2
MGH,Margate,South Africa,Margate,,Afrique du Sud,,2
MWA,Marion,United States,Williamson County Regional,,États-Unis,USA US Etats Unis,2
MVR,Maroua,Cameroon,Salak,,,,2
MBT,Masbate,Philippines,Moises R. Espinosa,,Philippines,,2
MSU,Maseru,Lesotho,Moshoeshoe I,,,,2
MSS,Massena,United States,Massena Richards Field,,États-Unis,USA US Etats Unis,2
ZMT,Masset,Canada,Masset,,,,2
MUK,Mauke Island,Cook Islands,Mauke,,,,2
MAZ,Mayaguez,Puerto Rico,Eugenio Maria De Hostos,,,,2
MBI,Mbeya,Tanzania,Songwe,,,,2
MCV,McArthur River Mine,Australia,McArthur River Mine,,Australie,,2
MCK,McCook,United States,Mc Cook Ben Nelson Regional,,États-Unis,USA US Etats Unis,2
MZW,Mecheria,Algeria,Mecheria,,Algérie,,2
YXH,Medicine Hat,Canada,Medicine Hat,,,,2
MYU,Mekoryuk,United States,Mekoryuk,,États-Unis,USA US Etats Unis,2
MEB,Melbourne,Australia,Melbourne Essendon,,Australie,,2
MNA,Melonguane,Indonesia,Melangguane,,Indonésie,,2
MDU,Mendi,Papua New Guinea,Mendi,,,,2
MCE,Merced,United States,Merced Regional Macready Field,,États-Unis,USA US Etats Unis,2
MEI,Meridian,United States,Key Field,,États-Unis,USA US Etats Unis,2
MFU,Mfuwe,Zambia,Mfuwe,,,,2
MGT,Milingimbi,Australia,Milingimbi,,Australie,,2
MQH,Minacu,Brazil,Minaçu,,Brésil,,2
MOI,Mitiaro Island,Cook Islands,Mitiaro Island,,,,2
CNY,Moab,United States,Canyonlands Field,,États-Unis,USA US Etats Unis,2
MSZ,Mocamedes,Angola,Namibe,,,,2
MOD,Modesto,United States,Modesto City Co-Harry Sham Field,,États-Unis,USA US Etats Unis,2
MBE,Monbetsu,Japan,Monbetsu,,Japon,,2
MTJ,Montrose CO,United States,Montrose Regional,,États-Unis,USA US Etats Unis,2
MRZ,Moree,Australia,Moree,,Australie,,2
OMO,Mostar,Bosnia and Herzegovina,Mostar,,,,2
MPN,Mount Pleasant,Falkland Islands,Mount Pleasant,,,,2
MYW,Mtwara,Tanzania,Mtwara,,,,2
ODY,Muang Xay,Laos,Oudomsay,,,,2
MSL,Muscle Shoals,United States,Northwest Alabama Regional,,États-Unis,USA US Etats Unis,2
MKG,Muskegon,United States,Muskegon County,,États-Unis,USA US Etats Unis,2
MYQ,Mysore,India,Mysore,,Inde,,2
NGE,N'gaoundere,Cameroon,N'Gaoundéré,,,,2
NAH,Naha,Indonesia,Naha,,Indonésie,,2
NAJ,Nakhchivan,Azerbaijan,Nakhchivan,,,,2
SHM,Nanki-shirahama,Japan,Nanki Shirahama,,Japon,,2
WNA,Napakiak,United States,Napakiak,,États-Unis,USA US Etats Unis,2
PKA,Napaskiak,United States,Napaskiak,,États-Unis,USA US Etats Unis,2
APF,Naples,United States,Naples Municipal,Naples,États-Unis,USA US Etats Unis,2
NAW,Narathiwat,Thailand,Narathiwat,,Thaïlande,,2
NVK,Narvik,Norway,Narvik Framnes,,Norvège,,2
NLG,Nelson Lagoon,United States,Nelson Lagoon,,États-Unis,USA US Etats Unis,2
KEP,Nepalgunj,Nepal,Nepalgunj,,,,2
NIB,Nikolai,United States,Nikolai,,États-Unis,USA US Etats Unis,2
IKO,Nikolski,United States,Nikolski Air Station,,États-Unis,USA US Etats Unis,2
NGK,Nogliki,Russia,Nogliki,,Russie,,2
LBF,North Platte,United States,North Platte Regional Lee Bird Field,,États-Unis,USA US Etats Unis,2
NOB,Nosara Beach,Costa Rica,Nosara,,Costa Rica,,2
NLD,Nuevo Laredo,Mexico,Quetzalcóatl,,Mexique,,2
NQU,Nuquí,Colombia,Reyes Murillo,,Colombie,,2
ONJ,Odate Noshiro,Japan,Odate Noshiro,,Japon,,2
OGD,Ogden,United States,Ogden Hinckley,,États-Unis,USA US Etats Unis,2
OGS,Ogdensburg,United States,Ogdensburg,,États-Unis,USA US Etats Unis,2
YOG,Ogoki Post,Canada,Ogoki Post,,,,2
OKL,Oksibil,Indonesia,Oksibil,,Indonésie,,2
ULG,Olgii,Mongolia,Ulgii Mongolei,,,,2
OLP,Olympic Dam,Australia,Olympic Dam,,Australie,,2
OND,Ondangwa,Namibia,Ondangwa,,,,2
OAG,Orange,Australia,Orange,,Australie,,2
OMD,Oranjemund,Namibia,Oranjemund,,,,2
EUX,Oranjestad,Netherlands Antilles,F. D. Roosevelt,,Antilles néerlandaises,Aruba,2
TMT,Oriximina,Brazil,Trombetas,,Brésil,,2
OLA,Orland,Norway,Ørland,,Norvège,,2
OER,Ornskoldsvik,Sweden,Örnsköldsvik,,Suède,,2
OSW,Orsk,Russia,Orsk,,Russie,,2
OIM,Oshima,Japan,Oshima,,Japon,,2
ZOS,Osorno,Chile,Cañal Bajo Carlos - Hott Siebert,,Chili,,2
OST,Ostend,Belgium,Ostend-Bruges,,Belgique,,2
OLL,Oyo,Congo (Brazzaville),Oyo Ollombo,,,,2
PAH,PADUCAH,United States,Barkley Regional,,États-Unis,USA US Etats Unis,2
PKB,PARKERSBURG,United States,Mid Ohio Valley Regional,,États-Unis,USA US Etats Unis,2
PPG,Pago Pago,American Samoa,Pago Pago,,,,2
PYY,Pai,Thailand,Mae Hong Son,,Thaïlande,,2
PQM,Palenque,Mexico,Palenque,,Mexique,,2
PJG,Panjgur,Pakistan,Panjgur,,,,2
PIN,Parintins,Brazil,Parintins,,Brésil,,2
PFQ,Parsabad,Iran,Parsabade Moghan,,,,2
YPC,Paulatuk,Canada,Paulatuk (Nora Aliqatchialuk Ruben),,,,2
PAV,Paulo Alfonso,Brazil,Paulo Afonso,,Brésil,,2
YPO,Peawanuck,Canada,Peawanuck,,,,2
PLN,Pellston,United States,Pellston Regional of Emmet County,,États-Unis,USA US Etats Unis,2
PDT,Pendleton,United States,Eastern Oregon Regional At Pendleton,,États-Unis,USA US Etats Unis,2
SSR,Pentecost Island,Vanuatu,Sara,,,,2
YYF,Penticton,Canada,Penticton,,,,2
PEZ,Penza,Russia,Penza,,Russie,,2
KPV,Perryville,United States,Perryville,,États-Unis,USA US Etats Unis,2
PES,Petrozavodsk,Russia,Petrozavodsk,,Russie,,2
PWE,Pevek,Russia,Pevek,,Russie,,2
PHW,Phalaborwa,South Africa,Hendrik Van Eck,,Afrique du Sud,,2
XKH,Phon Savan,Laos,Xieng Khouang,,,,2
PRH,Phrae,Thailand,Phrae,,Thaïlande,,2
YPL,Pickle Lake,Canada,Pickle Lake,,,,2
PZB,Pietermaritzburg,South Africa,Pietermaritzburg,,Afrique du Sud,,2
PIP,Pilot Point,United States,Pilot Point,,États-Unis,USA US Etats Unis,2
PIH,Pocatello,United States,Pocatello Regional,,États-Unis,USA US Etats Unis,2
PKR,Pokhara,Nepal,Pokhara,,,,2
PPN,Popayan,Colombia,Guillermo León Valencia,,Colombie,,2
CLM,Port Angeles,United States,William R Fairchild,,États-Unis,USA US Etats Unis,2
POG,Port Gentil,Gabon,Port Gentil,,,,2
PTH,Port Heiden,United States,Port Heiden,,États-Unis,USA US Etats Unis,2
PTU,Port Moller,United States,Platinum,,États-Unis,USA US Etats Unis,2
RCY,Port Nelson,Bahamas,Rum Cay,,Bahamas,,2
PSM,Portsmouth,United States,Portsmouth at Pease,,États-Unis,USA US Etats Unis,2
PSS,Posadas,Argentina,Libertador Gral D Jose De San Martin,,Argentine,,2
PSJ,Poso,Indonesia,Kasiguncu,,Indonésie,,2
PTG,Potgietersrus,South Africa,Polokwane,,Afrique du Sud,,2
YPW,Powell River,Canada,Powell River,,,,2
PRI,Praslin,Seychelles,Praslin,,,,2
PRC,Prescott,United States,Ernest A. Love Field,,États-Unis,USA US Etats Unis,2
PVA,Providencia,Colombia,El Embrujo,,Colombie,,2
PVC,Provincetown,United States,Provincetown Municipal,,États-Unis,USA US Etats Unis,2
PUB,Pueblo,United States,Pueblo Memorial,,États-Unis,USA US Etats Unis,2
PYH,Puerto Ayacucho,Venezuela,Cacique Aramare,,,,2
LQM,Puerto Leguízamo,Colombia,Caucaya,,Colombie,,2
PMY,Puerto Madryn,Argentina,El Tehuelche,,Argentine,,2
PUE,Puerto Obaldia,Panama,Puerto Obaldia,,Panama,,2
PBU,Putao,Burma,Putao,,,,2
GBB,Qabala,Azerbaijan,Gabala,,,,2
UIP,Quimper,France,Quimper-Cornouaille,,,,2
UIN,Quincy,United States,Quincy Regional Baldwin Field,,États-Unis,USA US Etats Unis,2
VKG,Rach Gia,Vietnam,Rach Gia,,Viêt Nam,,2
RAH,Rafha,Saudi Arabia,Rafha Domestic,,Arabie saoudite,,2
RJH,Rajshahi,Bangladesh,Shah Mokhdum,,,,2
NTX,Ranai-Natuna Besar Island,Indonesia,Ranai,,Indonésie,,2
UNN,Ranong,Thailand,Ranong,,Thaïlande,,2
RDD,Redding,United States,Redding Municipal,,États-Unis,USA US Etats Unis,2
RDC,Redencao,Brazil,Redenção,,Brésil,,2
RES,Resistencia,Argentina,Resistencia,,Argentine,,2
RIB,Riberalta,Bolivia,Capitán Av. Selin Zeitun Lopez,,,,2
RCB,Richard's Bay,South Africa,Richards Bay,,Afrique du Sud,,2
RCM,Richmond,Australia,Richmond,,Australie,,2
RCH,Rio Hacha,Colombia,Almirante Padilla,,Colombie,,2
RHD,Rio Hondo,Argentina,Termas de Río Hondo international,,Argentine,,2
RVD,Rio Verde,Brazil,General Leite de Castro,,Brésil,,2
RIW,Riverton WY,United States,Riverton Regional,,États-Unis,USA US Etats Unis,2
RKD,Rockland,United States,Knox County Regional,,États-Unis,USA US Etats Unis,2
RRG,Rodriguez Island,Mauritius,Sir Charles Gaetan Duval,,,,2
ROI,Roi Et,Thailand,Roi Et,,Thaïlande,,2
ROO,Rondonopolis,Brazil,Maestro Marinho Franco,,Brésil,,2
RNN,Ronne,Denmark,Bornholm,,Danemark,,2
RRS,Roros,Norway,Røros,,Norvège,,2
RTA,Rotuma,Fiji,Rotuma,,,,2
TTQ,Roxana,Costa Rica,Aerotortuguero,,Costa Rica,,2
RUT,Rutland,United States,Rutland - Southern Vermont Regional,,États-Unis,USA US Etats Unis,2
AFZ,Sabzevar,Iran,Sabzevar National,,,,2
SNO,Sakon Nakhon,Thailand,Sakon Nakhon,,Thaïlande,,2
SLM,Salamanca,Spain,Salamanca,,Espagne,,2
SLN,Salina,United States,Salina Municipal,,États-Unis,USA US Etats Unis,2
SLX,Salt Cay,Turks and Caicos Islands,Salt Cay,,,,2
SVZ,San Antonio,Venezuela,San Antonio Del Tachira,,,,2
SJI,San Jose,Philippines,San Jose,San José,Philippines,,2
SYQ,San Jose,Costa Rica,Tobias Bolanos,San José,Costa Rica,,2
CPC,San Martin Des Andes,Argentina,Aviador C. Campos,,Argentine,,2
SOM,San Tome,Venezuela,San Tomé,,,,2
SDG,Sanandaj,Iran,Sanandaj,,,,2
YZP,Sandspit,Canada,Sandspit,,,,2
EAE,Sangafa,Vanuatu,Siwo,,,,2
SNV,Santa Ana De Uairen,Venezuela,Santa Elena de Uairen,,,,2
SCZ,Santa Cruz/Graciosa Bay/Luova,Solomon Islands,Santa Cruz/Graciosa Bay/Luova,,,,2
IRZ,Santa Isabel do Rio Negro,Brazil,Tapuruquara,,Brésil,,2
RSA,Santa Rosa,Argentina,Santa Rosa,,Argentine,,2
ETR,Santa Rosa,Ecuador,Santa Rosa,,,,2
SRA,Santa Rosa,Brazil,Santa Rosa,,Brésil,,2
SDE,Santiago Del Estero,Argentina,Vicecomodoro Angel D. La Paz Aragonés,,Argentine,,2
SXO,Sao Felix do Araguaia,Brazil,São Félix do Araguaia,,Brésil,,2
SFL,"Sao Filipe, Fogo Island",Cape Verde,São Filipe,,,,2
SJL,Sao Gabriel,Brazil,São Gabriel da Cachoeira,,Brésil,,2
OLC,Sao Paulo de Olivenca,Brazil,Senadora Eunice Micheles,,Brésil,,2
SLK,Saranac Lake,United States,Adirondack Regional,,États-Unis,USA US Etats Unis,2
YZR,Sarnia,Canada,Chris Hadfield,,,,2
CIU,Sault Ste Marie,United States,Chippewa County,,États-Unis,USA US Etats Unis,2
SXK,Saumlaki,Indonesia,Saumlaki/Olilit,,Indonésie,,2
BFF,Scottsbluff,United States,Western Neb. Rgnl/William B. Heilig,,États-Unis,USA US Etats Unis,2
EKS,Shakhtyorsk,Russia,Shakhtyorsk,,Russie,,2
SHR,Sheridan,United States,Sheridan County,,États-Unis,USA US Etats Unis,2
SHL,Shillong,India,Shillong,,Inde,,2
SYO,Shonai,Japan,Shonai,,Japon,,2
IAO,Siargao,Philippines,Siargao,,Philippines,,2
SDY,Sidney,United States,Sidney - Richland Regional,,États-Unis,USA US Etats Unis,2
KOS,Sihanoukville,Cambodia,Sihanoukville,,,,2
NOP,Sinop,Turkey,Sinop,,Turquie,,2
SXI,Siri Island,Iran,Sirri Island,,,,2
KDU,Skardu,Pakistan,Skardu,,,,2
SKE,Skien,Norway,Skien,,Norvège,,2
SGD,Soenderborg,Denmark,Sønderborg,,Danemark,,2
YNY,Sokcho / Gangneung,South Korea,Yangyang,,Corée du Sud,,2
SKO,Sokoto,Nigeria,Sadiq Abubakar III,,,,2
CSH,Solovetsky Islands,Russia,Solovki,,Russie,,2
WSN,South Naknek,United States,South Naknek Nr 2,,États-Unis,USA US Etats Unis,2
UST,St. Augustine Airport,United States,Northeast Florida Regional,,États-Unis,USA US Etats Unis,2
YJT,Stephenville,Canada,Stephenville,,,,2
SCK,Stockton,United States,Stockton Metropolitan,,États-Unis,USA US Etats Unis,2
THS,Sukhothai,Thailand,Sukhothai,,Thaïlande,,2
SUR,Summer Beaver,Canada,Summer Beaver,,,,2
NYI,Sunyani,Ghana,Sunyani,,,,2
TBT,Tabatinga,Brazil,Tabatinga,,Brésil,,2
TGK,Taganrog,Russia,Taganrog Yuzhny,,Russie,,2
TNN,Tainan,Taiwan,Tainan,,,,2
MAQ,Tak,Thailand,Mae Sot,,Thaïlande,,2
TKP,Takapoto,French Polynesia,Takapoto,,,,2
TBW,Tambow,Russia,Donskoye,,Russie,,2
TMW,Tamworth,Australia,Tamworth,,Australie,,2
TTA,Tan Tan,Morocco,Tan Tan,,Maroc,,2
TQL,Tarko-Sale,Russia,Tarko-Sale,,Russie,,2
TLJ,Tatalina,United States,Tatalina LRRS,,États-Unis,USA US Etats Unis,2
TEE,Tebessa,Algeria,Cheikh Larbi Tébessi,,Algérie,,2
TNW,Tena,Ecuador,Jumandy,,,,2
TEB,Teterboro,United States,Teterboro,,États-Unis,USA US Etats Unis,2
TTU,Tetouan,Morocco,Saniat R'mel,,Maroc,,2
XTG,Thargomindah,Australia,Thargomindah,,Australie,,2
TVF,Thief River Falls,United States,Thief River Falls Regional,,États-Unis,USA US Etats Unis,2
TIU,Timaru,New Zealand,Timaru,,Nouvelle-Zélande,,2
TNC,Tin City,United States,Tin City Long Range Radar Station,,États-Unis,USA US Etats Unis,2
TGI,Tingo Maria,Peru,Tingo Maria,,Pérou,,2
TRE,Tiree,United Kingdom,Tiree,,Royaume-Uni,Angleterre GB Grande-Bretagne,2
TOG,Togiak Village,United States,Togiak,,États-Unis,USA US Etats Unis,2
TKJ,Tok,United States,Tok Junction,,États-Unis,USA US Etats Unis,2
TGH,Tongoa Island,Vanuatu,Tongoa,,,,2
FOE,Topeka,United States,Topeka Regional - Forbes Field,,États-Unis,USA US Etats Unis,2
KCO,Topel,Turkey,Cengiz Topel,,Turquie,,2
GMR,Totegegie,French Polynesia,Totegegie,,,,2
TTJ,Tottori,Japan,Tottori,,Japon,,2
TGR,Touggourt,Algeria,Touggourt Sidi Madhi,,Algérie,,2
TOU,Touho,New Caledonia,Touho,,,,2
YZZ,Trail,Canada,Trail,,,,2
TDX,Trat,Thailand,Trat,,Thaïlande,,2
TRR,Trinciomalee,Sri Lanka,China Bay,,,,2
THN,Trollhattan,Sweden,Trollhättan-Vänersborg,,Suède,,2
TRU,Trujillo,Peru,Capitan FAP Carlos Martinez De Pinillos,,Pérou,,2
TUR,Tucurui,Brazil,Tucuruí,,Brésil,,2
YUB,Tuktoyaktuk,Canada,Tuktoyaktuk,,,,2
TCO,Tumaco,Colombia,La Florida,,Colombie,,2
TBP,Tumbes,Peru,Capitan FAP Pedro Canga Rodriguez,,Pérou,,2
TMI,Tumling Tar,Nepal,Tumling Tar,,,,2
TUI,Turaif,Saudi Arabia,Turaif Domestic,,Arabie saoudite,,2
THX,Turukhansk,Russia,Turukhansk,,Russie,,2
TWF,Twin Falls,United States,Joslin Field Magic Valley Regional,,États-Unis,USA US Etats Unis,2
ULO,Ulaangom,Mongolia,Ulaangom,,,,2
ULZ,Uliastai,Mongolia,Donoi,,,,2
UTT,Umtata,South Africa,K. D. Matanzima,,Afrique du Sud,,2
URG,Uruguaiana,Brazil,Rubem Berta,,Brésil,,2
UTS,Ust-Tsylma,Russia,Ust-Tsylma,,Russie,,2
QUO,Uyo,Nigeria,Akwa Ibom,,,,2
UYU,Uyuni,Bolivia,Uyuni,,,,2
UDJ,Uzhgorod,Ukraine,Uzhhorod,,Ukraine,,2
EGE,Vail,United States,Eagle County Regional,,États-Unis,USA US Etats Unis,2
VLS,Valesdir,Vanuatu,Valesdir,,,,2
CXH,Vancouver,Canada,Vancouver Harbour Water Aerodrome,,,,2
VBV,Vanua Balavu,Fiji,Vanua Balavu,,,,2
VUS,Veliky Ustyug,Russia,Velikiy Ustyug,,Russie,,2
VEL,Vernal,United States,Vernal Regional,,États-Unis,USA US Etats Unis,2
VCT,Victoria,United States,Victoria Regional,,États-Unis,USA US Etats Unis,2
VDM,Viedma,Argentina,Gobernador Castello,,Argentine,,2
BVH,Vilhena,Brazil,Brigadeiro Camarão,,Brésil,,2
VGZ,Villa Garzon,Colombia,Villa Garzón,,Colombie,,2
VIN,Vinnitsa,Ukraine,Vinnytsia/Gavyryshivka,,Ukraine,,2
VRC,Virac,Philippines,Virac,,Philippines,,2
VIS,Visalia,United States,Visalia Municipal,,États-Unis,USA US Etats Unis,2
WGP,Waingapu,Indonesia,Umbu Mehang Kunda,,Indonésie,,2
NTQ,Wajima,Japan,Noto,,Japon,,2
WLH,Walaha,Vanuatu,Walaha,,,,2
ALW,Walla Walla,United States,Walla Walla Regional,,États-Unis,USA US Etats Unis,2
WMX,Wamena,Indonesia,Wamena,,Indonésie,,2
WAG,Wanganui,New Zealand,Wanganui,,Nouvelle-Zélande,,2
WBM,Wapenamanda,Papua New Guinea,Wapenamanda,,,,2
EJH,Wejh,Saudi Arabia,Al Wajh Domestic,,Arabie saoudite,,2
YFJ,Wekweeti,Canada,Wekweètì,,,,2
EAT,Wenatchee,United States,Pangborn Memorial,,États-Unis,USA US Etats Unis,2
WSZ,Westport,New Zealand,Westport,,Nouvelle-Zélande,,2
WHK,Whakatane,New Zealand,Whakatane,,Nouvelle-Zélande,,2
YLE,Whatì,Canada,Whatì,,,,2
WYA,Whyalla,Australia,Whyalla,,Australie,,2
OLF,Wolf Point,United States,L M Clayton,,États-Unis,USA US Etats Unis,2
WJU,Wonju,South Korea,Wonju/Hoengseong Air Base (K-38/K-46),,Corée du Sud,,2
YKM,Yakima,United States,Yakima Air Terminal McAllister Field,,États-Unis,USA US Etats Unis,2
IAR,Yaroslavl,Russia,Tunoshna,,Russie,,2
YES,Yasuj,Iran,Yasouj,,,,2
YOL,Yola,Nigeria,Yola,,,,2
DEE,Yuzhno-Kurilsk,Russia,Mendeleyevo,,Russie,,2
ACZ,Zabol,Iran,Zabol,,,,2
TEQ,Çorlu,Turkey,Tekirdağ Çorlu,,Turquie,,2
ILP,Île des Pins,New Caledonia,Île des Pins,,,,2
IUE,Alofi,Niue,Niue,,,,1
BVS,Breves,Brazil,Breves,,Brésil,,1
DLZ,Dalanzadgad,Mongolia,Dalanzadgad,,,,1
FMI,Kalemie,Congo (Kinshasa),Kalemie,,,,1
KYK,Karluk,United States,Karluk,,États-Unis,USA US Etats Unis,1
KZI,Kozani,Greece,Filippos,,Grèce,,1
LJA,Lodja,Congo (Kinshasa),Lodja,,,,1
MSW,Massawa,Eritrea,Massawa,,,,1
VDA,Ovda,Israel,Ovda,,Israël,,1
PTJ,Portland,Australia,Portland,,Australie,,1
STZ,Santa Terezinha,Brazil,Santa Terezinha,,Brésil,,1
CMP,Santana do Araguaia,Brazil,Santana do Araguaia,,Brésil,,1
SXX,Sao Felix do Xingu,Brazil,São Félix do Xingu,,Brésil,,1
TUA,Tulcan,Ecuador,Teniente Coronel Luis a Mantilla,,,,1
UII,Utila,Honduras,Utila,,,,1
KMX,,Saudi Arabia,King Khaled Air Base,,Arabie saoudite,,0
BPH,,Philippines,Bislig,,Philippines,,0
MXI,,Philippines,Mati National,,Philippines,,0
BGN,,Russia,Belaya Gora,,Russie,,0
VLK,,Russia,Volgodonsk,,Russie,,0
RTC,,India,Ratnagiri,,Inde,,0
ARY,,Australia,Ararat,,Australie,,0
BLN,,Australia,Benalla,,Australie,,0
BZD,,Australia,Balranald,,Australie,,0
BWQ,,Australia,Brewarrina,,Australie,,0
CVC,,Australia,Cleve,,Australie,,0
CWW,,Australia,Corowa,,Australie,,0
CYG,,Australia,Corryong,,Australie,,0
CMD,,Australia,Cootamundra,,Australie,,0
DRN,,Australia,Dirranbandi,,Australie,,0
DYA,,Australia,Dysart,,Australie,,0
ECH,,Australia,Echuca,,Australie,,0
GUH,,Australia,Gunnedah,,Australie,,0
HXX,,Australia,Hay,,Australie,,0
HTU,,Australia,Hopetoun,,Australie,,0
KRA,,Australia,Kerang,,Australie,,0
KPS,,Australia,Kempsey,,Australie,,0
KGY,,Australia,Kingaroy,,Australie,,0
MRG,,Australia,Mareeba,,Australie,,0
RPM,,Australia,Ngukurr,,Australie,,0
QRM,,Australia,Narromine,,Australie,,0
PPI,,Australia,Port Pirie,,Australie,,0
SIO,,Australia,Smithton,,Australie,,0
SNB,,Australia,Snake Bay,,Australie,,0
SWC,,Australia,Stawell,,Australie,,0
TYB,,Australia,Tibooburra,,Australie,,0
TUM,,Australia,Tumut,,Australie,,0
WGT,,Australia,Wangaratta,,Australie,,0
WKB,,Australia,Warracknabeal,,Australie,,0
QRR,,Australia,Warren,,Australie,,0
NGA,,Australia,Young,,Australie,,0
UUN,,Mongolia,Baruun Urt,,,,0
XEN,,China,Xingcheng Air Base,,Chine,,0
ZMH,108 Mile Ranch,Canada,South Cariboo Region / 108 Mile,,,,0
AID,ANDERSON,United States,Anderson Municipal Darlington Field,,États-Unis,USA US Etats Unis,0
AAH,Aachen,Germany,Aachen-Merzbrück,,Allemagne,,0
ABF,Abaiang Atoll,Kiribati,Abaiang,,,,0
XAB,Abbeville,France,Abbeville,,,,0
AEH,Abeche,Chad,Abeche,,,,0
AEA,Abemama,Kiribati,Abemama Atoll,,,,0
APG,Aberdeen,United States,Phillips Army Air Field,,États-Unis,USA US Etats Unis,0
DYS,Abilene,United States,Dyess Air Force Base,,États-Unis,USA US Etats Unis,0
DHF,Abu Dhabi,United Arab Emirates,Al Dhafra Air Base,,Émirats arabes unis,,0
AEU,Abumusa I.,Iran,Abu Musa Island,,,,0
ACD,Acandi,Colombia,Alcides Fernández,,Colombie,,0
AGV,Acarigua,Venezuela,Oswaldo Guevara Mujica,,,,0
ACS,Achinsk,Russia,Achinsk,,Russie,,0
ADT,Ada,United States,Ada Regional,,États-Unis,USA US Etats Unis,0
AIP,Adampur,India,Adampur,,Inde,,0
UAB,Adana,Turkey,İncirlik Air Base,,Turquie,,0
ADS,Addison,United States,Addison,,États-Unis,USA US Etats Unis,0
AFT,Afutara,Solomon Islands,Afutara Aerodrome,,,,0
AFY,Afyon,Turkey,Afyon,,Turquie,,0
AJY,Agadez,Niger,Mano Dayak,,,,0
AGZ,Aggeneys,South Africa,Aggeneys,,Afrique du Sud,,0
AKW,Aghajari,Iran,Aghajari,,,,0
AGQ,Agrinion,Greece,Agrinion Air Base,,Grèce,,0
AGJ,Aguni,Japan,Aguni,,Japon,,0
XIJ,Ahmed Al Jaber AB,Kuwait,Ahmed Al Jaber Air Base,,,,0
AHS,Ahuas,Honduras,Ahuas,,,,0
AIK,Aiken,United States,Aiken Regional,,États-Unis,USA US Etats Unis,0
AEO,Aioun El Atrouss,Mauritania,Aioun el Atrouss,,,,0
WSY,Airlie Beach,Australia,Whitsunday Island,,Australie,,0
MFX,Ajaccio,France,Méribel Altiport,,,,0
KQH,Ajmer,India,Kishangarh,,Inde,,0
LAK,Aklavik,Canada,Aklavik/Freddie Carmichael,,,,0
AKD,Akola,India,Akola,,Inde,,0
AKC,Akron,United States,Akron Fulton,,États-Unis,USA US Etats Unis,0
AKO,Akron,United States,Colorado Plains Regional,,États-Unis,USA US Etats Unis,0
AKT,Akrotiri,Cyprus,RAF Akrotiri,,,,0
AKR,Akure,Nigeria,Akure,,,,0
IQA,Al Asad,Iraq,Al Asad Air Base,,,,0
XQC,Al Bakr,Iraq,Joint Base Balad,,,,0
AKH,Al Kharj,Saudi Arabia,Prince Sultan Air Base,,Arabie saoudite,,0
MNH,Al Masna'ah,Oman,Rustaq,,,,0
TQD,Al Taqaddum,Iraq,Al Taqaddum Air Base,,,,0
NGZ,Alameda,United States,Alameda Naval Air Station,,États-Unis,USA US Etats Unis,0
HMN,Alamogordo,United States,Holloman Air Force Base,,États-Unis,USA US Etats Unis,0
ALM,Alamogordo,United States,Alamogordo White Sands Regional,,États-Unis,USA US Etats Unis,0
ABC,Albacete,Spain,Albacete-Los Llanos,,Espagne,,0
ALL,Albenga,Italy,Villanova D'Albenga,,Italie,,0
BYF,Albert,France,Albert-Bray,,,,0
LBI,Albi,France,Albi-Le Séquestre,,,,0
ABN,Albina,Suriname,Albina,,,,0
ADH,Aldan,Russia,Aldan,,Russie,,0
WKK,Aleknagik,United States,Aleknagik / New,,États-Unis,USA US Etats Unis,0
ALP,Aleppo,Syria,Aleppo,,,,0
YLT,Alert,Canada,Alert,,,,0
YAL,Alert Bay,Canada,Alert Bay,,,,0
ALJ,Alexander Bay,South Africa,Alexander Bay,,Afrique du Sud,,0
ALX,Alexander City,United States,Thomas C Russell Field,,États-Unis,USA US Etats Unis,0
ALR,Alexandra,New Zealand,Alexandra,,Nouvelle-Zélande,,0
ALY,Alexandria,Egypt,El Nouzha,,Égypte,,0
ESF,Alexandria,United States,Esler Regional,,États-Unis,USA US Etats Unis,0
AXN,Alexandria,United States,Chandler Field,,États-Unis,USA US Etats Unis,0
AEI,Algeciras,Spain,Algeciras Heliport,,Espagne,,0
ALI,Alice,United States,Alice,,États-Unis,USA US Etats Unis,0
ADY,Alldays,South Africa,Alldays,,Afrique du Sud,,0
YTF,Alma,Canada,Alma,,,,0
IXV,Along,India,Along,,Inde,,0
ARD,Alor Island,Indonesia,Mali,,Indonésie,,0
ABH,Alpha,Australia,Alpha,,Australie,,0
ALE,Alpine,United States,Alpine Casparis Municipal,,États-Unis,USA US Etats Unis,0
AOC,Altenburg,Germany,Altenburg-Nobitz,,Allemagne,,0
ARR,Alto Rio Senguer,Argentina,D. Casimiro Szlapelis,,Argentine,,0
ALN,Alton/St Louis,United States,St Louis Regional,,États-Unis,USA US Etats Unis,0
LTS,Altus,United States,Altus Air Force Base,,États-Unis,USA US Etats Unis,0
ALU,Alula,Somalia,Alula,,,,0
AVR,Alverca,Portugal,Alverca Air Base,,Portugal,,0
AXF,Alxa Left Banner,China,Alxa Left Banner Bayanhot,,Chine,,0
RHT,Alxa Right Banner,China,Alxa Right Banner Badanjilin,,Chine,,0
AMC,Am Timan,Chad,Am Timan,,,,0
AXJ,Amakusa,Japan,Amakusa,,Japon,,0
AMT,Amata,Australia,Amata,,Australie,,0
ATF,Ambato,Ecuador,Chachoán,,,,0
WAM,Ambatondrazaka,Madagascar,Ambatondrazaka,,,,0
AMB,Ambilobe,Madagascar,Ambilobe,,,,0
AMV,Amderma,Russia,Amderma,,Russie,,0
ADJ,Amman,Jordan,Amman-Marka,,,,0
YEY,Amos,Canada,Amos/Magny,,,,0
IVA,Ampampamena,Madagascar,Ampampamena,,,,0
AAA,Anaa,French Polynesia,Anaa,,,,0
AAO,Anaco,Venezuela,Anaco,,,,0
HVA,Analalava,Madagascar,Analalava,,,,0
MWK,Anambas Islands,Indonesia,Tarempa,,Indonésie,,0
MRI,Anchorage,United States,Merrill Field,,États-Unis,USA US Etats Unis,0
EDF,Anchorage,United States,Elmendorf Air Force Base,,États-Unis,USA US Etats Unis,0
ZWA,Andapa,Madagascar,Andapa,,,,0
UAM,Andersen,Guam,Andersen Air Force Base,,,,0
AND,Andersen,United States,Anderson Regional,,États-Unis,USA US Etats Unis,0
AOP,Andoas,Peru,Alferez FAP Alfredo Vladimir Sara Bauer,,Pérou,,0
PYR,Andravida,Greece,Andravida Air Base,,Grèce,,0
COX,Andros,Bahamas,Congo Town,,Bahamas,,0
ASD,Andros Town,Bahamas,Andros Town,,Bahamas,,0
NGD,Anegada,British Virgin Islands,Captain Auguste George,,,,0
NFO,"Angaha, Niuafo'ou Island",Tonga,Mata'aho,,,,0
ANE,Angers/Marcé,France,Angers-Loire,,,,0
LJN,Angleton,United States,Texas Gulf Coast Regional,,États-Unis,USA US Etats Unis,0
ANQ,Angola,United States,Tri State Steuben County,,États-Unis,USA US Etats Unis,0
AJN,Anjouan,Comoros,Ouani,,,,0
AKA,Ankang,China,Ankang Wulipu,,Chine,,0
ANK,Ankara,Turkey,Etimesgut Air Base,,Turquie,,0
JVA,Ankavandra,Madagascar,Ankavandra,,,,0
VBA,Ann,Burma,Ann,,,,0
ARB,Ann Arbor,United States,Ann Arbor Municipal,,États-Unis,USA US Etats Unis,0
NAI,Annai,Guyana,Annai,,,,0
ANP,Annapolis,United States,Lee,,États-Unis,USA US Etats Unis,0
NCY,Annecy,France,Annecy-Haute-Savoie-Mont Blanc,,,,0
QNJ,Annemasse,France,Annemasse,,,,0
ANN,Annette Island,United States,Annette Island,,États-Unis,USA US Etats Unis,0
ANB,Anniston,United States,Anniston Regional,,États-Unis,USA US Etats Unis,0
WAQ,Antsalova,Madagascar,Antsalova,,,,0
ATJ,Antsirabe,Madagascar,Antsirabe,,,,0
WAI,Antsohihy,Madagascar,Ambalabe,,,,0
ACJ,Anuradhapura,Sri Lanka,Anuradhapura Air Force Base,,,,0
AOT,Aosta,Italy,Aosta,,Italie,,0
AAF,Apalachicola,United States,Apalachicola Regional,,États-Unis,USA US Etats Unis,0
APK,Apataki,French Polynesia,Apataki,,,,0
FGI,Apia,Samoa,Fagali'i,,,,0
API,Apiay,Colombia,Gomez Nino Apiay Air Base,,Colombie,,0
AJK,Arak,Iran,Arak,,,,0
ADI,Arandis,Namibia,Arandis,,,,0
APQ,Arapiraca,Brazil,Arapiraca,,Brésil,,0
ASS,Arathusa,South Africa,Arathusa Safari Lodge,,Afrique du Sud,,0
AMZ,Ardmore,New Zealand,Ardmore,,Nouvelle-Zélande,,0
ADM,Ardmore,United States,Ardmore Municipal,,États-Unis,USA US Etats Unis,0
ARE,Arecibo,Puerto Rico,Antonio Nery Juarbe Pol,,,,0
GYL,Argyle,Australia,Argyle,,Australie,,0
AIR,Aripuana,Brazil,Aripuanã,,Brésil,,0
AYK,Arkalyk,Kazakhstan,Arkalyk North,,,,0
LDG,Arkhangelsk,Russia,Leshukonskoye,,Russie,,0
YYW,Armstrong,Canada,Armstrong,,,,0
AIS,Arorae,Kiribati,Arorae Island,,,,0
ATI,Artigas,Uruguay,Artigas,,,,0
AVK,Arvaikheer,Mongolia,Arvaikheer,,,,0
ASA,Assab,Eritrea,Assab,,,,0
AST,Astoria,United States,Astoria Regional,,États-Unis,USA US Etats Unis,0
ATR,Atar,Mauritania,Atar,,,,0
ATB,Atbara,Sudan,Atbara,,,,0
HEW,Athens,Greece,Athen Helenikon,Athènes,Grèce,,0
ATO,Athens,United States,Ohio University Snyder Field,Athènes,États-Unis,USA US Etats Unis,0
MMI,Athens,United States,McMinn County,Athènes,États-Unis,USA US Etats Unis,0
YIB,Atikokan,Canada,Atikokan Municipal,,,,0
FTY,Atlanta,United States,Fulton County Brown Field,,États-Unis,USA US Etats Unis,0
PDK,Atlanta,United States,DeKalb Peachtree,,États-Unis,USA US Etats Unis,0
NJA,Atsugi,Japan,Atsugi Naval Air Facility,,Japon,,0
AOU,Attopeu,Laos,Attopeu,,,,0
QGQ,Attu,Greenland,Attu Heliport,,,,0
OBS,Aubenas-vals-lanas,France,Aubenas-Ardèche Méridional,,,,0
AUO,Auburn,United States,Auburn University Regional,,États-Unis,USA US Etats Unis,0
DNL,Augusta,United States,Daniel Field,,États-Unis,USA US Etats Unis,0
AKS,Auki,Solomon Islands,Gwaunaru'u,,,,0
AUF,Auxerre,France,Auxerre-Branches,,,,0
AVB,Aviano,Italy,Aviano Air Base,,Italie,,0
AVO,Avon Park,United States,Avon Park Executive,,États-Unis,USA US Etats Unis,0
AWA,Awasa,Ethiopia,Awassa,,,,0
AYW,Ayawasi,Indonesia,Ayawasi,,Indonésie,,0
AYO,Ayolas,Paraguay,Juan De Ayolas,,,,0
BNU,BLUMENAU,Brazil,Blumenau,,Brésil,,0
BCM,Bacau,Romania,Bacău,,Roumanie,,0
BCO,Baco,Ethiopia,Baco,,,,0
BDD,Badu Island,Australia,Badu Island,,Australie,,0
BFX,Bafoussam,Cameroon,Bafoussam,,,,0
BPE,Bagan,Burma,Qinhuangdao Beidaihe,,,,0
BGX,Bage,Brazil,Comandante Gustavo Kraemer,,Brésil,,0
BGL,Baglung,Nepal,Baglung,,,,0
BAG,Baguio,Philippines,Loakan,,Philippines,,0
DBC,Baicheng,China,Baicheng Chang'an,,Chine,,0
BIB,Baidoa,Somalia,Baidoa,,,,0
BXY,Baikonur,Kazakhstan,Krainiy,,,,0
VMU,Baimuru,Papua New Guinea,Baimuru,,,,0
BGE,Bainbridge,United States,Decatur County Industrial Air Park,,États-Unis,USA US Etats Unis,0
BSJ,Bairnsdale,Australia,Bairnsdale,,Australie,,0
BJW,Bajawa,Indonesia,Bajawa Soa,,Indonésie,,0
BJH,Bajhang,Nepal,Bajhang,,,,0
BJU,Bajura,Nepal,Bajura,,,,0
BXE,Bakel,Senegal,Bakel,,Sénégal,,0
BKE,Baker City,United States,Baker City Municipal,,États-Unis,USA US Etats Unis,0
ZXT,Baku,Azerbaijan,Zabrat,,,,0
BWO,Balakovo,Russia,Balakovo,,Russie,,0
BQA,Baler,Philippines,Dr.Juan C. Angara,,Philippines,,0
BZI,Balikesir,Turkey,Balıkesir Merkez,,Turquie,,0
OPU,Balimo,Papua New Guinea,Balimo,,,,0
BXH,Balkhash,Kazakhstan,Balkhash,,,,0
BAS,Ballalae,Solomon Islands,Ballalae,,,,0
BBL,Ballera,Australia,Ballera,,Australie,,0
MTN,Baltimore,United States,Martin State,,États-Unis,USA US Etats Unis,0
BMR,Baltrum,Germany,Baltrum,,Allemagne,,0
BPC,Bamenda,Cameroon,Bamenda,,,,0
BIN,Bamyan,Afghanistan,Bamiyan,,,,0
HDR,Bandar Abbas,Iran,Havadarya,,,,0
BDM,Bandirma,Turkey,Bandırma,,Turquie,,0
FDU,Bandoundu,Congo (Kinshasa),Bandundu,,,,0
YBA,Banff,Canada,Banff,,,,0
BMO,Banmaw,Burma,Banmaw,,,,0
BNG,Banning,United States,Banning Municipal,,États-Unis,USA US Etats Unis,0
BNP,Bannu,Pakistan,Bannu,,,,0
BYT,Bantry,Ireland,Bantry Aerodrome,,Irlande,,0
BWX,Banyuwangi,Indonesia,Blimbingsari,,Indonésie,,0
BCA,Baracoa Playa,Cuba,Gustavo Rizo,,Cuba,,0
UPB,Baracoa Playa,Cuba,Playa Baracoa,,Cuba,,0
BRX,Barahona,Dominican Republic,Maria Montez,,République dominicaine,,0
BEK,Bareilly,India,Bareilly Air Force Station,,Inde,,0
BYP,Barimunya,Australia,Barimunya,,Australie,,0
BKH,Barking Sands,United States,Barking Sands,,États-Unis,USA US Etats Unis,0
BPG,Barra Do Garcas,Brazil,Barra do Garças,,Brésil,,0
BAT,Barretos,Brazil,Chafei Amsei,,Brésil,,0
YLK,Barrie-Orillia,Canada,Barrie-Orillia (Lake Simcoe Regional),,,,0
BWF,Barrow Island,United Kingdom,Barrow Walney Island,,Royaume-Uni,Angleterre GB Grande-Bretagne,0
BWB,Barrow Island,Australia,Barrow Island,,Australie,,0
BBH,Barth,Germany,Barth,,Allemagne,,0
GFO,Bartica,Guyana,Bartica A,,,,0
BOW,Bartow,United States,Bartow Municipal,,États-Unis,USA US Etats Unis,0
HLJ,Barysiai,Lithuania,Barysiai,,,,0
BSU,Basankusu,Congo (Kinshasa),Basankusu,,,,0
BBR,Basse Terre,Guadeloupe,Baillif,,Guadeloupe,,0
BQJ,Batagay,Russia,Batagay,,Russie,,0
BJY,Batajnica,Serbia,Batajnica Air Base,,Serbie,,0
BRT,Bathurst Island,Australia,Bathurst Island,,Australie,,0
BBM,Battambang,Cambodia,Battambang,,,,0
BTL,Battle Creek,United States,W K Kellogg,,États-Unis,USA US Etats Unis,0
BTW,Batu Licin,Indonesia,Batu Licin,,Indonésie,,0
BPF,Batuna,Solomon Islands,Batuna Aerodrome,,,,0
BCH,Baucau,East Timor,Cakung,,,,0
BCU,Bauchi,Nigeria,Sir Abubakar Tafawa Balewa,,,,0
BDE,Baudette,United States,Baudette,,États-Unis,USA US Etats Unis,0
BAU,Bauru,Brazil,Bauru,,Brésil,,0
BBC,Bay City,United States,Bay City Municipal,,États-Unis,USA US Etats Unis,0
BYM,Bayamo,Cuba,Carlos Manuel de Cespedes,,Cuba,,0
BYU,Bayreuth,Germany,Bayreuth,,Allemagne,,0
BFT,Beaufort,United States,Beaufort County,,États-Unis,USA US Etats Unis,0
BMT,Beaumont,United States,Beaumont Municipal,,États-Unis,USA US Etats Unis,0
YXQ,Beaver Creek,Canada,Beaver Creek,,,,0
BFP,Beaver Falls,United States,Beaver County,,États-Unis,USA US Etats Unis,0
BED,Bedford,United States,Laurence G Hanscom Field,,États-Unis,USA US Etats Unis,0
YBW,Bedwell Harbour,Canada,Bedwell Harbour Seaplane Base,,,,0
BEV,Beer-sheba,Israel,Beersheba (Teyman),,Israël,,0
BEI,Beica,Ethiopia,Beica,,,,0
BHN,Beihan,Yemen,Beihan,,,,0
PKX,Beijing,China,Beijing Daxing,Pékin,Chine,,0
BYJ,Beja (madeira),Portugal,Beja / Airbase,,Portugal,,0
OVA,Bekily,Madagascar,Bekily,,,,0
BLG,Belaga,Malaysia,Belaga,,,,0
BOR,Belfort,France,Fontaine,,,,0
BEP,Bellary,India,Bellary,,Inde,,0
BMD,Belo sur Tsiribihina,Madagascar,Belo sur Tsiribihina,,,,0
BBP,Bembridge,United Kingdom,Bembridge,,Royaume-Uni,Angleterre GB Grande-Bretagne,0
GMD,Ben Slimane,Morocco,Ben Slimane,,Maroc,,0
BXG,Bendigo,Australia,Bendigo,,Australie,,0
BFU,Bengbu,China,Bengbu,,Chine,,0
BUG,Benguela,Angola,Benguela,,,,0
BEM,Beni Mellal,Morocco,Beni Mellal,,Maroc,,0
BEX,Benson,United Kingdom,RAF Benson,,Royaume-Uni,Angleterre GB Grande-Bretagne,0
BQU,Bequia,Saint Vincent and the Grenadines,J F Mitchell,,,,0
BBT,Berberati,Central African Republic,Berbérati,,,,0
ERD,Berdyansk,Ukraine,Berdyansk,,Ukraine,,0
YBV,Berens River,Canada,Berens River,,,,0
EZV,Berezovo,Russia,Berezovo,,Russie,,0
THF,Berlin,Germany,Berlin-Tempelhof,,Allemagne,,0
BJO,Bermejo,Bolivia,Bermejo,,,,0
BEZ,Beru Island,Kiribati,Beru,,,,0
BPY,Besalampy,Madagascar,Besalampy,,,,0
BVY,Beverly,United States,Beverly Municipal,,États-Unis,USA US Etats Unis,0
BHW,Bhagtanwala,Pakistan,Bhagatanwala,,,,0
BUP,Bhatinda,India,Bhatinda Air Force Station,,Inde,,0
BHP,Bhojpur,Nepal,Bhojpur,,,,0
BXP,Biała Podlaska,Poland,Biała Podlaska Airfield,,Pologne,,0
BFE,Bielefeld,Germany,Bielefeld,,Allemagne,,0
BMX,Big Mountain,United States,Big Mountain,,États-Unis,USA US Etats Unis,0
BPI,Big Piney,United States,Miley Memorial Field,,États-Unis,USA US Etats Unis,0
BQH,Biggin Hill,United Kingdom,London Biggin Hill,,Royaume-Uni,Angleterre GB Grande-Bretagne,0
BKB,Bikaner,India,Nal,,Inde,,0
PAB,Bilaspur,India,Bilaspur,,Inde,,0
BIU,Bildudalur,Iceland,Bildudalur,,Islande,,0
THG,Biloela,Australia,Thangool,,Australie,,0
BIX,Biloxi,United States,Keesler Air Force Base,,États-Unis,USA US Etats Unis,0
NTI,Bintuni,Indonesia,Stenkol,,Indonésie,,0
BBJ,Birburg,Germany,Bitburg,,Allemagne,,0
BDI,Bird Island,Seychelles,Bird Island,,,,0
BIY,Bisho,South Africa,Bisho,,Afrique du Sud,,0
BIH,Bishop,United States,Eastern Sierra Regional,,États-Unis,USA US Etats Unis,0
BMM,Bitam,Gabon,Bitam,,,,0
YBI,Black Tickle,Canada,Black Tickle,,,,0
BBS,Blackbushe,United Kingdom,Blackbushe,,Royaume-Uni,Angleterre GB Grande-Bretagne,0
BLT,Blackwater,Australia,Blackwater,,Australie,,0
QLD,Blida,Algeria,Blida,,Algérie,,0
BID,Block Island,United States,Block Island State,,États-Unis,USA US Etats Unis,0
BMG,Bloomington,United States,Monroe County,,États-Unis,USA US Etats Unis,0
BLF,Bluefield,United States,Mercer County,,États-Unis,USA US Etats Unis,0
BEF,Bluefields,Nicaragua,Bluefields,,,,0
BLH,Blythe,United States,Blythe,,États-Unis,USA US Etats Unis,0
BYH,Blytheville,United States,Arkansas,,États-Unis,USA US Etats Unis,0
KBS,Bo,Sierra Leone,Bo,,,,0
YBO,Bob Quinn Lake,Canada,Bob Quinn Lake,,,,0
BCT,Boca Raton,United States,Boca Raton,,États-Unis,USA US Etats Unis,0
BNM,Bodinumu,Papua New Guinea,Bodinumu,,,,0
BXN,Bodrum,Turkey,Imsık,,Turquie,,0
BQG,Bogorodskoe,Russia,Bogorodskoye,,Russie,,0
GIC,Boigu,Australia,Boigu,,Australie,,0
VBP,Bokepyin,Burma,Bokpyinn,,,,0
BUI,Bokondini-Papua Island,Indonesia,Bokondini,,Indonésie,,0
BOA,Boma,Congo (Kinshasa),Boma,,,,0
BZA,Bonanza,Nicaragua,San Pedro,,,,0
YBY,Bonnyville,Canada,Bonnyville,,,,0
BTE,Bonthe,Sierra Leone,Sherbro,,,,0
RBB,Borba,Brazil,Borba,,Brésil,,0
BGD,Borger,United States,Hutchinson County,,États-Unis,USA US Etats Unis,0
BMK,Borkum,Germany,Borkum,,Allemagne,,0
BOX,Borroloola,Australia,Borroloola,,Australie,,0
QCJ,Botucatu,Brazil,Botucatu - Tancredo de Almeida Neves,,Brésil,,0
BUJ,Bou Saada,Algeria,Bou Saada,,Algérie,,0
BYK,Bouake,Cote d'Ivoire,Bouaké,,,,0
UAR,Bouarfa,Morocco,Bouarfa,,Maroc,,0
WBU,Boulder,United States,Boulder Municipal,,États-Unis,USA US Etats Unis,0
YDT,Boundary Bay,Canada,Boundary Bay,,,,0
BOU,Bourges,France,Bourges,,,,0
BRK,Bourke,Australia,Bourke,,Australie,,0
TMH,Boven Digoel,Indonesia,Tanah Merah,,Indonésie,,0
ZBO,Bowen,Australia,Bowen,,Australie,,0
BWG,Bowling Green,United States,Bowling Green Warren County Regional,,États-Unis,USA US Etats Unis,0
BSF,Bradshaw Field,United States,Bradshaw Army Airfield,,États-Unis,USA US Etats Unis,0
BBD,Brady,United States,Curtis Field,,États-Unis,USA US Etats Unis,0
BGZ,Braga,Portugal,Braga Municipal Aerodrome,,Portugal,,0
BGC,Braganca,Portugal,Bragança,,Portugal,,0
BJP,Braganca Paulista,Brazil,Estadual Arthur Siqueira,,Brésil,,0
BMP,Brampton Island,Australia,Brampton Island,,Australie,,0
BWE,Braunschweig,Germany,Braunschweig-Wolfsburg,,Allemagne,,0
BKD,Breckenridge,United States,Stephens County,,États-Unis,USA US Etats Unis,0
BRV,Bremerhaven,Germany,Bremerhaven,,Allemagne,,0
PWT,Bremerton,United States,Bremerton National,,États-Unis,USA US Etats Unis,0
VBS,Brescia,Italy,Brescia,,Italie,,0
BQT,Brest,Belarus,Brest,,,,0
BMC,Brigham City,United States,Brigham City Regional,,États-Unis,USA US Etats Unis,0
ACF,Brisbane,Australia,Brisbane Archerfield,,Australie,,0
FZO,Bristol,United Kingdom,Bristol Filton,,Royaume-Uni,Angleterre GB Grande-Bretagne,0
BZZ,Brize Norton,United Kingdom,RAF Brize Norton,,Royaume-Uni,Angleterre GB Grande-Bretagne,0
YBT,Brochet,Canada,Brochet,,,,0
OCM,Brockman,Australia,Boolgeeda,,Australie,,0
ZBM,Bromont,Canada,Bromont (Roland Desourdy),,,,0
BJC,Broomfield-CO,United States,Rocky Mountain Metropolitan,,États-Unis,USA US Etats Unis,0
SSI,Brunswick,United States,Malcolm McKinnon,,États-Unis,USA US Etats Unis,0
NHZ,Brunswick,United States,Brunswick Executive,,États-Unis,USA US Etats Unis,0
BHG,Brus Laguna,Honduras,Brus Laguna,,,,0
CFD,Bryan,United States,Coulter Field,,États-Unis,USA US Etats Unis,0
BZK,Bryansk,Russia,Bryansk,,Russie,,0
BCE,Bryce Canyon,United States,Bryce Canyon,,États-Unis,USA US Etats Unis,0
AAK,Buariki,Kiribati,Buariki,,,,0
BQE,Bubaque,Guinea-Bissau,Bubaque,,,,0
BBU,Bucharest,Romania,Băneasa,Bucarest,Roumanie,,0
BXK,Buckeye,United States,Buckeye Municipal,,États-Unis,USA US Etats Unis,0
BFK,Buckley,United States,Buckley Air Force Base,,États-Unis,USA US Etats Unis,0
BAI,Buenos Aires,Costa Rica,Buenos Aires,,Costa Rica,,0
YVT,Buffalo Narrows,Canada,Buffalo Narrows,,,,0
UGA,Bulgan,Mongolia,Bulgan,,,,0
GHC,Bullocks Harbour,Bahamas,Great Harbour Cay,,Bahamas,,0
BMB,Bumba,Congo (Kinshasa),Bumbar,,,,0
BZH,Bumi Hills,Zimbabwe,Bumi,,,,0
BUY,Bunbury,Australia,Bunbury,,Australie,,0
BYQ,Bunyu,Indonesia,Bunyu,,Indonésie,,0
BXO,Buochs,Switzerland,Buochs,,Suisse,,0
UOL,Buol,Indonesia,Buol,,Indonésie,,0
BUO,Burao,Somalia,Burao,,,,0
URD,Burg Feuerstein,Germany,Burg Feuerstein,,Allemagne,,0
BYI,Burley,United States,Burley Municipal,,États-Unis,USA US Etats Unis,0
BNO,Burns,United States,Burns Municipal,,États-Unis,USA US Etats Unis,0
KJI,Burqin,China,Kanas,,Chine,,0
BTZ,Bursa,Turkey,Bursa,,Turquie,,0
NRE,Buru Island,Indonesia,Namrole,,Indonésie,,0
YDB,Burwash,Canada,Burwash,,,,0
BZU,Buta Zega,Congo (Kinshasa),Buta Zega,,,,0
BBG,Butaritari,Kiribati,Butaritari Atoll,,,,0
BWH,Butterworth,Malaysia,Butterworth,,,,0
BZC,Buzios,Brazil,Umberto Modiano,,Brésil,,0
HEI,Büsum,Germany,Heide-Büsum,,Allemagne,,0
CQS,COSTA MARQUES,Brazil,Costa Marques,,Brésil,,0
CBJ,Cabo Rojo,Dominican Republic,Cabo Rojo,,République dominicaine,,0
CCX,Caceres,Brazil,Cáceres,,Brésil,,0
ZAO,Cahors,France,Cahors-Lalbenque,,,,0
CXA,Caicara De Orinoco,Venezuela,Caicara del Orinoco,,,,0
CWE,Cairo,Egypt,Cairo West,Le Caire,Égypte,,0
CLZ,Calabozo,Venezuela,Calabozo,,,,0
CQF,Calais,France,Calais-Dunkerque,,,,0
CDW,Caldwell,United States,Essex County,,États-Unis,USA US Etats Unis,0
CXL,Calexico,United States,Calexico,,États-Unis,USA US Etats Unis,0
CUD,Caloundra,Australia,Caloundra,,Australie,,0
CBG,Cambridge,United Kingdom,Cambridge,,Royaume-Uni,Angleterre GB Grande-Bretagne,0
CDU,Camden,Australia,Camden,,Australie,,0
CDN,Camden,United States,Woodward Field,,États-Unis,USA US Etats Unis,0
OAZ,Camp Bastion,Afghanistan,Camp Bastion,,,,0
VOK,Camp Douglas,United States,Volk Field,,États-Unis,USA US Etats Unis,0
ADW,Camp Springs,United States,Joint Base Andrews,,États-Unis,USA US Etats Unis,0
CPQ,Campinas,Brazil,Amarais,,Brésil,,0
CQA,Canarana,Brazil,Canarana,,Brésil,,0
DCF,Canefield,Dominica,Canefield,,,,0
CWJ,Cangyuan,China,Cangyuan Washan,,Chine,,0
CEQ,Cannes,France,Cannes-Mandelieu,,,,0
CIW,Canouan Island,Saint Vincent and the Grenadines,Canouan,,,,0
CIS,Canton Island,Kiribati,Canton Island,,,,0
EHM,Cape Newenham,United States,Cape Newenham LRRS,,États-Unis,USA US Etats Unis,0
CZF,Cape Romanzof,United States,Cape Romanzof LRRS,,États-Unis,USA US Etats Unis,0
CPB,Capurgana,Colombia,Capurganá,,Colombie,,0
CSB,Caransebes,Romania,Caransebeş,,Roumanie,,0
CAF,Carauari,Brazil,Carauari,,Brésil,,0
CRQ,Caravelas,Brazil,Caravelas,,Brésil,,0
MDH,Carbondale/Murphysboro,United States,Southern Illinois,,États-Unis,USA US Etats Unis,0
CAR,Caribou,United States,Caribou Municipal,,États-Unis,USA US Etats Unis,0
CAX,Carlisle,United Kingdom,Carlisle,,Royaume-Uni,Angleterre GB Grande-Bretagne,0
CVQ,Carnarvon,Australia,Carnarvon,,Australie,,0
CBD,Carnicobar,India,Car Nicobar Air Force Station,,Inde,,0
CLN,Carolina,Brazil,Brig. Lysias Augusto Rodrigues,,Brésil,,0
VCR,Carora,Venezuela,Carora,,,,0
PLD,Carrillo,Costa Rica,Playa Samara/Carrillo,,Costa Rica,,0
CRC,Cartago,Colombia,Santa Ana,,Colombie,,0
YRF,Cartwright,Canada,Cartwright,,,,0
CAU,Caruaru,Brazil,Caruaru,,Brésil,,0
CUP,Carupano,Venezuela,General Francisco Bermúdez,,,,0
CGZ,Casa Grande,United States,Casa Grande Municipal,,États-Unis,USA US Etats Unis,0
CAT,Cascais,Portugal,Cascais,,Portugal,,0
CDT,Castellón de la Plana,Spain,Castellón-Costa Azahar,,Espagne,,0
AVX,Catalina Island,United States,Catalina,,États-Unis,USA US Etats Unis,0
CAQ,Caucasia,Colombia,Juan H White,,Colombie,,0
CYA,Cayes,Haiti,Les Cayes,,Haïti,,0
BWW,Cayo Santa Maria,Cuba,Las Brujas,,Cuba,,0
NRR,Ceiba,Puerto Rico,José Aponte de la Torre,,,,0
CYW,Celaya,Mexico,Captain Rogelio Castillo National,,Mexique,,0
ZCN,Celle,Germany,Celle,,Allemagne,,0
YCE,Centralia,Canada,Centralia / James T. Field Memorial Aerodrome,,,,0
CES,Cessnock,Australia,Cessnock,,Australie,,0
JAP,Chacarita,Costa Rica,Chacarita,,Costa Rica,,0
CHH,Chachapoyas,Peru,Chachapoyas,,Pérou,,0
CCN,Chaghcharan,Afghanistan,Chakcharan,,,,0
WCH,Chaiten,Chile,Chaitén,,Chili,,0
CMF,Chambery,France,Chambéry-Savoie,,,,0
CNI,Changhai,China,Changhai,,Chine,,0
CNU,Chanute,United States,Chanute Martin Johnson,,États-Unis,USA US Etats Unis,0
CCA,Chapacura,Bolivia,Chimore,,,,0
YLD,Chapleau,Canada,Chapleau,,,,0
CRZ,Chardzhou,Turkmenistan,Turkmenabat,,,,0
CCY,Charles City,United States,Northeast Iowa Regional,,États-Unis,USA US Etats Unis,0
XCZ,Charleville,France,Charleville-Mézières,,,,0
YML,Charlevoix,Canada,Charlevoix,,,,0
CHR,Chateauroux,France,"Châteauroux-Déols ""Marcel Dassault""",,,,0
YCH,Chatham,Canada,Miramichi,,,,0
CHT,Chatham Island,New Zealand,Chatham Islands-Tuuta,,Nouvelle-Zélande,,0
CWT,Chatsworth,Australia,Cowra,,Australie,,0
CNR,Chañaral,Chile,Chañaral,,Chili,,0
CLS,Chehalis,United States,Chehalis Centralia,,États-Unis,USA US Etats Unis,0
NCN,Chenega,United States,Chenega Bay,,États-Unis,USA US Etats Unis,0
CDE,Chengde,China,Chengde Puning,,Chine,,0
HCW,Cheraw,United States,Cheraw Municipal/Lynch Bellinger Field,,États-Unis,USA US Etats Unis,0
CER,Cherbourg,France,Cherbourg-Maupertus,,,,0
CKC,Cherkassy,Ukraine,Cherkasy,,Ukraine,,0
CEJ,Chernigov,Ukraine,Chernihiv Shestovitsa,,Ukraine,,0
CWC,Chernovtsk,Ukraine,Chernivtsi,,Ukraine,,0
YCQ,Chetwynd,Canada,Chetwynd,,,,0
CYI,Chiayi,Taiwan,Chiayi,,,,0
UGN,Chicago,United States,Waukegan National,,États-Unis,USA US Etats Unis,0
CGX,Chicago,United States,Chicago Meigs,,États-Unis,USA US Etats Unis,0
PWK,Chicago-Wheeling,United States,Chicago Executive,,États-Unis,USA US Etats Unis,0
CZA,Chichen Itza,Mexico,Chichen Itza,,Mexique,,0
CEF,Chicopee Falls,United States,Westover ARB/Metropolitan,,États-Unis,USA US Etats Unis,0
CDS,Childress,United States,Childress Municipal,,États-Unis,USA US Etats Unis,0
CCH,Chile Chico,Chile,Chile Chico,,Chili,,0
YAI,Chillan,Chile,Gral. Bernardo O´Higgins,,Chili,,0
YCW,Chilliwack,Canada,Chilliwack,,,,0
CHM,Chimbote,Peru,Teniente FAP Jaime A De Montreuil Morales,,Pérou,,0
CCL,Chinchilla,Australia,Chinchilla,,Australie,,0
CHF,Chinhae,South Korea,Jinhae Airbase/Airport (G-813/K-10),,Corée du Sud,,0
CNO,Chino,United States,Chino,,États-Unis,USA US Etats Unis,0
BFO,Chiredzi,Zimbabwe,Buffalo Range,,,,0
CTD,Chitré,Panama,Alonso Valderrama,,Panama,,0
CET,Cholet,France,Cholet Le Pontreau,,,,0
RGO,Chongjin,North Korea,Orang,,,,0
HOS,Chosmadal,Argentina,Chos Malal,,Argentine,,0
CCZ,Chub Cay,Bahamas,Chub Cay,,Bahamas,,0
AVI,Ciego De Avila,Cuba,Maximo Gomez,,Cuba,,0
CFG,Cienfuegos,Cuba,Jaime Gonzalez,,Cuba,,0
CXP,Cilacap,Indonesia,Tunggul Wulung,,Indonésie,,0
CMJ,Cimei,Taiwan,Chi Mei,,,,0
CBN,Cirebon,Indonesia,Penggung,,Indonésie,,0
ACN,Ciudad Acuna,Mexico,Ciudad Acuña New,,Mexique,,0
CBL,Ciudad Bolivar,Venezuela,"Aeropuerto ""General Tomas de Heres"". Ciudad Bolivar",,,,0
CUA,Ciudad Constitución,Mexico,Ciudad Constitución,,Mexique,,0
CQM,Ciudad Real,Spain,Ciudad Real Central,,Espagne,,0
NKT,Cizre,Turkey,Şırnak Şerafettin Elçi,,Turquie,,0
MAY,Clarence Bain,Bahamas,Clarence A. Bain,,Bahamas,,0
GBZ,Claris,New Zealand,Great Barrier Aerodrome,,Nouvelle-Zélande,,0
CLP,Clarks Point,United States,Clarks Point,,États-Unis,USA US Etats Unis,0
CKV,Clarksville,United States,Clarksville–Montgomery County Regional,,États-Unis,USA US Etats Unis,0
CLW,Clearwater,United States,Clearwater Air Park,,États-Unis,USA US Etats Unis,0
CEU,Clemson,United States,Oconee County Regional,,États-Unis,USA US Etats Unis,0
CMQ,Clermont,Australia,Clermont,,Australie,,0
BKL,Cleveland,United States,Burke Lakefront,,États-Unis,USA US Etats Unis,0
HDI,Cleveland,United States,Hardwick Field,,États-Unis,USA US Etats Unis,0
CWI,Clinton,United States,Clinton Municipal,,États-Unis,USA US Etats Unis,0
CSM,Clinton,United States,Clinton Sherman,,États-Unis,USA US Etats Unis,0
KFE,Cloudbreak,Australia,Fortescue - Dave Forrest Aerodrome,,Australie,,0
CVS,Clovis,United States,Cannon Air Force Base,,États-Unis,USA US Etats Unis,0
CVN,Clovis,United States,Clovis Municipal,,États-Unis,USA US Etats Unis,0
CMK,Club Makokola,Malawi,Club Makokola,,,,0
CTH,Coatesville,United States,Chester County G O Carlson,,États-Unis,USA US Etats Unis,0
CBV,Coban,Guatemala,Coban,,,,0
CAZ,Cobar,Australia,Cobar,,Australie,,0
YCN,Cochrane,Canada,Cochrane,,,,0
CSO,Cochstedt,Germany,Cochstedt,,Allemagne,,0
COF,Coco Beach,United States,Patrick Air Force Base,,États-Unis,USA US Etats Unis,0
CNC,Coconut Island,Australia,Coconut Island,,Australie,,0
BBQ,Codrington,Antigua and Barbuda,Codrington,,,,0
COE,Coeur d'Alene,United States,Coeur D'Alene - Pappy Boyington Field,,États-Unis,USA US Etats Unis,0
CFV,Coffeyville,United States,Coffeyville Municipal,,États-Unis,USA US Etats Unis,0
CNG,Cognac,France,Cognac-Châteaubernard (BA 709) Air Base,,,,0
PML,Cold Bay,United States,Port Moller,,États-Unis,USA US Etats Unis,0
YOD,Cold Lake,Canada,CFB Cold Lake,,,,0
CMR,Colmar,France,Colmar-Houssen,,,,0
RML,Colombo,Sri Lanka,Colombo Ratmalana,,,,0
CBM,Colombus,United States,Columbus Air Force Base,,États-Unis,USA US Etats Unis,0
CSZ,Colonel Suarez,Argentina,Brigadier D.H.E. Ruiz,,Argentine,,0
CYR,Colonia,Uruguay,Laguna de Los Patos,,,,0
CSA,Colonsay,United Kingdom,Colonsay Airstrip,,Royaume-Uni,Angleterre GB Grande-Bretagne,0
CUB,Columbia,United States,Jim Hamilton L.B. Owens,,États-Unis,USA US Etats Unis,0
OSU,Columbus,United States,The Ohio State University - Don Scott Field,,États-Unis,USA US Etats Unis,0
TZR,Columbus,United States,Taszár Air Base,,États-Unis,USA US Etats Unis,0
CLU,Columbus,United States,Columbus Municipal,,États-Unis,USA US Etats Unis,0
YCK,Colville Lake,Canada,Colville Lake,,,,0
ONX,Colón,Panama,Enrique Adolfo Jimenez,,Panama,,0
XPL,Comayagua,Honduras,Coronel Enrique Soto Cano Air Base,,,,0
CIO,Conception,Paraguay,Teniente Col Carmelo Peralta,,,,0
USA,Concord,United States,Concord-Padgett Regional,,États-Unis,USA US Etats Unis,0
CCR,Concord,United States,Buchanan Field,,États-Unis,USA US Etats Unis,0
CON,Concord NH,United States,Concord Municipal,,États-Unis,USA US Etats Unis,0
COC,Concordia,Argentina,Comodoro Pierrestegui,,Argentine,,0
CCI,Concordia,Brazil,Concórdia,,Brésil,,0
COG,Condoto,Colombia,Mandinga,,Colombie,,0
CFO,Confresa,Brazil,Confresa,,Brésil,,0
QCY,Coningsby,United Kingdom,RAF Coningsby,,Royaume-Uni,Angleterre GB Grande-Bretagne,0
CXO,Conroe,United States,Conroe-North Houston Regional,,États-Unis,USA US Etats Unis,0
COZ,Constanza,Dominican Republic,Constanza - Expedición 14 de Junio National,,République dominicaine,,0
COH,Cooch-behar,India,Cooch Behar,,Inde,,0
CDA,Cooinda,Australia,Cooinda,,Australie,,0
CTN,Cooktown,Australia,Cooktown,,Australie,,0
OOM,Cooma,Australia,Cooma Snowy Mountains,,Australie,,0
COJ,Coonabarabran,Australia,Coonabarabran,,Australie,,0
CNB,Coonamble,Australia,Coonamble,,Australie,,0
CJF,Coondewanna,Australia,Coondewanna,,Australie,,0
RKE,Copenhagen,Denmark,Copenhagen Roskilde,Copenhague,Danemark,,0
ODB,Cordoba,Spain,Córdoba,,Espagne,,0
RNI,Corn Island,Nicaragua,Corn Island,,,,0
YCC,Cornwall,Canada,Cornwall Regional,,,,0
YCT,Coronation,Canada,Coronation,,,,0
CNQ,Corrientes,Argentina,Corrientes,,Argentine,,0
CVO,Corvallis,United States,Corvallis Municipal,,États-Unis,USA US Etats Unis,0
OTR,Coto 47,Costa Rica,Coto 47,,Costa Rica,,0
CBU,Cottbus,Germany,Cottbus-Drewitz,,Allemagne,,0
COT,Cotulla,United States,Cotulla-La Salle County,,États-Unis,USA US Etats Unis,0
CBF,Council Bluffs,United States,Council Bluffs Municipal,,États-Unis,USA US Etats Unis,0
CVF,Courcheval,France,Courchevel,,,,0
CVT,Coventry,United Kingdom,Coventry,,Royaume-Uni,Angleterre GB Grande-Bretagne,0
CVE,Coveñas,Colombia,Coveñas,,Colombie,,0
GXQ,Coyhaique,Chile,Teniente Vidal,,Chili,,0
CSF,Creil,France,Creil Air Base,,,,0
CEW,Crestview,United States,Bob Sikes,,États-Unis,USA US Etats Unis,0
EGI,Crestview,United States,Duke Field,,États-Unis,USA US Etats Unis,0
CKI,Croker Island,Australia,Croker Island,,Australie,,0
CTY,Cross City,United States,Cross City,,États-Unis,USA US Etats Unis,0
YCR,Cross Lake,Canada,Cross Lake (Charlie Sinclair Memorial),,,,0
CSV,Crossville,United States,Crossville Memorial Whitson Field,,États-Unis,USA US Etats Unis,0
CRV,Crotone,Italy,Crotone,,Italie,,0
FXO,Cuamba,Mozambique,Cuamba,,,,0
CDP,Cuddapah,India,Kadapa,,Inde,,0
CVJ,Cuernavaca,Mexico,General Mariano Matamoros,,Mexique,,0
CBE,Cumberland,United States,Greater Cumberland Regional,,États-Unis,USA US Etats Unis,0
BFH,Curitiba,Brazil,Bacacheri,,Brésil,,0
UZU,Curuzu Cuatia,Argentina,Curuzu Cuatia,,Argentine,,0
CUH,Cushing,United States,Cushing Municipal,,États-Unis,USA US Etats Unis,0
CTB,Cutbank,United States,Cut Bank,,États-Unis,USA US Etats Unis,0
CUT,Cutralco,Argentina,Cutral-Co,,Argentine,,0
CYU,Cuyo,Philippines,Cuyo,,Philippines,,0
DBB,Dabaa City,Egypt,El Alamein,,Égypte,,0
DTE,Daet,Philippines,Daet,,Philippines,,0
DAG,Daggett,United States,Barstow Daggett,,États-Unis,USA US Etats Unis,0
DHT,Dalhart,United States,Dalhart Municipal,,États-Unis,USA US Etats Unis,0
FWH,Dallas,United States,NAS Fort Worth JRB/Carswell Field,,États-Unis,USA US Etats Unis,0
RBD,Dallas,United States,Dallas Executive,,États-Unis,USA US Etats Unis,0
DJO,Daloa,Cote d'Ivoire,Daloa,,,,0
DNN,Dalton,United States,Dalton Municipal,,États-Unis,USA US Etats Unis,0
NMB,Daman,India,Daman,,Inde,,0
DAM,Damascus,Syria,Damascus,,,,0
RSS,Damazin,Sudan,Damazin,,,,0
DXR,Danbury,United States,Danbury Municipal,,États-Unis,USA US Etats Unis,0
DNP,Dang,Nepal,Tulsipur,,,,0
DNV,Danville,United States,Vermilion Regional,,États-Unis,USA US Etats Unis,0
DAN,Danville,United States,Danville Regional,,États-Unis,USA US Etats Unis,0
IFH,Daran,Iran,Hesa,,,,0
NLF,Darnley Island,Australia,Darnley Island,,Australie,,0
TAZ,Dasoguz,Turkmenistan,Daşoguz,,,,0
DTD,Datadawai-Borneo Island,Indonesia,Datadawai,,Indonésie,,0
DGP,Daugavpils,Latvia,Daugavpils Intrenational,,,,0
YDN,Dauphin,Canada,Dauphin Barker,,,,0
YDA,Dawson,Canada,Dawson City,,,,0
FFO,Dayton,United States,Wright-Patterson Air Force Base,,États-Unis,USA US Etats Unis,0
MGY,Dayton,United States,Dayton-Wright Brothers,,États-Unis,USA US Etats Unis,0
DHR,De Kooy,Netherlands,De Kooy,,Pays-Bas,Hollande,0
YDL,Dease Lake,Canada,Dease Lake,,,,0
DBM,Debre Marqos,Ethiopia,Debra Marcos,,,,0
DBT,Debre Tabor,Ethiopia,Debre Tabor,,,,0
QHR,Debre Zeyit,Ethiopia,Harar Meda,,,,0
DCU,Decatur,United States,Pryor Field Regional,,États-Unis,USA US Etats Unis,0
DCI,Decimomannu,Italy,Decimomannu Air Base,,Italie,,0
DEZ,Deire Zor,Syria,Deir ez-Zor Air Base,,,,0
DEX,Dekai,Indonesia,Nop Goliat,,Indonésie,,0
DLF,Del Rio,United States,DLF,,États-Unis,USA US Etats Unis,0
DRT,Del Rio,United States,Del Rio,,États-Unis,USA US Etats Unis,0
DTA,Delta,United States,Delta Municipal,,États-Unis,USA US Etats Unis,0
BIG,Delta Junction,United States,Allen Army Airfield,,États-Unis,USA US Etats Unis,0
DEM,Dembidollo,Ethiopia,Dembidollo,,,,0
DMN,Deming,United States,Deming Municipal,,États-Unis,USA US Etats Unis,0
DNQ,Deniliquin,Australia,Deniliquin,,Australie,,0
APA,Denver,United States,Centennial,,États-Unis,USA US Etats Unis,0
DRB,Derby,Australia,Derby,,Australie,,0
DRI,Deridder,United States,Beauregard Regional,,États-Unis,USA US Etats Unis,0
DES,Desroches,Seychelles,Desroches,,,,0
DSE,Dessie,Ethiopia,Combolcha,,,,0
DSI,Destin,United States,Destin Executive,,États-Unis,USA US Etats Unis,0
DET,Detroit,United States,Coleman A. Young Municipal,,États-Unis,USA US Etats Unis,0
YIP,Detroit,United States,Willow Run,,États-Unis,USA US Etats Unis,0
DVL,Devils Lake,United States,Devils Lake Regional,,États-Unis,USA US Etats Unis,0
DHA,Dhahran,Saudi Arabia,King Abdulaziz Air Base,,Arabie saoudite,,0
DBD,Dhanbad,India,Dhanbad,,Inde,,0
DTI,Diamantina,Brazil,Diamantina,,Brésil,,0
DMT,Diamantino,Brazil,Diamantino,,Brésil,,0
DSS,Diass,Senegal,Blaise Diagne,,Sénégal,,0
NKW,Diego Garcia Island,British Indian Ocean Territory,Diego Garcia Naval Support Facility,,,,0
YDG,Digby,Canada,Digby / Annapolis Regional,,,,0
DKS,Dikson,Russia,Dikson,,Russie,,0
HDH,Dillingham,United States,Dillingham Airfield,,États-Unis,USA US Etats Unis,0
DIQ,Divinopolis,Brazil,Brigadeiro Cabral,,Brésil,,0
QDJ,Djelfa,Algeria,Tsletsi,,Algérie,,0
DKV,Docker River,Australia,Docker River,,Australie,,0
DOD,Dodoma,Tanzania,Dodoma,,,,0
DIA,Doha,Qatar,Doha,,,,0
XJD,Doha,Qatar,Al Udeid Air Base,,,,0
YDO,Dolbeau-St-Félicien,Canada,Dolbeau St Felicien,,,,0
DOP,Dolpa,Nepal,Dolpa,,,,0
ZQL,Donaueschingen,Germany,Donaueschingen-Villingen,,Allemagne,,0
DOG,Dongola,Sudan,Dongola,,,,0
JOJ,Doris Lake,Canada,Doris Lake,,,,0
DUG,Douglas,United States,Bisbee Douglas,,États-Unis,USA US Etats Unis,0
DGL,Douglas,United States,Douglas Municipal,,États-Unis,USA US Etats Unis,0
DOV,Dover,United States,Dover Air Force Base,,États-Unis,USA US Etats Unis,0
DYL,Doylestown,United States,Doylestown,,États-Unis,USA US Etats Unis,0
DRJ,Drietabbetje,Suriname,Drietabbetje,,,,0
DRE,Drummond Island,United States,Drummond Island,,États-Unis,USA US Etats Unis,0
DBN,Dublin,United States,W H 'Bud' Barron,,États-Unis,USA US Etats Unis,0
DLK,Dulkaninna,Australia,Dulkaninna,,Australie,,0
DUM,Dumai,Indonesia,Pinang Kampai,,Indonésie,,0
DUC,Duncan,United States,Halliburton Field,,États-Unis,USA US Etats Unis,0
DCT,Duncan Town,Bahamas,Duncan Town,,Bahamas,,0
DUE,Dundo,Angola,Dundo,,,,0
DKI,Dunk Island,Australia,Dunk Island,,Australie,,0
DKK,Dunkirk,United States,Chautauqua County-Dunkirk,,États-Unis,USA US Etats Unis,0
DQM,Duqm,Oman,Duqm,,,,0
DZO,Durazno,Uruguay,Santa Bernardina,,,,0
VIR,Durban,South Africa,Virginia,,Afrique du Sud,,0
RDP,Durgapur,India,Kazi Nazrul Islam,,Inde,,0
QFO,Duxford,United Kingdom,Duxford Aerodrome,,Royaume-Uni,Angleterre GB Grande-Bretagne,0
DWA,Dwangwa,Malawi,Dwangwa,,,,0
YEL,ELLIOT LAKE,Canada,Elliot Lake Municipal,,,,0
EAA,Eagle,United States,Eagle,,États-Unis,USA US Etats Unis,0
EGV,Eagle River,United States,Eagle River Union,,États-Unis,USA US Etats Unis,0
YXR,Earlton,Canada,Earlton (Timiskaming Regional),,,,0
ECA,East Tawas,United States,Iosco County,,États-Unis,USA US Etats Unis,0
ESN,Easton,United States,Easton Newnam Field,,États-Unis,USA US Etats Unis,0
MMT,Eastover,United States,Mc Entire Joint National Guard Base,,États-Unis,USA US Etats Unis,0
FCM,Eden Prairie,United States,Flying Cloud,,États-Unis,USA US Etats Unis,0
YXD,Edmonton,Canada,Edmonton City Centre (Blatchford Field),,,,0
YET,Edson,Canada,Edson,,,,0
EDW,Edwards Afb,United States,Edwards Air Force Base,,États-Unis,USA US Etats Unis,0
EFG,Efogi,Papua New Guinea,Efogi,,,,0
QEF,Egelsbach,Germany,Frankfurt-Egelsbach,,Allemagne,,0
ETM,Eilat,Israel,Ramon,,Israël,,0
EIB,Eisenach,Germany,Eisenach-Kindel,,Allemagne,,0
EJN,Ejin Banner,China,Ejin Banner-Taolai,,Chine,,0
YOA,Ekati,Canada,Ekati,,,,0
EKB,Ekibastuz,Kazakhstan,Ekibastuz,,,,0
AAC,El Arish,Egypt,El Arish,,Égypte,,0
EBG,El Bagre,Colombia,El Bagre,,Colombie,,0
ELB,El Banco,Colombia,Las Flores,,Colombie,,0
EHL,El Bolson,Argentina,El Bolson,,Argentine,,0
EBM,El Borma,Tunisia,El Borma,,Tunisie,,0
SEE,El Cajon,United States,Gillespie Field,,États-Unis,USA US Etats Unis,0
ING,El Calafate,Argentina,Lago Argentino,,Argentine,,0
NJK,El Centro,United States,El Centro NAF (Vraciu Field),,États-Unis,USA US Etats Unis,0
ELO,El Dorado,Argentina,El Dorado,,Argentine,,0
EOR,El Dorado,Venezuela,El Dorado,,,,0
EGH,El Gorah,Egypt,El Gora,,Égypte,,0
EMT,El Monte,United States,San Gabriel Valley,,États-Unis,USA US Etats Unis,0
EBD,El Obeid,Sudan,El Obeid,,,,0
EPA,El Palomar,Argentina,El Palomar,,Argentine,,0
BIF,El Paso,United States,Biggs Army Air Field (Fort Bliss),,États-Unis,USA US Etats Unis,0
ESR,El Salvador,Chile,Ricardo García Posada,,Chili,,0
ELT,El-tor,Egypt,El Tor,,Égypte,,0
ECG,Elizabeth City,United States,Elizabeth City Regional & Coast Guard Air Station,,États-Unis,USA US Etats Unis,0
EKI,Elkhart,United States,Elkhart Municipal,,États-Unis,USA US Etats Unis,0
EKN,Elkins,United States,Elkins-Randolph Co-Jennings Randolph Field,,États-Unis,USA US Etats Unis,0
EOZ,Elorza,Venezuela,Elorza,,,,0
LYU,Ely,United States,Ely Municipal,,États-Unis,USA US Etats Unis,0
ELY,Ely,United States,Ely Yelland Field,,États-Unis,USA US Etats Unis,0
RUD,Emam Shahr,Iran,Shahroud,,,,0
EME,Emden,Germany,Emden,,Allemagne,,0
EML,Emmen,Switzerland,Emmen Air Base,,Suisse,,0
ENO,Encarnacion,Paraguay,Encarnación,,,,0
END,Enid,United States,Vance Air Force Base,,États-Unis,USA US Etats Unis,0
ENT,Eniwetok Atoll,Marshall Islands,Eniwetok,,,,0
ENK,Enniskillen,United Kingdom,St Angelo,,Royaume-Uni,Angleterre GB Grande-Bretagne,0
ENF,Enontekio,Finland,Enontekio,,Finlande,,0
ENS,Enschede,Netherlands,Twente,,Pays-Bas,Hollande,0
ESE,Ensenada,Mexico,Ensenada,,Mexique,,0
ETS,Enterprise,United States,Enterprise Municipal,,États-Unis,USA US Etats Unis,0
EPL,Epinal,France,Épinal-Mirecourt,,,,0
ERH,Er-rachidia,Morocco,Moulay Ali Cherif,,Maroc,,0
EDD,Erldunda,Australia,Erldunda,,Australie,,0
EKT,Eskilstuna,Sweden,Eskilstuna,,Suède,,0
ESK,Eskisehir,Turkey,Eskişehir Air Base,,Turquie,,0
ESS,Essen,Germany,Essen Mulheim,,Allemagne,,0
YEN,Estevan,Canada,Estevan,,,,0
EUA,Eua Island,Tonga,Kaufana,,,,0
EUF,Eufala,United States,Weedon Field,,États-Unis,USA US Etats Unis,0
YEU,Eureka,Canada,Eureka,,,,0
EKA,Eureka,United States,Murray Field,,États-Unis,USA US Etats Unis,0
EVW,Evanston,United States,Evanston-Uinta County-Burns Field,,États-Unis,USA US Etats Unis,0
PAE,Everett,United States,Snohomish County (Paine Field),,États-Unis,USA US Etats Unis,0
EVX,Evreux,France,Évreux-Fauville (BA 105) Air Base,,,,0
EIY,Eyn-yahav,Israel,Ein Yahav Airfield,,Israël,,0
EIK,Eysk,Russia,Yeysk,,Russie,,0
FAC,Faaite,French Polynesia,Faaite,,,,0
FIE,Fair Isle,United Kingdom,Fair Isle,,Royaume-Uni,Angleterre GB Grande-Bretagne,0
EIL,Fairbanks,United States,Eielson Air Force Base,,États-Unis,USA US Etats Unis,0
SUU,Fairfield,United States,Travis Air Force Base,,États-Unis,USA US Etats Unis,0
FFD,Fairford,United Kingdom,RAF Fairford,,Royaume-Uni,Angleterre GB Grande-Bretagne,0
FBD,Faizabad,Afghanistan,Fayzabad,,,,0
FAJ,Fajardo,Puerto Rico,Diego Jimenez Torres,,,,0
NFL,Fallon,United States,Fallon Naval Air Station,,États-Unis,USA US Etats Unis,0
FMH,Falmouth,United States,Cape Cod Coast Guard Air Station,,États-Unis,USA US Etats Unis,0
FGU,Fangatau,French Polynesia,Fangatau,,,,0
RVA,Farafangana,Madagascar,Farafangana,,,,0
FAH,Farah,Afghanistan,Farah,,,,0
FAA,Faranah,Guinea,Faranah,,,,0
FRG,Farmingdale,United States,Republic,,États-Unis,USA US Etats Unis,0
FAB,Farnborough,United Kingdom,Farnborough,,Royaume-Uni,Angleterre GB Grande-Bretagne,0
ZFA,Faro,Canada,Faro,,,,0
FAN,Farsund,Norway,Lista,,Norvège,,0
FAZ,Fasa,Iran,Fasa,,,,0
FYT,Faya-largeau,Chad,Faya Largeau,,,,0
FYV,Fayetteville,United States,Drake Field,,États-Unis,USA US Etats Unis,0
WFI,Fianarantsoa,Madagascar,Fianarantsoa,,,,0
FCB,Ficksburg,South Africa,Ficksburg Sentraoes,,Afrique du Sud,,0
FDY,Findley,United States,Findlay,,États-Unis,USA US Etats Unis,0
FIK,Finke,Australia,Finke,,Australie,,0
FIG,Fira,Guinea,Fria,,,,0
FTI,Fiti\'uta,American Samoa,Fitiuta,,,,0
FIZ,Fitzroy Crossing,Australia,Fitzroy Crossing,,Australie,,0
FLF,Flensburg,Germany,Flensburg-Schäferhaus,,Allemagne,,0
FLP,Flippin,United States,Marion County Regional,,États-Unis,USA US Etats Unis,0
FLB,Floriano,Brazil,Cangapara,,Brésil,,0
FOG,Foggia,Italy,"Foggia ""Gino Lisa""",,Italie,,0
FLD,Fond du Lac,United States,Fond du Lac County,,États-Unis,USA US Etats Unis,0
ZFD,Fond-Du-Lac,Canada,Fond-Du-Lac,,,,0
FBA,Fonte Boa,Brazil,Fonte Boa,,Brésil,,0
FRB,Forbes,Australia,Forbes,,Australie,,0
YFE,Forestville,Canada,Forestville,,,,0
FRL,Forli,Italy,Forlì,,Italie,,0
FOS,Forrest,Australia,Forrest,,Australie,,0
DAA,Fort Belvoir,United States,Davison Army Air Field,,États-Unis,USA US Etats Unis,0
LSF,Fort Benning,United States,Lawson Army Air Field (Fort Benning),,États-Unis,USA US Etats Unis,0
POB,Fort Bragg,United States,Pope Field,,États-Unis,USA US Etats Unis,0
FBR,Fort Bridger,United States,Fort Bridger,,États-Unis,USA US Etats Unis,0
FCS,Fort Carson,United States,Butts AAF (Fort Carson) Air Field,,États-Unis,USA US Etats Unis,0
FNL,Fort Collins,United States,Northern Colorado Regional,,États-Unis,USA US Etats Unis,0
FOD,Fort Dodge,United States,Fort Dodge Regional,,États-Unis,USA US Etats Unis,0
FAF,Fort Eustis,United States,Felker Army Air Field,,États-Unis,USA US Etats Unis,0
HLR,Fort Hood,United States,Hood Army Air Field,,États-Unis,USA US Etats Unis,0
FHU,Fort Huachuca,United States,Sierra Vista Municipal Libby Army Air Field,,États-Unis,USA US Etats Unis,0
BYS,Fort Irwin,United States,Bicycle Lake Army Air Field,,États-Unis,USA US Etats Unis,0
FTK,Fort Knox,United States,Godman Army Air Field,,États-Unis,USA US Etats Unis,0
FXE,Fort Lauderdale,United States,Fort Lauderdale Executive,,États-Unis,USA US Etats Unis,0
FLV,Fort Leavenworth,United States,Sherman Army Air Field,,États-Unis,USA US Etats Unis,0
GRF,Fort Lewis,United States,Gray Army Air Field,,États-Unis,USA US Etats Unis,0
YJF,Fort Liard,Canada,Fort Liard,,,,0
FME,Fort Meade,United States,Tipton,,États-Unis,USA US Etats Unis,0
FMY,Fort Myers,United States,Page Field,,États-Unis,USA US Etats Unis,0
OAR,Fort Ord,United States,Marina Municipal,,États-Unis,USA US Etats Unis,0
FPR,Fort Pierce,United States,St Lucie County,,États-Unis,USA US Etats Unis,0
POE,Fort Polk,United States,Polk Army Air Field,,États-Unis,USA US Etats Unis,0
YFR,Fort Resolution,Canada,Fort Resolution,,,,0
FRN,Fort Richardson,United States,Bryant Army Heliport,,États-Unis,USA US Etats Unis,0
FRI,Fort Riley,United States,Marshall Army Air Field,,États-Unis,USA US Etats Unis,0
OZR,Fort Rucker/Ozark,United States,Cairns AAF (Fort Rucker) Air Field,,États-Unis,USA US Etats Unis,0
FSI,Fort Sill,United States,Henry Post Army Air Field (Fort Sill),,États-Unis,USA US Etats Unis,0
FST,Fort Stockton,United States,Fort Stockton Pecos County,,États-Unis,USA US Etats Unis,0
FBK,Fort Wainwright,United States,Ladd AAF Airfield,,États-Unis,USA US Etats Unis,0
SMD,Fort Wayne IN,United States,Smith Field,,États-Unis,USA US Etats Unis,0
FTW,Fort Worth,United States,Fort Worth Meacham,,États-Unis,USA US Etats Unis,0
AFW,Fort Worth,United States,Fort Worth Alliance,,États-Unis,USA US Etats Unis,0
FOM,Foumban,Cameroon,Foumban Nkounja,,,,0
FRC,Franca,Brazil,Tenente Lund Pressoto,,Brésil,,0
MVB,Franceville,Gabon,M'Vengue El Hadj Omar Bongo Ondimba,,,,0
FBE,Francisco Beltrao,Brazil,Francisco Beltrão,,Brésil,,0
FFT,Frankfort,United States,Capital City,,États-Unis,USA US Etats Unis,0
OCN,Fraser Island,Australia,Oceanside Municipal,,Australie,,0
FBG,Fredericksburg,United States,Simmons Army Air Field,,États-Unis,USA US Etats Unis,0
HGS,Freetown,Sierra Leone,Hastings,,,,0
FRJ,Frejus,France,Fréjus,,,,0
FET,Fremont,United States,Fremont Municipal,,États-Unis,USA US Etats Unis,0
WFK,Frenchville,United States,Northern Aroostook Regional,,États-Unis,USA US Etats Unis,0
FRZ,Fritzlar,Germany,Fritzlar,,Allemagne,,0
FRY,Fryeburg,United States,Eastern Slopes Regional,,États-Unis,USA US Etats Unis,0
FEL,Fuerstenfeldbruck,Germany,Fürstenfeldbruck Air Base,,Allemagne,,0
GNR,Fuerte Gral Roca,Argentina,Dr. Arturo H. Illia,,Argentine,,0
FKJ,Fukui,Japan,Fukui,,Japon,,0
FUL,Fullerton,United States,Fullerton Municipal,,États-Unis,USA US Etats Unis,0
FNR,Funter Bay,United States,Funter Bay Seaplane Base,,États-Unis,USA US Etats Unis,0
FFU,Futaleufu,Chile,Futaleufú,,Chili,,0
FYJ,Fuyuan,China,Dongji Aiport,,Chine,,0
FYN,Fuyun,China,Fuyun Koktokay,,Chine,,0
GLR,GAYLORD,United States,Gaylord Regional,,États-Unis,USA US Etats Unis,0
GAD,Gadsden,United States,Northeast Alabama Regional,,États-Unis,USA US Etats Unis,0
GVL,Gainesville,United States,Lee Gilmer Memorial,,États-Unis,USA US Etats Unis,0
GAI,Gaithersburg,United States,Montgomery County Airpark,,États-Unis,USA US Etats Unis,0
GBG,Galesburg,United States,Galesburg Municipal,,États-Unis,USA US Etats Unis,0
GQQ,Galion,United States,Galion Municipal,,États-Unis,USA US Etats Unis,0
GUP,Gallup,United States,Gallup Municipal,,États-Unis,USA US Etats Unis,0
ADP,Galoya,Sri Lanka,Ampara,,,,0
GLS,Galveston,United States,Scholes At Galveston,,États-Unis,USA US Etats Unis,0
GWY,Galway,Ireland,Galway,,Irlande,,0
YGG,Ganges,Canada,Ganges Seaplane Base,,,,0
GAQ,Gao,Mali,Gao,,,,0
GAS,Garissa,Kenya,Garissa,,Kenya,,0
GYY,Gary,United States,Gary Chicago,,États-Unis,USA US Etats Unis,0
MRQ,Gasan,Philippines,Marinduque,,Philippines,,0
YND,Gatineau,Canada,Ottawa / Gatineau,,,,0
GVX,Gavle,Sweden,Gävle Sandviken,,Suède,,0
GAY,Gaya,India,Gaya,,Inde,,0
GAH,Gayndah,Australia,Gayndah,,Australie,,0
GZA,Gaza,Palestine,Yasser Arafat,,,,0
BDT,Gbadolite,Congo (Kinshasa),Gbadolite,,,,0
GBK,Gbangbatok,Sierra Leone,Gbangbatok,,,,0
QYD,Gdynia,Poland,Oksywie Military Air Base,,Pologne,,0
GEX,Geelong,Australia,Geelong,,Australie,,0
GKE,Geilenkirchen,Germany,Geilenkirchen Air Base,,Allemagne,,0
DLD,Geilo,Norway,Geilo Dagali,,Norvège,,0
GIT,Geita,Tanzania,Mchauru,,,,0
GLU,Gelephu,Bhutan,Gelephu,,,,0
GPO,General Pico,Argentina,General Pico,,Argentine,,0
GED,Georgetown,United States,Sussex County,,États-Unis,USA US Etats Unis,0
GGE,Georgetown,United States,Georgetown County,,États-Unis,USA US Etats Unis,0
MNI,Geralds,Montserrat,John A. Osborne,,,,0
YGQ,Geraldton,Canada,Geraldton Greenstone Regional,,,,0
GEC,Geçitkale,Cyprus,Lefkoniko,,,,0
GNZ,Ghanzi,Botswana,Ghanzi,,,,0
GZI,Ghazni,Afghanistan,Ghazni,,,,0
GZW,Ghazvin,Iran,Qazvin,,,,0
GHF,Giebelstadt,Germany,[Duplicate] Giebelstadt Army Air Field,,Allemagne,,0
QGU,Gifu,Japan,Gifu,,Japon,,0
GLZ,Gilze-rijen,Netherlands,Gilze Rijen Air Base,,Pays-Bas,Hollande,0
YGM,Gimli,Canada,Gimli Industrial Park,,,,0
GIR,Girardot,Colombia,Santiago Vila,,Colombie,,0
GYI,Gisenyi,Rwanda,Gisenyi,,,,0
GID,Gitega,Burundi,Gitega,,,,0
GJR,Gjogur,Iceland,Gjögur,,Islande,,0
GDW,Gladwin,United States,Gladwin Zettel Memorial,,États-Unis,USA US Etats Unis,0
GLW,Glasgow,United States,Glasgow Municipal,,États-Unis,USA US Etats Unis,0
GLI,Glen Innes,Australia,Glen Innes,,Australie,,0
GTN,Glentanner,New Zealand,Glentanner,,Nouvelle-Zélande,,0
GOB,Goba,Ethiopia,Robe,,,,0
GGS,Gobernador Gregores,Argentina,Gobernador Gregores,,Argentine,,0
YGO,Gods Lake Narrows,Canada,Gods Lake Narrows,,,,0
ZGI,Gods River,Canada,Gods River,,,,0
GSB,Goldsboro,United States,Seymour Johnson Air Force Base,,États-Unis,USA US Etats Unis,0
GMQ,Golog,China,Golog Maqin,,Chine,,0
GME,Gomel,Belarus,Gomel,,,,0
GLD,Goodland,United States,Renner Field-Goodland Municipal,,États-Unis,USA US Etats Unis,0
QUG,Goodwood,United Kingdom,Chichester/Goodwood,,Royaume-Uni,Angleterre GB Grande-Bretagne,0
GYR,Goodyear,United States,Phoenix Goodyear,,États-Unis,USA US Etats Unis,0
GOO,Goondiwindi,Australia,Goondiwindi,,Australie,,0
GOR,Gore,Ethiopia,Gore,,,,0
YZE,Gore Bay,Canada,Gore Bay Manitoulin,,,,0
GOZ,Gorna Orechovica,Bulgaria,Gorna Oryahovitsa,,Bulgarie,,0
GUL,Goulburn,Australia,Goulburn,,Australie,,0
OYA,Goya,Argentina,Goya,,Argentine,,0
GZM,Gozo,Malta,Xewkija Heliport,,,,0
GBJ,Grand Bourg,Guadeloupe,Les Bases,,Guadeloupe,,0
ZGF,Grand Forks,Canada,Grand Forks,,,,0
GRM,Grand Marais,United States,Grand Marais Cook County,,États-Unis,USA US Etats Unis,0
GPZ,Grand Rapids MN,United States,Grand Rapids Itasca Co-Gordon Newstrom field,,États-Unis,USA US Etats Unis,0
GSI,Grand-Santi,French Guiana,Grand-Santi,,,,0
DSD,Grande Anse,Guadeloupe,La Désirade,,Guadeloupe,,0
MWH,Grant County Airport,United States,Grant County,,États-Unis,USA US Etats Unis,0
GNT,Grants,United States,Grants-Milan Municipal,,États-Unis,USA US Etats Unis,0
GFR,Granville,France,Granville,,,,0
GBD,Great Bend,United States,Great Bend Municipal,,États-Unis,USA US Etats Unis,0
GKL,Great Keppel Island,Australia,Great Keppel Is,,Australie,,0
GXY,Greeley,United States,Greeley–Weld County,,États-Unis,USA US Etats Unis,0
GNI,Green Island,Taiwan,Lyudao,,,,0
GVT,Greenvile,United States,Majors,,États-Unis,USA US Etats Unis,0
CPA,Greenville,Liberia,Cape Palmas,,,,0
GDC,Greenville,United States,Donaldson Field,,États-Unis,USA US Etats Unis,0
GMU,Greenville,United States,Greenville Downtown,,États-Unis,USA US Etats Unis,0
YZX,Greenwood,Canada,CFB Greenwood,,,,0
GWO,Greenwood,United States,Greenwood–Leflore,,États-Unis,USA US Etats Unis,0
ZHI,Grenchen,Switzerland,Grenchen,,Suisse,,0
GNB,Grenoble,France,Grenoble-Isère,,,,0
GFY,Grootfontein,Namibia,Grootfontein,,,,0
GRS,Grosseto,Italy,Grosseto Air Base,,Italie,,0
GON,Groton CT,United States,Groton New London,,États-Unis,USA US Etats Unis,0
TAR,Grottaglie,Italy,"Taranto-Grottaglie ""Marcello Arlotta""",,Italie,,0
GUU,Grundarfjordur,Iceland,Grundarfjörður,,Islande,,0
GRY,Grímsey,Iceland,Grímsey,,Islande,,0
GJM,Guajara-mirim,Brazil,Guajará-Mirim,,Brésil,,0
GHU,Gualeguaychu,Argentina,Gualeguaychu,,Argentine,,0
GUQ,Guanare,Venezuela,Guanare,,,,0
LHK,Guanghua,China,Guangzhou MR Air Base,,Chine,,0
NBW,Guantanamo,Cuba,Leeward Point Field,,Cuba,,0
GPL,Guapiles,Costa Rica,Guapiles,,Costa Rica,,0
GUZ,Guarapari,Brazil,Guarapari,,Brésil,,0
GUJ,Guaratingueta,Brazil,Guaratinguetá,,Brésil,,0
GDO,Guasdualito,Venezuela,Guasdalito,,,,0
GYM,Guaymas,Mexico,General José María Yáñez,,Mexique,,0
GUB,Guerrero Negro,Mexico,Guerrero Negro,,Mexique,,0
GUT,Guetersloh,Germany,Gütersloh Air Base,,Allemagne,,0
GUI,Guiria,Venezuela,Guiria,,,,0
GUF,Gulf Shores,United States,Jack Edwards,,États-Unis,USA US Etats Unis,0
GKN,Gulkana,United States,Gulkana,,États-Unis,USA US Etats Unis,0
ULU,Gulu,Uganda,Gulu,,,,0
GUX,Guna,India,Guna,,Inde,,0
GNS,Gunung Sitoli,Indonesia,Binaka,,Indonésie,,0
GUY,Guymon,United States,Guymon Municipal,,États-Unis,USA US Etats Unis,0
GYU,Guyuan,China,Guyuan Liupanshan,,Chine,,0
GWE,Gwert,Zimbabwe,Thornhill Air Base,,,,0
HHE,Hachinoe,Japan,Hachinohe,,Japon,,0
SUN,Hailey,United States,Friedman Memorial,,États-Unis,USA US Etats Unis,0
YHT,Haines Junction,Canada,Haines Junction,,,,0
HXD,Haixi,China,Delingha,,Chine,,0
YKO,Hakkari,Turkey,Hakkari Yüksekova,,Turquie,,0
HAF,Half Moon Bay,United States,Half Moon Bay,,États-Unis,USA US Etats Unis,0
KEV,Halli,Finland,Halli,,Finlande,,0
HCQ,Halls Creek,Australia,Halls Creek,,Australie,,0
HMR,Hamar,Norway,Stafsberg,,Norvège,,0
DSO,Hamhung,North Korea,Sondok,,,,0
HLT,Hamilton,Australia,Hamilton,,Australie,,0
HAO,Hamilton,United States,Butler Co Regional - Hogan Field,,États-Unis,USA US Etats Unis,0
LFI,Hampton,United States,Langley Air Force Base,,États-Unis,USA US Etats Unis,0
ZNF,Hanau,Germany,Hanau Army Air Field,,Allemagne,,0
HZG,Hanzhong,China,Hanzhong Chenggu,,Chine,,0
HAR,Harrisburg,United States,Capital City,,États-Unis,USA US Etats Unis,0
HRS,Harrismith,South Africa,Harrismith,,Afrique du Sud,,0
HFD,Hartford,United States,Hartford Brainard,,États-Unis,USA US Etats Unis,0
HVS,Hartsville,United States,Hartsville Regional,,États-Unis,USA US Etats Unis,0
HBG,Hattiesburg,United States,Hattiesburg Bobby L Chain Municipal,,États-Unis,USA US Etats Unis,0
HAW,Haverfordwest,United Kingdom,Haverfordwest,,Royaume-Uni,Angleterre GB Grande-Bretagne,0
HHR,Hawthorne,United States,Jack Northrop Field Hawthorne Municipal,,États-Unis,USA US Etats Unis,0
HYS,Hays,United States,Hays Regional,,États-Unis,USA US Etats Unis,0
HWD,Hayward,United States,Hayward Executive,,États-Unis,USA US Etats Unis,0
HYR,Hayward,United States,Sawyer County,,États-Unis,USA US Etats Unis,0
HZL,Hazleton,United States,Hazleton Municipal,,États-Unis,USA US Etats Unis,0
YHF,Hearst,Canada,Hearst René Fontaine Municipal,,,,0
HCJ,Hechi,China,Hechi Jinchengjiang,,Chine,,0
HGL,Helgoland,Germany,Helgoland-Düne,,Allemagne,,0
HEM,Helsinki,Finland,Helsinki Malmi,,Finlande,,0
HSH,Henderson,United States,Henderson Executive,,États-Unis,USA US Etats Unis,0
HCN,Hengchun,Taiwan,Hengchun,,,,0
HNY,Hengyang,China,Hengyang Nanyue,,Chine,,0
HMG,Hermannsburg,Australia,Hermannsburg,,Australie,,0
HKY,Hickory,United States,Hickory Regional,,États-Unis,USA US Etats Unis,0
HGI,Higleig,South Sudan,"Paloich, Heliport",,,,0
HGE,Higuerote,Venezuela,Higuerote,,,,0
HHZ,Hikueru,French Polynesia,Hikueru Atoll,,,,0
HIO,Hillsboro,United States,Portland Hillsboro,,États-Unis,USA US Etats Unis,0
YJP,Hinton,Canada,Hinton/Jasper-Hinton,,,,0
HIW,Hiroshima,Japan,Hiroshimanishi,,Japon,,0
HSS,Hissar,India,Hissar,,Inde,,0
HBR,Hobart,United States,Hobart Regional,,États-Unis,USA US Etats Unis,0
HOQ,Hof,Germany,Hof-Plauen,,Allemagne,,0
HFN,Hofn,Iceland,Hornafjörður,,Islande,,0
HOH,Hohenems,Austria,Hohenems-Dornbirn,,Autriche,,0
HOA,Hola,Kenya,Hola,,Kenya,,0
HDE,Holdredge,United States,Brewster Field,,États-Unis,USA US Etats Unis,0
HUO,Holingol,China,Holingol Huolinhe,,Chine,,0
HLI,Hollister,United States,Hollister Municipal,,États-Unis,USA US Etats Unis,0
HWO,Hollywood,United States,North Perry,,États-Unis,USA US Etats Unis,0
HST,Homestead,United States,Homestead ARB,,États-Unis,USA US Etats Unis,0
HOX,Hommalin,Burma,Hommalinn,,,,0
HUQ,Hon,Libya,Hon,,,,0
HHP,Hong Kong,Hong Kong,Shun Tak Heliport,,,,0
BEQ,Honington,United Kingdom,RAF Honington,,Royaume-Uni,Angleterre GB Grande-Bretagne,0
HOK,Hooker Creek,Australia,Hooker Creek,,Australie,,0
YHE,Hope,Canada,Hope,,,,0
HOP,Hopkinsville,United States,Campbell AAF (Fort Campbell) Air Field,,États-Unis,USA US Etats Unis,0
HQM,Hoquiam,United States,Bowerman,,États-Unis,USA US Etats Unis,0
YHN,Hornepayne,Canada,Hornepayne Municipal,,,,0
HSM,Horsham,Australia,Horsham,,Australie,,0
HTL,Houghton Lake,United States,Roscommon County - Blodgett Memorial,,États-Unis,USA US Etats Unis,0
HUL,Houlton,United States,Houlton,,États-Unis,USA US Etats Unis,0
EFD,Houston,United States,Ellington,,États-Unis,USA US Etats Unis,0
DWH,Houston,United States,David Wayne Hooks Memorial,,États-Unis,USA US Etats Unis,0
IWS,Houston,United States,West Houston,,États-Unis,USA US Etats Unis,0
AAP,Houston,United States,Andrau Airpark,,États-Unis,USA US Etats Unis,0
BLB,Howard,Panama,Panama Pacific,,Panama,,0
PAA,Hpa-an,Burma,Hpa-N,,,,0
GNA,Hrodna,Belarus,Hrodna,,,,0
HSZ,Hsinchu,Taiwan,Hsinchu Air Base,,,,0
HUV,Hudiksvall,Sweden,Hudiksvall,,Suède,,0
YHB,Hudson Bay,Canada,Hudson Bay,,,,0
HSK,Huesca,Spain,Huesca/Pirineos,,Espagne,,0
HGD,Hughenden,Australia,Hughenden,,Australie,,0
HUZ,Huizhou,China,Huizhou,,Chine,,0
HLF,Hultsfred,Sweden,Hultsfred,,Suède,,0
HUW,Humaita,Brazil,Humaitá,,Brésil,,0
HUE,Humera,Ethiopia,Humera,,,,0
SVN,Hunter Aaf,United States,Hunter Army Air Field,,États-Unis,USA US Etats Unis,0
HTV,Huntsville,United States,Huntsville Regional,,États-Unis,USA US Etats Unis,0
HZK,Husavik,Iceland,Húsavík,,Islande,,0
HUT,Hutchinson,United States,Hutchinson Municipal,,États-Unis,USA US Etats Unis,0
WKI,Hwange,Zimbabwe,Hwange (Town),,,,0
HWN,Hwange National Park,Zimbabwe,Hwange National Park,,,,0
BPM,Hyderabad,India,Begumpet,,Inde,,0
HDD,Hyderabad,Pakistan,Hyderabad,,,,0
HYV,Hyvinkaa,Finland,Hyvinkää Airfield,,Finlande,,0
IBP,Iberia,Peru,Iberia,,Pérou,,0
IEJ,Ie,Japan,Ie Jima,,Japon,,0
IFU,Ifuru,Maldives,Ifuru,,,,0
ZUC,Ignace,Canada,Ignace Municipal,,,,0
QIG,Iguatu,Brazil,Iguatu,,Brésil,,0
QJI,Ikamiut,Greenland,Ikamiut Heliport,,,,0
IKL,Ikela,Congo (Kinshasa),Ikela,,,,0
QRY,Ikerasaarsuk,Greenland,Ikerassaarsuk Heliport,,,,0
PFR,Ilebo,Congo (Kinshasa),Ilebo,,,,0
ILF,Ilford,Canada,Ilford,,,,0
XIQ,Ilimanaq,Greenland,Ilimanaq Heliport,,,,0
ILA,Illaga,Indonesia,Illaga,,Indonésie,,0
VVZ,Illizi,Algeria,Illizi Takhamalt,,Algérie,,0
ILQ,Ilo,Peru,Ilo,,Pérou,,0
IMB,Imbaimadai,Guyana,Imbaimadai,,,,0
IMM,Immokalee,United States,Immokalee Regional,,États-Unis,USA US Etats Unis,0
ION,Impfondo,Congo (Brazzaville),Impfondo,,,,0
IDP,Independence,United States,Independence Municipal,,États-Unis,USA US Etats Unis,0
UTO,Indian Mountains,United States,Indian Mountain LRRS,,États-Unis,USA US Etats Unis,0
INS,Indian Springs,United States,Creech Air Force Base,,États-Unis,USA US Etats Unis,0
NNR,Indreabhan,Ireland,Connemara Regional,,Irlande,,0
IGB,Ingeniero Jacobacci,Argentina,Cabo F.A.A. H. R. Bordón,,Argentine,,0
IGS,Ingolstadt,Germany,Ingolstadt Manching,,Allemagne,,0
IHC,Inhaca,Mozambique,Inhaca,,,,0
IOR,Inis Mor,Ireland,Inishmore Aerodrome,,Irlande,,0
INQ,Inisheer,Ireland,Inisheer Aerodrome,,Irlande,,0
IIA,Inishmaan,Ireland,Inishmaan Aerodrome,,Irlande,,0
IFL,Innisfail,Australia,Innisfail,,Australie,,0
INO,Inongo,Congo (Kinshasa),Inongo,,,,0
INA,Inta,Russia,Inta,,Russie,,0
ZIN,Interlaken,Switzerland,Interlaken Air Base,,Suisse,,0
IVR,Inverell,Australia,Inverell,,Australie,,0
IYK,Inyokern,United States,Inyokern,,États-Unis,USA US Etats Unis,0
IOW,Iowa City,United States,Iowa City Municipal,,États-Unis,USA US Etats Unis,0
IRB,Iraan,United States,Iraan Municipal,,États-Unis,USA US Etats Unis,0
IHR,Iran Shahr,Iran,Iran Shahr,,,,0
IRI,Iringa,Tanzania,Iringa,,,,0
IBB,Isabela,Ecuador,General Villamil,,,,0
IRD,Ishurdi,Bangladesh,Ishurdi,,,,0
ICC,Isla De Coche,Venezuela,Andrés Miguel Salazar Marcano,,,,0
ISJ,Isla Mujeres,Mexico,Isla Mujeres,,Mexique,,0
TNM,Isla Rey Jorge,Antarctica,Teniente Rodolfo Marsh Martin Base,,,,0
YIV,Island Lake,Canada,Island Lake,,,,0
ISL,Istanbul,Turkey,Atatürk,Istanbul,Turquie,,0
ITA,Itaituba,Brazil,Itacoatiara,,Brésil,,0
ITP,Itaperuna,Brazil,Itaperuna,,Brésil,,0
ITR,Itumbiara,Brazil,Francisco Vilela do Amaral,,Brésil,,0
IWA,Ivanovo,Russia,Ivanovo South,,Russie,,0
IWO,Iwojima,Japan,Iwo Jima,,Japon,,0
IGL,Izmir,Turkey,Çiğli,,Turquie,,0
IZT,Iztepec,Mexico,Ixtepec,,Mexique,,0
JAB,Jabiru,Australia,Jabiru,,Australie,,0
JCR,Jacare-acanga,Brazil,Jacareacanga,,Brésil,,0
JXN,Jackson,United States,Jackson County Reynolds Field,,États-Unis,USA US Etats Unis,0
LRF,Jacksonville,United States,Little Rock Air Force Base,,États-Unis,USA US Etats Unis,0
NIP,Jacksonville,United States,Jacksonville Naval Air Station (Towers Field),,États-Unis,USA US Etats Unis,0
VQQ,Jacksonville,United States,Cecil,,États-Unis,USA US Etats Unis,0
CRG,Jacksonville,United States,Jacksonville Executive at Craig,,États-Unis,USA US Etats Unis,0
JAK,Jacmel,Haiti,Jacmel,,Haïti,,0
JAG,Jacobsbad,Pakistan,Shahbaz Air Base,,,,0
JAF,Jaffna,Sri Lanka,Kankesanturai,,,,0
JJG,Jaguaruna,Brazil,Humberto Ghizzo Bortoluzzi Regional,,Brésil,,0
JAR,Jahrom,Iran,Jahrom,,,,0
JSA,Jaisalmer,India,Jaisalmer,,Inde,,0
BUT,Jakar,Bhutan,Bathpalathang,,,,0
PCB,Jakarta,Indonesia,Pondok Cabe Air Base,,Indonésie,,0
HLP,Jakarta,Indonesia,Halim Perdanakusuma,,Indonésie,,0
JAA,Jalalabad,Afghanistan,Jalalabad,,,,0
JMS,Jamestown,United States,Jamestown Regional,,États-Unis,USA US Etats Unis,0
IXW,Jamshedpur,India,Sonari,,Inde,,0
JVL,Janesville,United States,Southern Wisconsin Regional,,États-Unis,USA US Etats Unis,0
JSK,Jask,Iran,Jask,,,,0
JAS,Jasper,United States,Jasper County-Bell Field,,États-Unis,USA US Etats Unis,0
APT,Jasper,United States,Marion County Brown Field,,États-Unis,USA US Etats Unis,0
JAE,Jaén,Peru,Shumba,,Pérou,,0
JEF,Jefferson City,United States,Jefferson City Memorial,,États-Unis,USA US Etats Unis,0
ZJG,Jenpeg,Canada,Jenpeg,,,,0
JEE,Jeremie,Haiti,Jérémie,,Haïti,,0
PYB,Jeypore,India,Jeypore,,Inde,,0
CHN,Jhunju,South Korea,Jeon Ju (G-703),,Corée du Sud,,0
JSJ,Jiansanjiang,China,Jiansanjiang,,Chine,,0
GJL,Jijel,Algeria,Jijel Ferhat Abbas,,Algérie,,0
JYR,Jiroft,Iran,Jiroft,,,,0
JIW,Jiwani,Pakistan,Jiwani,,,,0
GCJ,Johannesburg,South Africa,Grand Central,Johannesbourg,Afrique du Sud,,0
QRA,Johannesburg,South Africa,Rand,Johannesbourg,Afrique du Sud,,0
JON,Johnston Island,Johnston Atoll,Johnston Atoll,,,,0
JOT,Joliet,United States,Joliet Regional,,États-Unis,USA US Etats Unis,0
JMO,Jomsom,Nepal,Jomsom,,,,0
JRH,Jorhat,India,Jorhat,,Inde,,0
JSM,Jose de San Martin,Argentina,Jose De San Martin,,Argentine,,0
JJI,Juanjui,Peru,Juanjui,,Pérou,,0
JUA,Juara,Brazil,Inácio Luís do Nascimento,,Brésil,,0
QJB,Jubail,Saudi Arabia,Jubail,,Arabie saoudite,,0
JIA,Juina,Brazil,Juína,,Brésil,,0
JUI,Juist,Germany,Juist,,Allemagne,,0
JDF,Juiz De Fora,Brazil,Francisco de Assis,,Brésil,,0
JUM,Jumla,Nepal,Jumla,,,,0
JCT,Junction,United States,Kimble County,,États-Unis,USA US Etats Unis,0
JNI,Junin,Argentina,Junin,,Argentine,,0
JRN,Juruena,Brazil,Juruena,,Brésil,,0
JWA,Jwaneng,Botswana,Jwaneng,,,,0
KBN,Kabinda,Congo (Kinshasa),Tunta,,,,0
ABK,Kabri Dehar,Ethiopia,Kabri Dehar,,,,0
OAI,Kabul,Afghanistan,Bagram Air Base,,,,0
KCF,Kadanwari,Pakistan,Kadanwari,,,,0
DNA,Kadena,Japan,Kadena Air Base,,Japon,,0
KDX,Kadugli,Sudan,Kadugli,,,,0
KED,Kaedi,Mauritania,Kaédi,,,,0
KGW,Kagi,Papua New Guinea,Kagi,,,,0
KAI,Kaieteur,Guyana,Kaieteur,,,,0
KBZ,Kaikoura,New Zealand,Kaikoura,,Nouvelle-Zélande,,0
IXH,Kailashahar,India,Kailashahar,,Inde,,0
KJH,Kaili,China,Kaili,,Chine,,0
AIZ,Kaiser Lake Ozark,United States,Lee C Fine Memorial,,États-Unis,USA US Etats Unis,0
GGM,Kakamega,Kenya,Kakamega,,Kenya,,0
KLM,Kalaleh,Iran,Kalaleh,,,,0
KAX,Kalbarri,Australia,Kalbarri,,Australie,,0
KMV,Kalemyo,Myanmar,Kalay,,,Birmanie,0
KFG,Kalkgurung,Australia,Kalkgurung,,Australie,,0
KLF,Kaluga,Russia,Grabtsevo,,Russie,,0
KAR,Kamarang,Guyana,Kamarang,,,,0
KMN,Kamina Base,Congo (Kinshasa),Kamina Base,,,,0
KAC,Kamishly,Syria,Kamishly,,,,0
AMN,Kamloops,Canada,Gratiot Community,,,,0
ATG,Kamra,Pakistan,Minhas Air Base,,,,0
KDC,Kandi,Benin,Kandi,,,,0
IXY,Kandla,India,Kandla,,Inde,,0
NGF,Kaneohe Bay,United States,Kaneohe Bay MCAS (Marion E. Carl Field),,États-Unis,USA US Etats Unis,0
QPW,Kangaatsiaq,Greenland,Kangaatsiaq Heliport,,,,0
KNR,Kangan,Iran,Jam,,,,0
KAG,Kangnung,South Korea,Gangneung (K-18),,Corée du Sud,,0
IKK,Kankakee,United States,Greater Kankakee,,États-Unis,USA US Etats Unis,0
CNN,Kannur,India,Kannur,,Inde,,0
MKC,Kansas City,United States,Charles B. Wheeler Downtown,,États-Unis,USA US Etats Unis,0
KLC,Kaolack,Senegal,Kaolack,,Sénégal,,0
KNP,Kapanda,Angola,Capanda,,,,0
JRF,Kapolei,United States,Kalaeloa,,États-Unis,USA US Etats Unis,0
PYK,Karaj,Iran,Payam,,,,0
KDL,Kardla,Estonia,Kärdla,,,,0
KAB,Kariba,Zimbabwe,Kariba,,,,0
KWB,Karimunjawa,Indonesia,Dewadaru - Kemujan Island,,Indonésie,,0
KSK,Karlskoga,Sweden,Karlskoga,,Suède,,0
KGJ,Karonga,Malawi,Karonga,,,,0
KRB,Karumba,Australia,Karumba,,Australie,,0
ZKB,Kasaba Bay,Zambia,Kasaba Bay,,,,0
KKS,Kashan,Iran,Kashan,,,,0
CGJ,Kasompe,Zambia,Kasompe,,,,0
KSL,Kassala,Sudan,Kassala,,,,0
KBQ,Kasungu,Malawi,Kasungu,,,,0
KTR,Katherine,Australia,Tindal,,Australie,,0
KHJ,Kauhajoki,Finland,Kauhajoki,,Finlande,,0
KAU,Kauhava,Finland,Kauhava,,Finlande,,0
QKX,Kautokeino,Norway,Kautokeino Air Base,,Norvège,,0
KVR,Kavalerovo,Russia,Kavalerovo,,Russie,,0
VRO,Kawama,Cuba,Kawama,,Cuba,,0
KYS,Kayes,Mali,Kayes Dag Dag,,,,0
KGG,Kedougou,Senegal,Kédougou,,Sénégal,,0
EEN,Keene,United States,Dillant Hopkins,,États-Unis,USA US Etats Unis,0
KMP,Keetmanshoop,Namibia,Keetmanshoop,,,,0
KES,Kelsey,Canada,Kelsey,,,,0
KLS,Kelso,United States,Southwest Washington Regional,,États-Unis,USA US Etats Unis,0
EMP,Kempten,Germany,Emporia Municipal,,Allemagne,,0
TMB,Kendall-tamiami,United States,Kendall-Tamiami Executive,,États-Unis,USA US Etats Unis,0
KEN,Kenema,Sierra Leone,Kenema,,,,0
ENW,Kenosha,United States,Kenosha Regional,,États-Unis,USA US Etats Unis,0
NNA,Kentira,Morocco,Kenitra,,Maroc,,0
EOK,Keokuk,United States,Keokuk Municipal,,États-Unis,USA US Etats Unis,0
KJP,Kerama,Japan,Kerama,,Japon,,0
KHC,Kerch,Ukraine,Kerch,,Ukraine,,0
KMA,Kerema,Papua New Guinea,Kerema,,,,0
KEY,Kericho,Kenya,Kericho,,Kenya,,0
KRC,Kerinci Regency,Indonesia,Departi Parbo,,Indonésie,,0
ERV,Kerrville,United States,Kerrville Municipal Louis Schreiner Field,,États-Unis,USA US Etats Unis,0
IXK,Keshod,India,Keshod,,Inde,,0
YKJ,Key Lake,Canada,Key Lake,,,,0
NQX,Key West,United States,Naval Air Station Key West/Boca Chica Field,,États-Unis,USA US Etats Unis,0
KHM,Khamti,Burma,Kanti,,,,0
KDY,Khandyga,Russia,Typliy Klyuch,,Russie,,0
KHK,Khark Island,Iran,Khark Island,,,,0
HTG,Khatanga,Russia,Khatanga,,Russie,,0
KHE,Kherson,Ukraine,Kherson,,Ukraine,,0
HMJ,Khmeinitskiy,Ukraine,Khmelnytskyi,,Ukraine,,0
KHT,Khost,Afghanistan,Khost,,,,0
KDD,Khuzdar,Pakistan,Khuzdar,,,,0
KHW,Khwai River,Botswana,Khwai River Lodge,,,,0
KEL,Kiel,Germany,Kiel-Holtenau,,Allemagne,,0
KZF,Kieta,Papua New Guinea,Kaintiba,,,,0
GML,Kiev,Ukraine,Gostomel,,Ukraine,,0
KFA,Kiffa,Mauritania,Kiffa,,,,0
TKQ,Kigoma,Tanzania,Kigoma,,,,0
KKX,Kikai,Japan,Kikai,,Japon,,0
KRI,Kikori,Papua New Guinea,Kikori,,,,0
KKW,Kikwit,Congo (Kinshasa),Kikwit,,,,0
ILU,Kilaguni,Kenya,Kilaguni,,Kenya,,0
KIO,Kili Island,Marshall Islands,Kili,,,,0
FFA,Kill Devil Hills,United States,First Flight,,États-Unis,USA US Etats Unis,0
KIY,Kilwa Masoko,Tanzania,Kilwa Masoko,,,,0
YKY,Kindersley,Canada,Kindersley,,,,0
KMC,King Khalid Mil.city,Saudi Arabia,King Khaled Military City,,Arabie saoudite,,0
KTP,Kingston,Jamaica,Tinson Pen,,Jamaïque,,0
NQI,Kingsville,United States,Kingsville Naval Air Station,,États-Unis,USA US Etats Unis,0
FSS,Kinloss,United Kingdom,RAF Kinloss,,Royaume-Uni,Angleterre GB Grande-Bretagne,0
NLO,Kinshasa,Congo (Kinshasa),Ndolo,,,,0
ISO,Kinston,United States,Kinston Regional Jetport At Stallings Field,,États-Unis,USA US Etats Unis,0
KRZ,Kiri,Congo (Kinshasa),Basango Mboliasa,,,,0
YKX,Kirkland Lake,Canada,Kirkland Lake,,,,0
KIK,Kirkuk,Iraq,Kirkuk Air Base,,,,0
KGO,Kirovograd,Ukraine,Kirovograd,,Ukraine,,0
KMU,Kismayu,Somalia,Kisimayu,,,,0
KSI,Kissidougou,Guinea,Kissidougou,,,,0
ISM,Kissimmee,United States,Kissimmee Gateway,,États-Unis,USA US Etats Unis,0
KTD,Kitadaito,Japan,Kitadaito,,Japon,,0
KTQ,Kitee,Finland,Kitee,,Finlande,,0
QJE,Kitsissuarsuit,Greenland,Kitsissuarsuit Heliport,,,,0
KZG,Kitzingen,Germany,Flugplatz Kitzingen,,Allemagne,,0
KLJ,Klaipeda,Lithuania,Klaipėda,,,,0
KYE,Kleiat,Lebanon,Rene Mouawad Air Base,,Liban,,0
KLZ,Kleinsee,South Africa,Kleinsee,,Afrique du Sud,,0
KXE,Klerksdorp,South Africa,P C Pelser,,Afrique du Sud,,0
SZL,Knobnoster,United States,Whiteman Air Force Base,,États-Unis,USA US Etats Unis,0
KOQ,Koethen,Germany,Köthen,,Allemagne,,0
OKK,Kokomo,United States,Kokomo Municipal,,États-Unis,USA US Etats Unis,0
KOX,Kokonau,Indonesia,Kokonau,,Indonésie,,0
KDA,Kolda,Senegal,Kolda North,,Sénégal,,0
KLH,Kolhapur,India,Kolhapur,,Inde,,0
KGK,Koliganek,United States,Koliganek,,États-Unis,USA US Etats Unis,0
KWZ,Kolwezi,Congo (Kinshasa),Kolwezi,,,,0
KZC,Kompong Chnang,Cambodia,Kampong Chhnang,,,,0
KXK,Komsomolsk-on-Amur,Russia,Komsomolsk-on-Amur,,Russie,,0
HGO,Korhogo,Cote d'Ivoire,Korhogo,,,,0
KXF,Koro Island,Fiji,Koro Island,,,,0
KJK,Kortrijk-vevelgem,Belgium,Wevelgem,,Belgique,,0
KMW,Kostroma,Russia,Kostroma Sokerkino,,Russie,,0
KTU,Kota,India,Kota,,Inde,,0
KLI,Kotakoli,Congo (Kinshasa),Kotakoli,,,,0
KSZ,Kotlas,Russia,Kotlas,,Russie,,0
KOU,Koulamoutou,Gabon,Koulamoutou Mabimbi,,,,0
KRQ,Kramatorsk,Ukraine,Kramatorsk,,Ukraine,,0
KRW,Krasnovodsk,Turkmenistan,Turkmenbashi,,,,0
KTI,Kratie,Cambodia,Kratie,,,,0
KWG,Krivoy Rog,Ukraine,Kryvyi Rih,,Ukraine,,0
KUG,Kubin,Australia,Kubin,,Australie,,0
UND,Kunduz,Afghanistan,Konduz,,,,0
UHE,Kunovice,Czech Republic,Kunovice,,Tchéquie,Republique tcheque,0
UUK,Kuparuk,United States,Ugnu-Kuparuk,,États-Unis,USA US Etats Unis,0
KUC,Kuria,Kiribati,Kuria,,,,0
KMH,Kuruman,South Africa,Johan Pienaar,,Afrique du Sud,,0
LFQ,LINFEN,China,Linfen Qiaoli,,Chine,,0
LBY,La Baule,France,La Baule-Escoublac,,,,0
LCL,La Coloma,Cuba,La Coloma,,Cuba,,0
PAL,La Dorada,Colombia,German Olano Air Base,,Colombie,,0
LGD,La Grande,United States,La Grande/Union County,,États-Unis,USA US Etats Unis,0
YAH,La Grande-4,Canada,La Grande-4,,,,0
MCJ,La Mina,Colombia,Jorge Isaac,,Colombie,,0
LTT,La Môle,France,La Môle,,,,0
PLP,La Palma,Panama,Captain Ramon Xatruch,,Panama,,0
LPG,La Plata,Argentina,La Plata,,Argentine,,0
EDM,La Roche-sur-yon,France,La Roche-sur-Yon,,,,0
YVC,La Ronge,Canada,La Ronge,,,,0
POC,La Verne,United States,Brackett Field,,États-Unis,USA US Etats Unis,0
LGC,LaGrange,United States,LaGrange Callaway,,États-Unis,USA US Etats Unis,0
LEK,Labe,Guinea,Tata,,,,0
LBR,Labrea,Brazil,Lábrea,,Brésil,,0
XLB,Lac Brochet,Canada,Lac Brochet,,,,0
LAY,Ladysmith,South Africa,Ladysmith,,Afrique du Sud,,0
BYR,Laeso,Denmark,Læsø,,Danemark,,0
LAF,Lafayette,United States,Purdue University,,États-Unis,USA US Etats Unis,0
LOO,Laghouat,Algeria,Laghouat,,Algérie,,0
LHA,Lahr,Germany,Lahr,,Allemagne,,0
LAJ,Lajes,Brazil,Lages,,Brésil,,0
LCQ,Lake City,United States,Lake City Gateway,,États-Unis,USA US Etats Unis,0
LEL,Lake Evella,Australia,Lake Evella,,Australie,,0
HII,Lake Havasu City,United States,Lake Havasu City,,États-Unis,USA US Etats Unis,0
BEO,Lake Macquarie,Australia,Lake Macquarie,,Australie,,0
LKY,Lake Manyara,Tanzania,Lake Manyara,,,,0
LKP,Lake Placid,United States,Lake Placid,,États-Unis,USA US Etats Unis,0
NEL,Lakehurst,United States,Lakehurst Maxfield Field,,États-Unis,USA US Etats Unis,0
LAL,Lakeland,United States,Lakeland Linder,,États-Unis,USA US Etats Unis,0
LKZ,Lakenheath,United Kingdom,RAF Lakenheath,,Royaume-Uni,Angleterre GB Grande-Bretagne,0
LKV,Lakeview,United States,Lake County,,États-Unis,USA US Etats Unis,0
LAA,Lamar,United States,Lamar Municipal,,États-Unis,USA US Etats Unis,0
LBQ,Lambarene,Gabon,Lambarene,,,,0
LDN,Lamidanda,Nepal,Lamidanda,,,,0
JMJ,Lancang Lahu,China,Lancang Jingmai,,Chine,,0
WJF,Lancaster,United States,General WM J Fox Airfield,,États-Unis,USA US Etats Unis,0
LDV,Landivisiau,France,Landivisiau Air Base,,,,0
SDB,Langebaanweg,South Africa,Langebaanweg,,Afrique du Sud,,0
LGO,Langeoog,Germany,Langeoog,,Allemagne,,0
YLY,Langley Township,Canada,Langley,,,,0
KYD,Lanyu,Taiwan,Lanyu,,,,0
LRA,Larissa,Greece,Larisa,,Grèce,,0
LRU,Las Cruces,United States,Las Cruces,,États-Unis,USA US Etats Unis,0
LHS,Las Heras,Argentina,Las Heras,,Argentine,,0
VTU,Las Tunas,Cuba,Hermanos Ameijeiras,,Cuba,,0
LSV,Las Vegas,United States,Nellis Air Force Base,,États-Unis,USA US Etats Unis,0
LVS,Las Vegas,United States,Las Vegas Municipal,,États-Unis,USA US Etats Unis,0
VGT,Las Vegas,United States,North Las Vegas,,États-Unis,USA US Etats Unis,0
QLA,Lasham,United Kingdom,Lasham,,Royaume-Uni,Angleterre GB Grande-Bretagne,0
LSH,Lashio,Burma,Lashio,,,,0
BST,Lashkar Gah,Afghanistan,Bost,,,,0
LTK,Latakia,Syria,Bassel Al-Assad,,,,0
QLT,Latina,Italy,Latina Air Base,,Italie,,0
LUC,Laucala,Fiji,Laucala Island,,,,0
QLS,Lausanne,Switzerland,Lausanne-Blécherette,,Suisse,,0
LVA,Laval,France,Laval-Entrammes,,,,0
LVP,Lavan Island,Iran,Lavan Island,,,,0
LVO,Laverton,Australia,Laverton,,Australie,,0
LWM,Lawrence,United States,Lawrence Municipal,,États-Unis,USA US Etats Unis,0
LWC,Lawrence,United States,Lawrence Municipal,,États-Unis,USA US Etats Unis,0
LZU,Lawrenceville,United States,Gwinnett County Briscoe Field,,États-Unis,USA US Etats Unis,0
CTT,Le Castellet,France,Le Castellet,,,,0
LME,Le Mans,France,Le Mans-Arnage,,,,0
LTQ,Le Tourquet,France,Le Touquet-Côte d'Opale,,,,0
YLR,Leaf Rapids,Canada,Leaf Rapids,,,,0
LCC,Lecce,Italy,Lecce Galatina Air Base,,Italie,,0
LEE,Leesburg,United States,Leesburg,,États-Unis,USA US Etats Unis,0
LWR,Leeuwarden,Netherlands,Leeuwarden Air Base,,Pays-Bas,Hollande,0
LGH,Leigh Creek,Australia,Leigh Creek,,Australie,,0
LER,Leinster,Australia,Leinster,,Australie,,0
LEY,Lelystad,Netherlands,Lelystad,,Pays-Bas,Hollande,0
NLC,Lemoore,United States,Lemoore Naval Air Station (Reeves Field),,États-Unis,USA US Etats Unis,0
LNO,Leonora,Australia,Leonora,,Australie,,0
LWK,Lerwick,United Kingdom,Lerwick / Tingwall,,Royaume-Uni,Angleterre GB Grande-Bretagne,0
LSS,Les Saintes,Guadeloupe,Terre-de-Haut,,Guadeloupe,,0
LTM,Lethem,Guyana,Lethem,,,,0
ADX,Leuchars,United Kingdom,RAF Leuchars,,Royaume-Uni,Angleterre GB Grande-Bretagne,0
LEV,Levuka,Fiji,Levuka Airfield,,,,0
LEW,Lewiston,United States,Auburn Lewiston Municipal,,États-Unis,USA US Etats Unis,0
LWT,Lewistown,United States,Lewistown Municipal,,États-Unis,USA US Etats Unis,0
LXN,Lexington,United States,Jim Kelly Field,,États-Unis,USA US Etats Unis,0
LSW,Lhok Seumawe-Sumatra Island,Indonesia,Malikus Saleh,,Indonésie,,0
LSX,Lhok Sukon,Indonesia,Lhok Sukon,,Indonésie,,0
LDK,Lidkoping,Sweden,Lidköping-Hovby,,Suède,,0
LPX,Liepaja,Latvia,Liepāja,,,,0
HPA,Lifuka,Tonga,Lifuka Island,,,,0
LHG,Lightning Ridge,Australia,Lightning Ridge,,Australie,,0
LIX,Likoma Island,Malawi,Likoma Island,,,,0
IXI,Lilabari,India,North Lakhimpur,,Inde,,0
AOH,Lima,United States,Lima Allen County,,États-Unis,USA US Etats Unis,0
LMR,Lime Acres,South Africa,Lime Acres Finsch Mine,,Afrique du Sud,,0
LIO,Limon,Costa Rica,Limon,,Costa Rica,,0
LND,Lindau,Germany,Hunt Field,,Allemagne,,0
LDJ,Linden,United States,Linden,,États-Unis,USA US Etats Unis,0
LDI,Lindi,Tanzania,Lindi,,,,0
LIP,Lins,Brazil,Lins,,Brésil,,0
HRT,Linton-on-ouse,United Kingdom,RAF Linton-On-Ouse,,Royaume-Uni,Angleterre GB Grande-Bretagne,0
LPK,Lipetsk,Russia,Lipetsk,,Russie,,0
LIQ,Lisala,Congo (Kinshasa),Lisala,,,,0
ZGR,Little Grand Rapids,Canada,Little Grand Rapids,,,,0
LPF,Liupanshui,China,Liupanshui Yuezhao,,Chine,,0
LVK,Livermore,United States,Livermore Municipal,,États-Unis,USA US Etats Unis,0
LVM,Livingston-Montana,United States,Mission Field,,États-Unis,USA US Etats Unis,0
LZR,Lizard Island,Australia,Lizard Island,,Australie,,0
ZJI,Locarno,Switzerland,Locarno,,Suisse,,0
LHV,Lock Haven,United States,William T. Piper Memorial,,États-Unis,USA US Etats Unis,0
LOT,Lockport,United States,Lewis University,,États-Unis,USA US Etats Unis,0
LCJ,Lodz,Poland,Łódź Władysław Reymont,,Pologne,,0
LGU,Logan,United States,Logan-Cache,,États-Unis,USA US Etats Unis,0
LIW,Loikaw,Burma,Loikaw,,,,0
VBG,Lompoc,United States,Vandenberg Air Force Base,,États-Unis,USA US Etats Unis,0
LPC,Lompoc,United States,Lompoc,,États-Unis,USA US Etats Unis,0
LOZ,London,United States,London-Corbin/Magee Field,Londres,États-Unis,USA US Etats Unis,0
LNR,Lone Rock,United States,Tri-County Regional,,États-Unis,USA US Etats Unis,0
LPU,Long Apung-Borneo Island,Indonesia,Long Apung,,Indonésie,,0
LBW,Long Bawan-Borneo Island,Indonesia,Long Bawan,,Indonésie,,0
LNL,Longnan,China,Longnan Chengzhou,,Chine,,0
HLE,Longwood,United Kingdom,St. Helena,,Royaume-Uni,Angleterre GB Grande-Bretagne,0
LSQ,Los Angeles,Chile,María Dolores,,Chili,,0
WHP,Los Angeles,United States,Whiteman,,États-Unis,USA US Etats Unis,0
LSL,Los Chiles,Costa Rica,Los Chiles,,Costa Rica,,0
LRV,Los Roques,Venezuela,Los Roques,,,,0
LMO,Lossiemouth,United Kingdom,RAF Lossiemouth,,Royaume-Uni,Angleterre GB Grande-Bretagne,0
DIS,Loubomo,Congo (Brazzaville),Ngot Nzoungou,,,,0
ARA,Louisiana,United States,Acadiana Regional,,États-Unis,USA US Etats Unis,0
LOU,Louisville,United States,Bowman Field,,États-Unis,USA US Etats Unis,0
LOL,Lovelock,United States,Derby Field,,États-Unis,USA US Etats Unis,0
LBX,Lubang,Philippines,Lubang,,Philippines,,0
LBZ,Lucapa,Angola,Lucapa,,,,0
LDM,Ludington,United States,Mason County,,États-Unis,USA US Etats Unis,0
LFK,Lufkin,United States,Angelina County,,États-Unis,USA US Etats Unis,0
VSG,Lugansk,Ukraine,Luhansk,,Ukraine,,0
LUA,Lukla,Nepal,Lukla,,,,0
LBT,Lumberton,United States,Lumberton Regional,,États-Unis,USA US Etats Unis,0
LFB,Lumbo,Mozambique,Lumbo,,,,0
UCK,Lutsk,Ukraine,Lutsk,,Ukraine,,0
LLV,Lvliang,China,Lüliang,,Chine,,0
LYX,Lydd,United Kingdom,Lydd,,Royaume-Uni,Angleterre GB Grande-Bretagne,0
LYM,Lympne,United Kingdom,Lympne,,Royaume-Uni,Angleterre GB Grande-Bretagne,0
LYE,Lyneham,United Kingdom,RAF Lyneham,,Royaume-Uni,Angleterre GB Grande-Bretagne,0
YYL,Lynn Lake,Canada,Lynn Lake,,,,0
LYN,Lyon,France,Lyon-Bron,,,,0
VAM,Maamigili,Maldives,Villa,,,,0
USI,Mabaruma,Guyana,Mabaruma,,,,0
UBB,Mabuiag Island,Australia,Mabuiag Island,,Australie,,0
MRR,Macara,Ecuador,Jose Maria Velasco Ibarra,,,,0
MCH,Machala,Ecuador,General Manuel Serrano,,,,0
MNM,Macon,United States,Menominee Regional,,États-Unis,USA US Etats Unis,0
WRB,Macon,United States,Robins Air Force Base,,États-Unis,USA US Etats Unis,0
MAE,Madera,United States,Madera Municipal,,États-Unis,USA US Etats Unis,0
TOJ,Madrid,Spain,Torrejón,,Espagne,,0
ECV,Madrid,Spain,Cuatro Vientos,,Espagne,,0
MBD,Mafeking,South Africa,Mmabatho,,Afrique du Sud,,0
MFA,Mafia Island,Tanzania,Mafia Island,,,,0
OMF,Mafraq,Jordan,King Hussein Air College,,,,0
MGN,Magangue,Colombia,Baracoa,,Colombie,,0
IGT,Magas,Russia,Magas,,Russie,,0
ZMG,Magdeburg,Germany,"Magdeburg ""City""",,Allemagne,,0
MWQ,Magwe,Burma,Magway,,,,0
MHA,Mahdia,Guyana,Mahdia,,,,0
MNK,Maiana,Kiribati,Maiana,,,,0
MIU,Maiduguri,Nigeria,Maiduguri,,,,0
MMZ,Maimama,Afghanistan,Maimana,,,,0
MXT,Maintirano,Madagascar,Maintirano,,,,0
MTL,Maitland,Australia,Maitland,,Australie,,0
TTR,Makale,Indonesia,Pongtiku,,Indonésie,,0
MTK,Makin,Kiribati,Makin Island,,,,0
MKU,Makokou,Gabon,Makokou,,,,0
MDI,Makurdi,Nigeria,Makurdi,,,,0
MKZ,Malacca,Malaysia,Malacca,,,,0
MAK,Malakal,Sudan,Malakal,,,,0
LLE,Malalane,South Africa,Riverside,,Afrique du Sud,,0
AAM,Malamala,South Africa,Malamala,,Afrique du Sud,,0
LGS,Malargue,Argentina,Comodoro D.R. Salomón,,Argentine,,0
LSZ,Mali Losinj,Croatia,Lošinj Island,,Croatie,,0
XMC,Mallacoota,Australia,Mallacoota,,Australie,,0
PTF,Malolo Lailai Island,Fiji,Malolo Lailai Island,,,,0
MBO,Mamburao,Philippines,Mamburao,,Philippines,,0
WMP,Mampikony,Madagascar,Mampikony,,,,0
MJC,Man,Cote d'Ivoire,Man,,,,0
MNF,Mana Island,Fiji,Mana Island,,,,0
WVK,Manakara,Madagascar,Manakara,,,,0
NGX,Manang,Nepal,Manang,,,,0
MNJ,Mananjary,Madagascar,Mananjary,,,,0
TEU,Manapouri,New Zealand,Manapouri,,Nouvelle-Zélande,,0
MNZ,Manassas,United States,Manassas Regional/Harry P. Davis Field,,États-Unis,USA US Etats Unis,0
PLL,Manaus,Brazil,Ponta Pelada,,Brésil,,0
WMA,Mandritsara,Madagascar,Mandritsara,,,,0
XJM,Mangla,Pakistan,Mangla,,,,0
MAI,Mangochi,Malawi,Mangochi,,,,0
MNX,Manicore,Brazil,Manicoré,,Brésil,,0
MHX,Manihiki Island,Cook Islands,Manihiki Island,,,,0
YMG,Manitouwadge,Canada,Manitouwadge,,,,0
YEM,Manitowaning,Canada,Manitoulin East Municipal,,,,0
YMW,Maniwaki,Canada,Maniwaki,,,,0
MJA,Manja,Madagascar,Manja,,,,0
KMO,Manokotak,United States,Manokotak,,États-Unis,USA US Etats Unis,0
MFD,Mansfield,United States,Mansfield Lahm Regional,,États-Unis,USA US Etats Unis,0
MSE,Manston,United Kingdom,Kent,,Royaume-Uni,Angleterre GB Grande-Bretagne,0
MEO,Manteo,United States,Dare County Regional,,États-Unis,USA US Etats Unis,0
MZO,Manzanillo,Cuba,Sierra Maestra,,Cuba,,0
SHO,Manzini,Swaziland,King Mswati III,,,,0
MYC,Maracay,Venezuela,Escuela Mariscal Sucre,,,,0
MFQ,Maradi,Niger,Maradi,,,,0
ACP,Maragheh,Iran,Sahand,,,,0
MZK,Marakei,Kiribati,Marakei,,,,0
MZJ,Marana,United States,Pinal Airpark,,États-Unis,USA US Etats Unis,0
MTH,Marathon,United States,The Florida Keys Marathon,,États-Unis,USA US Etats Unis,0
YSP,Marathon,Canada,Marathon,,,,0
MRK,Marco Island Airport,United States,Marco Island Executive,,États-Unis,USA US Etats Unis,0
MRF,Marfa,United States,Marfa Municipal,,États-Unis,USA US Etats Unis,0
KNF,Marham,United Kingdom,RAF Marham,,Royaume-Uni,Angleterre GB Grande-Bretagne,0
MRW,Maribo,Denmark,Lolland Falster Maribo,,Danemark,,0
MBX,Maribor,Slovenia,Maribor,,,,0
MGE,Marietta,United States,Dobbins Air Reserve Base,,États-Unis,USA US Etats Unis,0
MPY,Maripasoula,French Guiana,Maripasoula,,,,0
RMY,Mariposa,United States,Mariposa Yosemite,,États-Unis,USA US Etats Unis,0
MQU,Mariquita,Colombia,Mariquita,,Colombie,,0
ESG,Mariscal Estigarribia,Paraguay,Dr. Luis Maria Argaña,,,,0
MPW,Mariupol International,Ukraine,Mariupol,,Ukraine,,0
KVM,Markovo,Russia,Markovo,,Russie,,0
LMQ,Marsa Brega,Libya,Marsa Brega,,,,0
MFI,Marshfield,United States,Marshfield Municipal,,États-Unis,USA US Etats Unis,0
MRB,Martinsburg,United States,Eastern WV Regional/Shepherd Field,,États-Unis,USA US Etats Unis,0
MYP,Mary,Turkmenistan,Mary,,,,0
YMH,Mary's Harbour,Canada,Mary's Harbour,,,,0
MBH,Maryborough,Australia,Maryborough,,Australie,,0
BAB,Marysville,United States,Beale Air Force Base,,États-Unis,USA US Etats Unis,0
MXB,Masamba,Indonesia,Andi Jemma,,Indonésie,,0
MSH,Masirah,Oman,Masirah Air Base,,,,0
MCW,Mason City,United States,Mason City Municipal,,États-Unis,USA US Etats Unis,0
MRO,Masterton,New Zealand,Hood,,Nouvelle-Zélande,,0
MVZ,Masvingo,Zimbabwe,Masvingo,,,,0
MAT,Matadi,Congo (Kinshasa),Tshimpi,,,,0
YNM,Matagami,Canada,Matagami,,,,0
MAX,Matam,Senegal,Ouro Sogui,,Sénégal,,0
YME,Matane,Canada,Matane,,,,0
AMI,Mataram,Indonesia,Selaparang,,Indonésie,,0
LZN,Matsu Islands,Taiwan,Matsu Nangan,,,,0
MFK,Matsu Islands,Taiwan,Matsu Beigan,,,,0
XME,Maubeuge,France,Maubeuge-Élesmes,,,,0
MBZ,Maues,Brazil,Maués,,Brésil,,0
MNU,Mawlamyine,Burma,Mawlamyine,,,,0
YMA,Mayo,Canada,Mayo,,,,0
NRB,Mayport,United States,Naval Station Mayport (Admiral David L. Mcdonald Field),,États-Unis,USA US Etats Unis,0
MYB,Mayumba,Gabon,Mayumba,,,,0
MZU,Mazuffarpur,India,Muzaffarpur,,Inde,,0
MBU,Mbambanakira,Solomon Islands,Babanakira,,,,0
MCB,Mc Comb,United States,Mc Comb/Pike County/John E Lewis Field,,États-Unis,USA US Etats Unis,0
MYL,McCall,United States,McCall Municipal,,États-Unis,USA US Etats Unis,0
MCL,McKinley Park,United States,McKinley National Park,,États-Unis,USA US Etats Unis,0
MLC,Mcalester,United States,Mc Alester Regional,,États-Unis,USA US Etats Unis,0
YLJ,Meadow Lake,Canada,Meadow Lake,,,,0
MES,Medan,Indonesia,Soewondo Air Force Base,,Indonésie,,0
KNO,Medan,Indonesia,Kualanamu,,Indonésie,,0
MKR,Meekatharra,Australia,Meekatharra,,Australie,,0
MEY,Meghauli,Nepal,Meghauli,,,,0
MKS,Mekane Selam,Ethiopia,Mekane Selam,,,,0
MEK,Meknes,Morocco,Bassatine,,Maroc,,0
MBW,Melbourne,Australia,Melbourne Moorabbin,,Australie,,0
MLZ,Melo,Uruguay,Cerro Largo,,,,0
MEN,Mende,France,Mende-Brenoux Airfield,,,,0
HTT,Mengnai,China,Huatugou,,Chine,,0
MER,Merced,United States,Castle,,États-Unis,USA US Etats Unis,0
DRA,Mercury,United States,Desert Rock,,États-Unis,USA US Etats Unis,0
MWE,Merowe,Sudan,Merowe New,,,,0
MUH,Mersa-matruh,Egypt,Mersa Matruh,,Égypte,,0
JJM,Meru National Park,Kenya,Mulika Lodge,,Kenya,,0
HZB,Merville,France,Merville-Calonne,,,,0
MSC,Mesa,United States,Falcon Field,,États-Unis,USA US Etats Unis,0
MZM,Metz,France,Metz-Frescaty (BA 128) Air Base,,,,0
MTZ,Metzada,Israel,Bar Yehuda Airfield,,Israël,,0
TNT,Miami,United States,Dade Collier Training and Transition,,États-Unis,USA US Etats Unis,0
OPF,Miami,United States,Opa-locka Executive,,États-Unis,USA US Etats Unis,0
ZVA,Miandrivazo,Madagascar,Miandrivazo,,,,0
MWD,Mianwali,Pakistan,Mianwali Air Base,,,,0
MGC,Michigan City,United States,Michigan City Municipal,,États-Unis,USA US Etats Unis,0
MDS,Middle Caicos,Turks and Caicos Islands,Middle Caicos,,,,0
MDY,Midway,Midway Islands,Henderson Field,,,,0
MIK,Mikkeli,Finland,Mikkeli,,Finlande,,0
MHZ,Mildenhall,United Kingdom,RAF Mildenhall,,Royaume-Uni,Angleterre GB Grande-Bretagne,0
MLS,Miles City,United States,Frank Wiley Field,,États-Unis,USA US Etats Unis,0
MFN,Milford Sound,New Zealand,Milford Sound,,Nouvelle-Zélande,,0
MIJ,Mili Island,Marshall Islands,Mili Island,,,,0
NQA,Millington,United States,Millington-Memphis,,États-Unis,USA US Etats Unis,0
MIV,Millville,United States,Millville Municipal,,États-Unis,USA US Etats Unis,0
NSE,Milton,United States,Whiting Field Naval Air Station - North,,États-Unis,USA US Etats Unis,0
MWC,Milwaukee,United States,Lawrence J Timmerman,,États-Unis,USA US Etats Unis,0
MMD,Minami Daito,Japan,Minami-Daito,,Japon,,0
MUS,Minami Tori Shima,Japan,Minami Torishima,,Japon,,0
MWL,Mineral Wells,United States,Mineral Wells,,États-Unis,USA US Etats Unis,0
NHD,Minhad AB,United Arab Emirates,Al Minhad Air Base,,Émirats arabes unis,,0
MXJ,Minna,Nigeria,Minna,,,,0
ARV,Minocqua - Woodruff,United States,Lakeland-Noble F. Lee Memorial field,,États-Unis,USA US Etats Unis,0
MIB,Minot,United States,Minot Air Force Base,,États-Unis,USA US Etats Unis,0
MHP,Minsk,Belarus,Minsk 1,,,,0
MQC,Miquelon,Saint Pierre and Miquelon,Miquelon,,,,0
NKX,Miramar,United States,Miramar Marine Corps Air Station - Mitscher Field,,États-Unis,USA US Etats Unis,0
MHE,Mitchell,United States,Mitchell Municipal,,États-Unis,USA US Etats Unis,0
MYE,Miyakejima,Japan,Miyakejima,,Japon,,0
MTF,Mizan Teferi,Ethiopia,Mizan Teferi,,,,0
MZQ,Mkuze,South Africa,Mkuze,,Afrique du Sud,,0
MOA,Moa,Cuba,Orestes Acosta,,Cuba,,0
MFJ,Moala,Fiji,Moala,,,,0
BFM,Mobile,United States,Mobile Downtown,,États-Unis,USA US Etats Unis,0
MBG,Mobridge,United States,Mobridge Municipal,,États-Unis,USA US Etats Unis,0
MZB,Mocimboa Da Praia,Mozambique,Mocímboa da Praia,,,,0
MVF,Mocord,Brazil,Dix-Sept Rosado,,Brésil,,0
MGL,Moenchengladbach,Germany,Mönchengladbach,,Allemagne,,0
MOJ,Moengo,Suriname,Moengo Airstrip,,,,0
MVQ,Mogilev,Belarus,Mogilev,,,,0
SQO,Mohed,Sweden,Storuman,,Suède,,0
NWA,Moheli,Comoros,Mohéli Bandar Es Eslam,,,,0
MHV,Mojave,United States,Mojave,,États-Unis,USA US Etats Unis,0
MPK,Mokpo,South Korea,Mokpo Heliport,,Corée du Sud,,0
OKU,Mokuti Lodge,Namibia,Mokuti Lodge,,,,0
LUP,Molokai,United States,Kalaupapa,,États-Unis,USA US Etats Unis,0
MOE,Momeik,Burma,Momeik,,,,0
LOV,Monclova,Mexico,Monclova,,Mexique,,0
MOG,Mong Hsat,Burma,Mong Hsat,,,,0
MNR,Mongu,Zambia,Mongu,,,,0
MYZ,Monkey Bay,Malawi,Monkey Bay,,,,0
YTM,Mont-Tremblant,Canada,La Macaza / Mont-Tremblant Inc,,,,0
XMW,Montauban,France,Montauban,,,,0
MTP,Montauk,United States,Montauk,,États-Unis,USA US Etats Unis,0
MCS,Monte Caseros,Argentina,Monte Caseros,,Argentine,,0
QLR,Monte Real,Portugal,Monte Real Air Base,,Portugal,,0
NTR,Monterrey,Mexico,Del Norte,,Mexique,,0
MXF,Montgomery,United States,Maxwell Air Force Base,,États-Unis,USA US Etats Unis,0
MGJ,Montgomery,United States,Orange County,,États-Unis,USA US Etats Unis,0
MCU,Montlucon-gueret,France,Montluçon-Guéret,,,,0
MPV,Montpelier,United States,Edward F Knapp State,,États-Unis,USA US Etats Unis,0
YMX,Montreal,Canada,Montreal (Mirabel),Montréal,,,0
GMV,Monument Valley,United States,Monument Valley,,États-Unis,USA US Etats Unis,0
NYW,Monywa,Burma,Monywar,,,,0
MOO,Moomba,Australia,Moomba,,Australie,,0
YMJ,Moose Jaw,Canada,Moose Jaw Air Vice Marshal C. M. McEwen,,,,0
MZI,Mopti,Mali,Mopti,,,,0
TVA,Morafenobe,Madagascar,Morafenobe,,,,0
MRN,Morganton,United States,Foothills Regional,,États-Unis,USA US Etats Unis,0
MXN,Morlaix,France,Morlaix-Ploujean,,,,0
MXM,Morombe,Madagascar,Morombe,,,,0
YVA,Moroni,Comoros,Iconi,,,,0
OTI,Morotai Island,Indonesia,Pitu,,Indonésie,,0
MVL,Morrisville,United States,Morrisville Stowe State,,États-Unis,USA US Etats Unis,0
TGN,Morwell,Australia,Latrobe Valley,,Australie,,0
BKA,Moscow,Russia,Bykovo,Moscou,Russie,,0
OSF,Moscow,Russia,Ostafyevo,Moscou,Russie,,0
QSI,Moshi,Tanzania,Moshi,,,,0
MZP,Motueka,New Zealand,Motueka,,Nouvelle-Zélande,,0
MJL,Mouila,Gabon,Mouilla Ville,,,,0
MQQ,Moundou,Chad,Moundou,,,,0
MTC,Mount Clemens,United States,Selfridge Air National Guard Base,,États-Unis,USA US Etats Unis,0
MON,Mount Cook,New Zealand,Mount Cook,,Nouvelle-Zélande,,0
LLY,Mount Holly,United States,South Jersey Regional,,États-Unis,USA US Etats Unis,0
MHU,Mount Hotham,Australia,Mount Hotham,,Australie,,0
WME,Mount Keith,Australia,Mount Keith,,Australie,,0
MMG,Mount Magnet,Australia,Mount Magnet,,Australie,,0
MPO,Mount Pocono,United States,Pocono Mountains Municipal,,États-Unis,USA US Etats Unis,0
MUO,Mountain Home,United States,Mountain Home Air Force Base,,États-Unis,USA US Etats Unis,0
WMH,Mountain Home,United States,Ozark Regional,,États-Unis,USA US Etats Unis,0
NUQ,Mountain View,United States,Moffett Federal Airfield,,États-Unis,USA US Etats Unis,0
OYL,Moyale,Kenya,Moyale,,Kenya,,0
MNB,Muanda,Congo (Kinshasa),Muanda,,,,0
BUU,Muara Bungo,Indonesia,Muara Bungo,,Indonésie,,0
MVS,Mucuri,Brazil,Mucuri,,Brésil,,0
DGE,Mudgee,Australia,Mudgee,,Australie,,0
MUD,Mueda,Mozambique,Mueda,,,,0
MUI,Muir,United States,Muir Army Air Field (Fort Indiantown Gap),,États-Unis,USA US Etats Unis,0
LII,Mulia,Indonesia,Mulia,,Indonésie,,0
MIE,Muncie,United States,Delaware County Johnson Field,,États-Unis,USA US Etats Unis,0
RMU,Murcia,Spain,Región de Murcia,,Espagne,,0
MYI,Murray Island,Australia,Murray Island,,Australie,,0
RBK,Murrieta-Temecula,United States,French Valley,,États-Unis,USA US Etats Unis,0
YQA,Muskoka,Canada,Muskoka,,,,0
MUZ,Musoma,Tanzania,Musoma,,,,0
YBS,Musselwhite Mine,Canada,Opapimiskan Lake,,,,0
MQS,Mustique,Saint Vincent and the Grenadines,Mustique,,,,0
UTA,Mutare,Zimbabwe,Mutare,,,,0
MFG,Muzaffarabad,Pakistan,Muzaffarabad,,,,0
MVA,Myvatn,Iceland,Reykjahlíð,,Islande,,0
ZZU,Mzuzu,Malawi,Mzuzu,,,,0
NYE,NYERI,Kenya,Nyeri,,Kenya,,0
MNC,Nacala,Mozambique,Nacala,,,,0
NDN,Nadunumu,Papua New Guinea,Nadunumu,,,,0
MEQ,Nagan Raya,Indonesia,Seunagan,,Indonésie,,0
PGH,Nainital,India,Pantnagar,,Inde,,0
KDT,Nakhon Pathom,Thailand,Kamphaeng Saen,,Thaïlande,,0
NAK,Nakhon Ratchasima,Thailand,Nakhon Ratchasima,,Thaïlande,,0
TKH,Nakhon Sawan,Thailand,Takhli,,Thaïlande,,0
YQN,Nakina,Canada,Nakina,,,,0
NAL,Nalchik,Russia,Nalchik,,Russie,,0
NAM,Namlea,Indonesia,Namlea,,Indonésie,,0
NMS,Namsang,Burma,Namsang,,,,0
ZNA,Nanaimo,Canada,Nanaimo Harbour Water,,,,0
ENC,Nancy,France,Nancy-Essey,,,,0
PBP,Nandayure,Costa Rica,Islita,,Costa Rica,,0
NDC,Nanded,India,Nanded,,Inde,,0
NPO,Nangapinoh,Indonesia,Nanga Pinoh,,Indonésie,,0
YSR,Nanisivik,Canada,Nanisivik,,,,0
APC,Napa,United States,Napa County,,États-Unis,USA US Etats Unis,0
NAU,Napuka,French Polynesia,Napuka Island,,,,0
NAC,Naracoorte,Australia,Naracoorte,,Australie,,0
NAA,Narrabri,Australia,Narrabri,,Australie,,0
ASH,Nashua,United States,Boire Field,,États-Unis,USA US Etats Unis,0
ISK,Nasik Road,India,Nashik,,Inde,,0
PID,Nassau,Bahamas,Nassau Paradise Island,,Bahamas,,0
WNS,Nawabshah,Pakistan,Shaheed Benazirabad,,,,0
NMT,Naypyidaw,Burma,Namtu,,,,0
NZC,Nazca,Peru,Maria Reiche Neuman,,Pérou,,0
NEC,Necochea,Argentina,Necochea,,Argentine,,0
EED,Needles,United States,Needles,,États-Unis,USA US Etats Unis,0
NFG,Nefteyugansk,Russia,Nefteyugansk,,Russie,,0
GXG,Negage,Angola,Negage,,,,0
NEG,Negril,Jamaica,Negril,,Jamaïque,,0
NLP,Nelspruit,South Africa,Nelspruit,,Afrique du Sud,,0
EMN,Nema,Mauritania,Néma,,,,0
ENN,Nenana,United States,Nenana Municipal,,États-Unis,USA US Etats Unis,0
FNB,Neubrandenburg,Germany,Neubrandenburg,,Allemagne,,0
QNC,Neuchatel,Switzerland,Neuchatel,,Suisse,,0
EUM,Neumuenster,Germany,Neumünster,,Allemagne,,0
VTM,Nevatim,Israel,Nevatim Air Base,,Israël,,0
NVS,Nevers,France,Nevers-Fourchambault,,,,0
NBG,New Orleans,United States,New Orleans NAS JRB/Alvin Callender Field,La Nouvelle-Orléans,États-Unis,USA US Etats Unis,0
NEW,New Orleans,United States,Lakefront,La Nouvelle-Orléans,États-Unis,USA US Etats Unis,0
PHD,New Philadelpha,United States,Harry Clever Field,,États-Unis,USA US Etats Unis,0
KNW,New Stuyahok,United States,New Stuyahok,,États-Unis,USA US Etats Unis,0
JRB,New York,United States,Downtown-Manhattan/Wall St Heliport,,États-Unis,NYC USA US Etats Unis,0
JRA,New York,United States,West 30th St. Heliport,,États-Unis,NYC USA US Etats Unis,0
NCS,Newcastle,South Africa,Newcastle,,Afrique du Sud,,0
ONP,Newport,United States,Newport Municipal,,États-Unis,USA US Etats Unis,0
EWK,Newton,United States,Newton City-County,,États-Unis,USA US Etats Unis,0
NGI,Ngau,Fiji,Ngau,,,,0
AHJ,Ngawa,China,Hongyuan,,Chine,,0
NHA,Nhatrang,Vietnam,Nha Trang Air Base,,Viêt Nam,,0
LRL,Niatougou,Togo,Niamtougou,,,,0
NIU,Niau,French Polynesia,Naiu,,,,0
ICK,Nieuw Nickerie,Suriname,Nieuw Nickerie,,,,0
NLV,Nikolayev,Ukraine,Mykolaiv,,Ukraine,,0
NLI,Nikolayevsk-na-Amure Airport,Russia,Nikolayevsk-na-Amure,,Russie,,0
NIG,Nikunau,Kiribati,Nikunau,,,,0
NLH,Ninglang,China,Ninglang Luguhu,,Chine,,0
NIO,Nioki,Congo (Kinshasa),Nioki,,,,0
NIT,Niort,France,Niort-Souché,,,,0
INI,Nis,Serbia,Nis,,Serbie,,0
NTT,Niuatoputapu,Tonga,Kuini Lavenia,,,,0
NOG,Nogales,Mexico,Nogales,,Mexique,,0
OLS,Nogales,United States,Nogales,,États-Unis,USA US Etats Unis,0
NNL,Nondalton,United States,Nondalton,,États-Unis,USA US Etats Unis,0
NON,Nonouti,Kiribati,Nonouti,,,,0
NKB,Noonkanbah,Australia,Noonkanbah,,Australie,,0
NOD,Norden,Germany,Norden-Norddeich,,Allemagne,,0
NRD,Norderney,Germany,Norderney,,Allemagne,,0
NOR,Nordfjordur,Iceland,Norðfjörður,,Islande,,0
FCN,Nordholz,Germany,Nordholz Naval Airbase,,Allemagne,,0
NGU,Norfolk,United States,Norfolk Naval Station (Chambers Field),,États-Unis,USA US Etats Unis,0
OFK,Norfolk  Nebraska,United States,Karl Stefan Memorial,,États-Unis,USA US Etats Unis,0
NMC,Norman's Cay,Bahamas,Normans Cay,,Bahamas,,0
YQW,North Battleford,Canada,North Battleford,,,,0
NCA,North Caicos,Turks and Caicos Islands,North Caicos,,,,0
OBN,North Connel,United Kingdom,Oban,,Royaume-Uni,Angleterre GB Grande-Bretagne,0
NCO,North Kingstown,United States,Quonset State,,États-Unis,USA US Etats Unis,0
CRE,North Myrtle Beach,United States,Grand Strand,,États-Unis,USA US Etats Unis,0
IKB,North Wilkesboro,United States,Wilkes County,,États-Unis,USA US Etats Unis,0
NHT,Northolt,United Kingdom,RAF Northolt,,Royaume-Uni,Angleterre GB Grande-Bretagne,0
ORT,Northway,United States,Northway,,États-Unis,USA US Etats Unis,0
YNE,Norway House,Canada,Norway House,,,,0
OWD,Norwood,United States,Norwood Memorial,,États-Unis,USA US Etats Unis,0
NTB,Notodden,Norway,Notodden,,Norvège,,0
NQT,Nottingham,United Kingdom,Nottingham,,Royaume-Uni,Angleterre GB Grande-Bretagne,0
QNV,Nova Iguacu,Brazil,Aeroclube,,Brésil,,0
NOT,Novato,United States,Marin County - Gnoss Field,,États-Unis,USA US Etats Unis,0
QND,Novi Sad,Serbia,Cenej,,Serbie,,0
NVP,Novo Aripuana,Brazil,Novo Aripuanã,,Brésil,,0
NPR,Novo Progresso,Brazil,Novo Progresso,,Brésil,,0
NOA,Nowra,Australia,Nowra,,Australie,,0
GER,Nueva Gerona,Cuba,Rafael Cabrera,,Cuba,,0
NCG,Nuevo Casas Grandes,Mexico,Nuevo Casas Grandes,,Mexique,,0
NUK,Nukutavake,French Polynesia,Nukutavake,,,,0
SUS,Null,United States,Spirit of St Louis,,États-Unis,USA US Etats Unis,0
NNX,Nunukan-Nunukan Island,Indonesia,Nunukan,,Indonésie,,0
CJN,Nusawiru,Indonesia,Nusawiru,,Indonésie,,0
NYR,Nyurba,Russia,Nyurba,,Russie,,0
NZA,Nzagi,Angola,Nzagi,,,,0
NZE,Nzerekore,Guinea,Nzérékoré,,,,0
OKY,Oakey,Australia,Oakey,,Australie,,0
OEL,Oakley,United States,Oryol Yuzhny,,États-Unis,USA US Etats Unis,0
OAM,Oamaru,New Zealand,Oamaru,,Nouvelle-Zélande,,0
OBF,Oberpfaffenhofen,Germany,Oberpfaffenhofen,,Allemagne,,0
OBC,Obock,Djibouti,Obock,,,,0
OCF,Ocala,United States,Ocala - Jim Taylor Field,,États-Unis,USA US Etats Unis,0
OCV,Ocana,Colombia,Aguas Claras,,Colombie,,0
OCA,Ocean Reef Club Airport,United States,Ocean Reef Club,,États-Unis,USA US Etats Unis,0
NTU,Oceana,United States,Oceana Naval Air Station,,États-Unis,USA US Etats Unis,0
OCJ,Ocho Rios,Jamaica,Boscobel Aerodrome,,Jamaïque,,0
ODE,Odense,Denmark,Odense,,Danemark,,0
KEO,Odienne,Cote d'Ivoire,Odienne,,,,0
ODH,Odiham,United Kingdom,RAF Odiham,,Royaume-Uni,Angleterre GB Grande-Bretagne,0
HIF,Ogden,United States,Hill Air Force Base,,États-Unis,USA US Etats Unis,0
OHA,Ohakea,New Zealand,RNZAF Base Ohakea,,Nouvelle-Zélande,,0
OHD,Ohrid,Macedonia,Ohrid St. Paul the Apostle,,,,0
OYK,Oioiapoque,Brazil,Oiapoque,,Brésil,,0
OKF,Okaukuejo,Namibia,Okaukuejo,,,,0
OBE,Okeechobee,United States,Okeechobee County,,États-Unis,USA US Etats Unis,0
OHO,Okhotsk,Russia,Okhotsk,,Russie,,0
OKI,Oki Island,Japan,Oki,,Japon,,0
OKE,Okierabu,Japan,Okierabu,,Japon,,0
TIK,Oklahoma City,United States,Tinker Air Force Base,,États-Unis,USA US Etats Unis,0
PWA,Oklahoma City,United States,Wiley Post,,États-Unis,USA US Etats Unis,0
OKM,Okmulgee,United States,Okmulgee Regional,,États-Unis,USA US Etats Unis,0
OKN,Okondja,Gabon,Okondja,,,,0
OIR,Okushiri,Japan,Okushiri,,Japon,,0
JCI,Olathe,United States,New Century Aircenter,,États-Unis,USA US Etats Unis,0
OJC,Olathe,United States,Johnson County Executive,,États-Unis,USA US Etats Unis,0
OVR,Olavarria,Argentina,Olavarria,,Argentine,,0
YOC,Old Crow,Canada,Old Crow,,,,0
OLZ,Olekminsk,Russia,Olyokminsk,,Russie,,0
ONK,Olenyok,Russia,Olenyok,,Russie,,0
OLV,Olive Branch,United States,Olive Branch,,États-Unis,USA US Etats Unis,0
SFS,Olongapo City,Philippines,Subic Bay,,Philippines,,0
OLJ,Olpoi,Vanuatu,North West Santo,,,,0
OLM,Olympia,United States,Olympia Regional,,États-Unis,USA US Etats Unis,0
OFF,Omaha,United States,Offutt Air Force Base,,États-Unis,USA US Etats Unis,0
OMB,Omboue Hospial,Gabon,Omboue Hopital,,,,0
OMI,Omidyeh,Iran,Omidiyeh,,,,0
ONS,Onslow,Australia,Onslow,,Australie,,0
ONO,Ontario,United States,Ontario Municipal,,États-Unis,USA US Etats Unis,0
UPP,Opolu,United States,Upolu,,États-Unis,USA US Etats Unis,0
TAF,Oran,Algeria,Tafaraoui,,Algérie,,0
ORA,Oran,Argentina,Orán,,Argentine,,0
XOG,Orange,France,Orange-Caritat (BA 115) Air Base,,,,0
OGB,Orangeburg,United States,Orangeburg Municipal,,États-Unis,USA US Etats Unis,0
ORP,Orapa,Botswana,Orapa,,,,0
OGU,Ordu-Giresun,Turkey,Ordu Giresun,,Turquie,,0
ORJ,Orinduik,Guyana,Orinduik,,,,0
FNU,Oristano,Italy,Oristano-Fenosu,,Italie,,0
ORL,Orlando,United States,Orlando Executive,,États-Unis,USA US Etats Unis,0
ORE,Orleans,France,Orléans-Bricy (BA 123) Air Base,,,,0
ORW,Ormara Raik,Pakistan,Ormara,,,,0
OMC,Ormoc City,Philippines,Ormoc,,Philippines,,0
OSN,Osan,South Korea,Osan Air Base,,Corée du Sud,,0
OSC,Oscoda,United States,Oscoda Wurtsmith,,États-Unis,USA US Etats Unis,0
YOO,Oshawa,Canada,Toronto/Oshawa Executive,,,,0
OSH,Oshkosh,United States,Wittman Regional,,États-Unis,USA US Etats Unis,0
OSK,Oskarshamn,Sweden,Oskarshamn,,Suède,,0
FBU,Oslo,Norway,"Oslo, Fornebu",,Norvège,,0
OTJ,Otjiwarongo,Namibia,Otjiwarongo,,,,0
YRO,Ottawa,Canada,Ottawa / Rockcliffe,,,,0
OTM,Ottumwa,United States,Ottumwa Regional,,États-Unis,USA US Etats Unis,0
OTU,Otu,Colombia,Otu,,Colombie,,0
OUH,Oudtshoorn,South Africa,Oudtshoorn,,Afrique du Sud,,0
OUE,Ouesso,Congo (Kinshasa),Ouesso,,,,0
OUK,Outer Skerries,United Kingdom,Outer Skerries,,Royaume-Uni,Angleterre GB Grande-Bretagne,0
OVG,Overberg,South Africa,Overberg,,Afrique du Sud,,0
FTX,Owando,Congo (Kinshasa),Owando,,,,0
YOS,Owen Sound,Canada,Owen Sound / Billy Bishop Regional,,,,0
OXF,Oxford,United Kingdom,Oxford (Kidlington),,Royaume-Uni,Angleterre GB Grande-Bretagne,0
OXC,Oxford,United States,Waterbury Oxford,,États-Unis,USA US Etats Unis,0
UOX,Oxford,United States,University Oxford,,États-Unis,USA US Etats Unis,0
YOH,Oxford House,Canada,Oxford House,,,,0
OXR,Oxnard,United States,Oxnard,,États-Unis,USA US Etats Unis,0
OYE,Oyem,Gabon,Oyem,,,,0
OZA,Ozona,United States,Ozona Municipal,,États-Unis,USA US Etats Unis,0
AEG,Padang Sidempuan,Indonesia,Aek Godang,,Indonésie,,0
QPA,Padova,Italy,Padova,,Italie,,0
PHK,Pahokee,United States,Palm Beach County Glades,,États-Unis,USA US Etats Unis,0
GBA,Pailton,United Kingdom,Cotswold,,Royaume-Uni,Angleterre GB Grande-Bretagne,0
PKK,Pakhokku,Burma,Pakhokku,,,,0
PSX,Palacios,United States,Palacios Municipal,,États-Unis,USA US Etats Unis,0
PMK,Palm Island,Australia,Palm Island,,Australie,,0
TRM,Palm Springs,United States,Jacqueline Cochran Regional,,États-Unis,USA US Etats Unis,0
UDD,Palm Springs,United States,Bermuda Dunes,,États-Unis,USA US Etats Unis,0
PTM,Palmarito,Venezuela,Palmarito,,,,0
PMD,Palmdale,United States,Palmdale Regional/USAF Plant 42,,États-Unis,USA US Etats Unis,0
PAQ,Palmer,United States,"Warren ""Bud"" Woods Palmer Municipal",,États-Unis,USA US Etats Unis,0
PMS,Palmyra,Syria,Palmyra,,,,0
PAO,Palo Alto,United States,Palo Alto of Santa Clara County,,États-Unis,USA US Etats Unis,0
OEM,Paloemeu,Suriname,Vincent Fayks,,,,0
PPA,Pampa,United States,Perry Lefors Field,,États-Unis,USA US Etats Unis,0
PAM,Panama City,United States,Tyndall Air Force Base,,États-Unis,USA US Etats Unis,0
PFN,Panama City,United States,Panama City-Bay Co,,États-Unis,USA US Etats Unis,0
PNV,Panevezys,Lithuania,Panevėžys Air Base,,,,0
PKG,Pangkor Island,Malaysia,Pulau Pangkor,,,,0
PAJ,Parachinar,Pakistan,Parachinar,,,,0
PKO,Parakou,Benin,Parakou,,,,0
ORG,Paramaribo,Suriname,Zorg en Hoop,,,,0
SZW,Parchim,Germany,Schwerin Parchim,,Allemagne,,0
LBG,Paris,France,Paris-Le Bourget,,,,0
PRX,Paris,United States,Cox Field,,États-Unis,USA US Etats Unis,0
EPU,Parnu,Estonia,Pärnu,,,,0
YPD,Parry Sound,Canada,Parry Sound Area Municipal,,,,0
PPF,Parsons,United States,Tri-City,,États-Unis,USA US Etats Unis,0
IXT,Pasighat,India,Pasighat,,Inde,,0
PPR,Pasir Pangaraian,Indonesia,Pasir Pangaraan,,Indonésie,,0
PSI,Pasni,Pakistan,Pasni,,,,0
AOL,Paso De Los Libres,Argentina,Paso De Los Libres,,Argentine,,0
PRB,Paso Robles,United States,Paso Robles Municipal,,États-Unis,USA US Etats Unis,0
PTZ,Pastaza,Ecuador,Rio Amazonas,,,,0
IXP,Pathankot,India,Pathankot,,Inde,,0
BSX,Pathein,Burma,Pathein,,,,0
PFJ,Patreksfjordur,Iceland,Patreksfjörður,,Islande,,0
PAN,Pattani,Thailand,Pattani,,Thaïlande,,0
NHK,Patuxent River,United States,Patuxent River Naval Air Station (Trapnell Field),,États-Unis,USA US Etats Unis,0
QPG,Paya Lebar,Singapore,Paya Lebar Air Base,,Singapour,,0
PDU,Paysandu,Uruguay,Tydeo Larre Borges,,,,0
PZA,Paz De Ariporo,Colombia,Paz De Ariporo,,Colombie,,0
YPE,Peace River,Canada,Peace River,,,,0
PEX,Pechora,Russia,Pechora,,Russie,,0
PEQ,Pecos,United States,Pecos Municipal,,États-Unis,USA US Etats Unis,0
PJC,Pedro Juan Caballero,Paraguay,Dr Augusto Roberto Fuster,,,,0
PEF,Peenemunde,Germany,Peenemünde,,Allemagne,,0
PEH,Pehuajo,Argentina,Comodoro Pedro Zanni,,Argentine,,0
YBB,Pelly Bay,Canada,Kugaaruk,,,,0
PMA,Pemba,Tanzania,Pemba,,,,0
PMB,Pembina,United States,Pembina Municipal,,États-Unis,USA US Etats Unis,0
YTA,Pembroke,Canada,Pembroke,,,,0
PNY,Pendicherry,India,Pondicherry,,Inde,,0
PEA,Penneshaw,Australia,Penneshaw,,Australie,,0
PYE,Penrhyn Island,Cook Islands,Tongareva,,,,0
NPA,Pensacola,United States,Pensacola Naval Air Station/Forrest Sherman Field,,États-Unis,USA US Etats Unis,0
PZE,Penzance,United Kingdom,Penzance Heliport,,Royaume-Uni,Angleterre GB Grande-Bretagne,0
PMQ,Perito Moreno,Argentina,Perito Moreno,,Argentine,,0
JAD,Perth,Australia,Perth Jandakot,,Australie,,0
PSL,Perth,United Kingdom,Perth/Scone,,Royaume-Uni,Angleterre GB Grande-Bretagne,0
GUS,Peru,United States,Grissom Air Reserve Base,Pérou,États-Unis,USA US Etats Unis,0
VYS,Peru,United States,Illinois Valley Regional-Walter A Duncan Field,Pérou,États-Unis,USA US Etats Unis,0
YWA,Petawawa,Canada,Petawawa,,,,0
YPQ,Peterborough,Canada,Peterborough,,,,0
KCS,Petermann,Australia,Kings Creek,,Australie,,0
PTB,Petersburg,United States,Dinwiddie County,,États-Unis,USA US Etats Unis,0
PHA,Phan Rang,Vietnam,Phan Rang,,Viêt Nam,,0
PPL,Phaplu,Nepal,Phaplu,,,,0
PHY,Phetchabun,Thailand,Phetchabun,,Thaïlande,,0
PNE,Philadelphia,United States,Northeast Philadelphia,,États-Unis,USA US Etats Unis,0
BBX,Philadelphia,United States,Wings Field,,États-Unis,USA US Etats Unis,0
PZL,Phinda,South Africa,Zulu Inyala,,Afrique du Sud,,0
LUF,Phoenix,United States,Luke Air Force Base,,États-Unis,USA US Etats Unis,0
DVT,Phoenix,United States,Phoenix Deer Valley,,États-Unis,USA US Etats Unis,0
PCQ,Phongsaly,Laos,Boun Neau,,,,0
PCS,Picos,Brazil,Picos,,Brésil,,0
PCN,Picton,New Zealand,Picton Aerodrome,,Nouvelle-Zélande,,0
PZY,Piestany,Slovakia,Piešťany,,,,0
PVL,Pikeville,United States,Pike County-Hatcher Field,,États-Unis,USA US Etats Unis,0
PIW,Pikwitonei,Canada,Pikwitonei,,,,0
NTY,Pilanesberg,South Africa,Pilanesberg,,Afrique du Sud,,0
PIL,Pilar,Paraguay,Carlos Miguel Gimenez,,,,0
PBQ,Pimenta Bueno,Brazil,Pimenta Bueno,,Brésil,,0
SNJ,Pinar Del Rio,Cuba,San Julian Air Base,,Cuba,,0
QPD,Pinar Del Rio Norte,Cuba,Pinar Del Rio,,Cuba,,0
WPC,Pincher Creek,Canada,Pincher Creek,,,,0
PBF,Pine Bluff,United States,"Pine Bluff Regional, Grider Field",,États-Unis,USA US Etats Unis,0
PIM,Pine Mountain,United States,Harris County,,États-Unis,USA US Etats Unis,0
PWY,Pinedale,United States,Ralph Wenz Field,,États-Unis,USA US Etats Unis,0
SOP,Pinehurst-Southern Pines,United States,Moore County,,États-Unis,USA US Etats Unis,0
PIF,Pingtung,Taiwan,Pingtung North,,,,0
QPS,Piracununga,Brazil,Campo Fontenelle,,Brésil,,0
GPN,Pirlangimpi,Australia,Garden Point,,Australie,,0
PIO,Pisco,Peru,Capitán FAP Renán Elías Olivera,,Pérou,,0
PTX,Pitalito,Colombia,Pitalito,,Colombie,,0
AGC,Pittsburgh,United States,Allegheny County,,États-Unis,USA US Etats Unis,0
PLH,Plymouth,United Kingdom,Plymouth City,,Royaume-Uni,Angleterre GB Grande-Bretagne,0
PYM,Plymouth,United States,Plymouth Municipal,,États-Unis,USA US Etats Unis,0
BCL,Pococi,Costa Rica,Barra del Colorado,,Costa Rica,,0
POO,Pocos De Caldas,Brazil,Poços de Caldas - Embaixador Walther Moreira Salles,,Brésil,,0
NTD,Point Mugu,United States,Point Mugu Naval Air Station (Naval Base Ventura Co),,États-Unis,USA US Etats Unis,0
YNL,Points North Landing,Canada,Points North Landing,,,,0
HIM,Polonnaruwa Town,Sri Lanka,Hingurakgoda Air Force Base,,,,0
PLV,Poltava,Ukraine,Suprunovka,,Ukraine,,0
PPM,Pompano Beach,United States,Pompano Beach Airpark,,États-Unis,USA US Etats Unis,0
PNC,Ponca City,United States,Ponca City Regional,,États-Unis,USA US Etats Unis,0
PGZ,Ponta Grossa,Brazil,Ponta Grossa - Comandante Antonio Amilton Beraldo,,Brésil,,0
PMG,Ponta Pora,Brazil,Ponta Porã,,Brésil,,0
PTK,Pontiac,United States,Oakland County,,États-Unis,USA US Etats Unis,0
POX,Pontoise,France,Pontoise - Cormeilles-en-Vexin,,,,0
POF,Poplar Bluff,United States,Poplar Bluff Municipal,,États-Unis,USA US Etats Unis,0
XPP,Poplar River,Canada,Poplar River,,,,0
TAT,Poprad,Slovakia,Poprad-Tatry,,,,0
POT,Port Antonio,Jamaica,Ken Jones,,Jamaïque,,0
WPB,Port Bergé,Madagascar,Port Bergé,,,,0
KPC,Port Clarence,United States,Port Clarence Coast Guard Station,,États-Unis,USA US Etats Unis,0
YPS,Port Hawkesbury,Canada,Port Hawkesbury,,,,0
YHA,Port Hope Simpson,Canada,Port Hope Simpson,,,,0
PHN,Port Huron,United States,St Clair County,,États-Unis,USA US Etats Unis,0
PSD,Port Said,Egypt,Port Said,,Égypte,,0
JOH,Port Saint Johns,South Africa,Port St Johns,,Afrique du Sud,,0
PTA,Port alsworth,United States,Port Alsworth,,États-Unis,USA US Etats Unis,0
PAX,Port-de-Paix,Haiti,Port-de-Paix,,Haïti,,0
YPG,Portage-la-prairie,Canada,Southport,,,,0
PRM,Portimao,Portugal,Portimão,,Portugal,,0
PBN,Porto Amboim,Angola,Porto Amboim,,,,0
PKH,Porto Heli,Greece,Porto Cheli,,Grèce,,0
PNB,Porto Nacional,Brazil,Porto Nacional,,Brésil,,0
POW,Portoroz,Slovenia,Portoroz,,,,0
PVO,Portoviejo,Ecuador,Reales Tamarindos,,,,0
PMH,Portsmouth,United States,Greater Portsmouth Regional,,États-Unis,USA US Etats Unis,0
WPR,Porvenir,Chile,Capitan Fuentes Martinez,,Chili,,0
PCF,Potchefstroom,South Africa,Potchefstroom,,Afrique du Sud,,0
POU,Poughkeepsie,United States,Dutchess County,,États-Unis,USA US Etats Unis,0
PPY,Pouso Alegre,Brazil,Pouso Alegre,,Brésil,,0
HHQ,Prachuap Khiri Khan,Thailand,Hua Hin,,Thaïlande,,0
PCD,Prairie du Chien,United States,Prairie Du Chien Municipal,,États-Unis,USA US Etats Unis,0
PTT,Pratt,United States,Pratt Regional,,États-Unis,USA US Etats Unis,0
PRV,Prerov,Czech Republic,Přerov Air Base,,Tchéquie,Republique tcheque,0
PRQ,Presidencia R.s.pena,Argentina,Termal,,Argentine,,0
PRY,Pretoria,South Africa,Wonderboom,,Afrique du Sud,,0
PUC,Price,United States,Carbon County Regional/Buck Davis Field,,États-Unis,USA US Etats Unis,0
YPA,Prince Albert,Canada,Prince Albert Glass Field,,,,0
ZSW,Prince Rupert,Canada,Prince Rupert/Seal Cove Seaplane Base,,,,0
PCP,Principe,Sao Tome and Principe,Principe,,,,0
PRZ,Prineville,United States,Prineville,,États-Unis,USA US Etats Unis,0
PXH,Prominent Hill,Australia,Prominent Hill,,Australie,,0
PRP,Propriano,France,Propriano,,,,0
PPC,Prospect Creek,United States,Prospect Creek,,États-Unis,USA US Etats Unis,0
PVS,Provideniya Bay,Russia,Provideniya Bay,,Russie,,0
PKV,Pskov,Russia,Pskov,,Russie,,0
ZPC,Pucon,Chile,Pucón,,Chili,,0
PBR,Puerto Barrios,Guatemala,Puerto Barrios,,,,0
PUZ,Puerto Cabezas,Nicaragua,Puerto Cabezas,,,,0
PUD,Puerto Deseado,Argentina,Puerto Deseado,,Argentine,,0
PNT,Puerto Natales,Chile,Tte. Julio Gallardo,,Chili,,0
PUR,Puerto Rico/Manuripi,Bolivia,Puerto Rico,,,,0
PSZ,Puerto Suarez,Bolivia,Capitán Av. Salvador Ogaya G. airport,,,,0
WPU,Puerto Williams,Chile,Guardiamarina Zañartu,,Chili,,0
PKP,Puka Puka,French Polynesia,Puka Puka,,,,0
TWZ,Pukaki,New Zealand,Pukaki,,Nouvelle-Zélande,,0
PUK,Pukarua,French Polynesia,Pukarua,,,,0
XPK,Pukatawagan,Canada,Pukatawagan,,,,0
PPE,Punta Penasco,Mexico,Mar de Cortés,,Mexique,,0
PUT,Puttaparthi,India,Sri Sathya Sai,,Inde,,0
PSU,Putussibau-Borneo Island,Indonesia,Pangsuma,,Indonésie,,0
PRU,Pyay,Burma,Pyay,,,,0
PEV,Pécs-Pogány,Hungary,Pécs-Pogány,,Hongrie,,0
JCH,Qasigiannguit,Greenland,Qasigiannguit Heliport,,,,0
RQW,Qayyarah,Iraq,Qayyarah West,,,,0
QQT,Qeqertaq,Greenland,Qeqertaq Heliport,,,,0
JGO,Qeqertarsuaq Airport,Greenland,Qeqertarsuaq Heliport,,,,0
IQM,Qiemo,China,Qiemo Yudu,,Chine,,0
BAR,Qionghai,China,Qionghai Bo'ao,,Chine,,0
UKT,Quakertown,United States,Quakertown,,États-Unis,USA US Etats Unis,0
GFL,Queensbury,United States,Floyd Bennett Memorial,,États-Unis,USA US Etats Unis,0
UTW,Queenstown,South Africa,Queenstown,,Afrique du Sud,,0
AAZ,Quezaltenango,Guatemala,Quezaltenango,,,,0
RDO,RADOM,Poland,Radom,,Pologne,,0
RAC,Racine,United States,John H Batten,,États-Unis,USA US Etats Unis,0
RAT,Raduzhnyi,Russia,Raduzhny,,Russie,,0
RJN,Rafsanjan,Iran,Rafsanjan,,,,0
RAQ,Raha,Indonesia,Sugimanuru,,Indonésie,,0
RJB,Rajbiraj,Nepal,Rajbiraj,,,,0
RHP,Ramechhap,Nepal,Ramechhap,,,,0
ZIA,Ramenskoe,Russia,Zhukovsky,,Russie,,0
RAM,Ramingining,Australia,Ramingining,,Australie,,0
MIP,Ramon,Israel,Ramon Air Base,,Israël,,0
RMS,Ramstein,Germany,Ramstein Air Base,,Allemagne,,0
QRC,Rancagua,Chile,De La Independencia,,Chili,,0
RCA,Rapid City,United States,Ellsworth Air Force Base,,États-Unis,USA US Etats Unis,0
RRR,Raroia,French Polynesia,Raroia,,,,0
RKT,Ras Al Khaimah,United Arab Emirates,Ras Al Khaimah,,Émirats arabes unis,,0
RBE,Ratanakiri,Cambodia,Ratanakiri,,,,0
RTN,Raton,United States,Raton Municipal-Crews Field,,États-Unis,USA US Etats Unis,0
RAZ,Rawala Kot,Pakistan,Rawalakot,,,,0
RWL,Rawlins,United States,Rawlins Municipal/Harvey Field,,États-Unis,USA US Etats Unis,0
RDG,Reading,United States,Reading Regional Carl A Spaatz Field,,États-Unis,USA US Etats Unis,0
REA,Reao,French Polynesia,Reao,,,,0
REB,Rechlin-laerz,Germany,Rechlin-Lärz,,Allemagne,,0
RCQ,Reconquista,Argentina,Reconquista,,Argentine,,0
RBL,Red Bluff,United States,Red Bluff Municipal,,États-Unis,USA US Etats Unis,0
RDB,Red Dog,United States,Red Dog,,États-Unis,USA US Etats Unis,0
RDR,Red River,United States,Grand Forks Air Force Base,,États-Unis,USA US Etats Unis,0
YRS,Red Sucker Lake,Canada,Red Sucker Lake,,,,0
RCL,Redcliffe,Vanuatu,Redcliffe,,,,0
KRH,Redhill,United Kingdom,Redhill Aerodrome,,Royaume-Uni,Angleterre GB Grande-Bretagne,0
HUA,Redstone,United States,Redstone Army Air Field,,États-Unis,USA US Etats Unis,0
RWF,Redwood Falls,United States,Redwood Falls Municipal,,États-Unis,USA US Etats Unis,0
RHE,Reims,France,Reims-Champagne (BA 112) Air Base,,,,0
RGT,Rengat,Indonesia,Japura,,Indonésie,,0
RMK,Renmark,Australia,Renmark,,Australie,,0
RNZ,Rensselaer,United States,Jasper County,,États-Unis,USA US Etats Unis,0
RNT,Renton,United States,Renton Municipal,,États-Unis,USA US Etats Unis,0
REZ,Resende,Brazil,Resende,,Brésil,,0
RER,Retalhuleu,Guatemala,Retalhuleu,,,,0
YRV,Revelstoke,Canada,Revelstoke,,,,0
REY,Reyes,Bolivia,Reyes,,,,0
XRH,Richmond,Australia,RAAF Base Richmond,,Australie,,0
CGF,Richmond Heights,United States,Cuyahoga County,,États-Unis,USA US Etats Unis,0
IES,Riesa,Germany,Riesa-Göhlis,,Allemagne,,0
RIL,Rifle,United States,Garfield County Regional,,États-Unis,USA US Etats Unis,0
YXK,Rimouski,Canada,Rimouski,,,,0
RDS,Rincon de los Sauces,Argentina,Rincon De Los Sauces,,Argentine,,0
RIN,Ringi Cove,Solomon Islands,Ringi Cove,,,,0
RCU,Rio Cuarto,Argentina,Area De Material,,Argentine,,0
SNZ,Rio De Janeiro,Brazil,Santa Cruz Air Force Base,,Brésil,,0
RIH,Rio Hato,Panama,Scarlett Martinez,,Panama,,0
RIJ,Rioja,Peru,Juan Simons Vela,,Pérou,,0
RIS,Rishiri Island,Japan,Rishiri,,Japon,,0
RVY,Rivera,Uruguay,Presidente General Don Oscar D. Gestido,,,,0
RAL,Riverside,United States,Riverside Municipal,,États-Unis,USA US Etats Unis,0
RIV,Riverside,United States,March ARB,,États-Unis,USA US Etats Unis,0
YRI,Riviere Du Loup,Canada,Rivière-du-Loup,,,,0
RWN,Rivne,Ukraine,Rivne,,Ukraine,,0
XXN,Riyadh,Saudi Arabia,Riyadh Air Base,,Arabie saoudite,,0
RIZ,Rizhao,China,Rizhao Shanzihe,,Chine,,0
RNE,Roanne,France,Roanne-Renaison,,,,0
ROD,Robertson,South Africa,Robertson,,Afrique du Sud,,0
YRJ,Roberval,Canada,Roberval,,,,0
RCO,Rochefort,France,Rochefort-Saint-Agnant (BA 721),,,,0
RCS,Rochester,United Kingdom,Rochester,,Royaume-Uni,Angleterre GB Grande-Bretagne,0
RKH,Rock Hill,United States,Rock Hill - York County,,États-Unis,USA US Etats Unis,0
RKP,Rockport,United States,Aransas County,,États-Unis,USA US Etats Unis,0
RWI,Rocky Mount,United States,Rocky Mount Wilson Regional,,États-Unis,USA US Etats Unis,0
YRM,Rocky Mountain House,Canada,Rocky Mountain House,,,,0
TBH,Romblon,Philippines,Tugdan,,Philippines,,0
RME,Rome,United States,Griffiss,Rome,États-Unis,USA US Etats Unis,0
RMG,Rome,United States,Richard B Russell,Rome,États-Unis,USA US Etats Unis,0
RPB,Roper Bar,Australia,Roper Bar,,Australie,,0
STJ,Rosecrans,United States,Rosecrans Memorial,,États-Unis,USA US Etats Unis,0
RPN,Rosh Pina,Israel,Ben Ya'akov,,Israël,,0
RFS,Rosita,Nicaragua,Rosita,,,,0
XRR,Ross River,Canada,Ross River,,,,0
ROZ,Rota,Spain,Rota Naval Station,,Espagne,,0
RTS,Rottnest Island,Australia,Rottnest Island,,Australie,,0
URO,Rouen,France,Rouen,,,,0
RRK,Rourkela,India,Rourkela,,Inde,,0
RYN,Royan,France,Royan-Médis,,,,0
RUV,Rubelsanto,Guatemala,Rubelsanto,,,,0
GTI,Ruegen,Germany,Rügen,,Allemagne,,0
RUG,Rugao,China,Rugao Air Base,,Chine,,0
RUI,Ruidoso,United States,Sierra Blanca Regional,,États-Unis,USA US Etats Unis,0
RUK,Rukumkot,Nepal,Rukum Chaurjahari,,,,0
RBX,Rumbek,Sudan,Rumbek,,,,0
RUM,Rumjatar,Nepal,Rumjatar,,,,0
RSL,Russell,United States,Russell Municipal,,États-Unis,USA US Etats Unis,0
RTG,Ruteng,Indonesia,Frans Sales Lega,,Indonésie,,0
RYB,Rybinsk,Russia,Staroselye,,Russie,,0
SAA,SARATOGA,United States,Shively Field,,États-Unis,USA US Etats Unis,0
QSA,Sabadell,Spain,Sabadell,,Espagne,,0
SBG,Sabang,Indonesia,Maimun Saleh,,Indonésie,,0
SBT,Sabetta,Russia,Sabetta,,Russie,,0
MHR,Sacramento,United States,Sacramento Mather,,États-Unis,USA US Etats Unis,0
SAC,Sacramento,United States,Sacramento Executive,,États-Unis,USA US Etats Unis,0
MCC,Sacramento,United States,Mc Clellan Airfield,,États-Unis,USA US Etats Unis,0
SDS,Sado,Japan,Sado,,Japon,,0
SAD,Safford,United States,Safford Regional,,États-Unis,USA US Etats Unis,0
SBR,Saibai Island,Australia,Saibai Island,,Australie,,0
SDT,Saidu Sharif,Pakistan,Saidu Sharif,,,,0
YCM,Saint Catherines,Canada,Niagara District,,,,0
LDX,Saint-Laurent-du-Maroni,French Guiana,Saint-Laurent-du-Maroni,,,,0
ZBY,Sainyabuli,Laos,Sayaboury,,,,0
SXE,Sale,Australia,West Sale,,Australie,,0
SXV,Salem,India,Salem,,Inde,,0
SLE,Salem,United States,Salem Municipal/McNary Field,,États-Unis,USA US Etats Unis,0
QSR,Salerno,Italy,Salerno Costa d'Amalfi,,Italie,,0
SNC,Salinas,Ecuador,General Ulpiano Paez,,,,0
SNS,Salinas,United States,Salinas Municipal,,États-Unis,USA US Etats Unis,0
SMN,Salmon,United States,Lemhi County,,États-Unis,USA US Etats Unis,0
YSN,Salmon Arm,Canada,Shuswap Regional,,,,0
STY,Salto,Uruguay,Nueva Hesperides,,,,0
BZY,Saltsy,Moldova,Bălți,,,,0
NEU,Sam Neua,Laos,Sam Neua,,,,0
SRI,Samarinda,Indonesia,Temindung,,Indonésie,,0
SMV,Samedan,Switzerland,Samedan,,Suisse,,0
SMQ,Sampit-Borneo Island,Indonesia,Sampit(Hasan),,Indonésie,,0
SZF,Samsun,Turkey,Samsun Çarşamba,,Turquie,,0
SAQ,San Andros,Bahamas,San Andros,,Bahamas,,0
SKF,San Antonio,United States,Lackland Air Force Base,,États-Unis,USA US Etats Unis,0
RND,San Antonio,United States,Randolph Air Force Base,,États-Unis,USA US Etats Unis,0
OES,San Antonio Oeste,Argentina,Antoine de Saint Exupéry,,Argentine,,0
NBN,San Antonio de Pale,Equatorial Guinea,Annobón,,,,0
SBD,San Bernardino,United States,San Bernardino,,États-Unis,USA US Etats Unis,0
SRJ,San Borja,Bolivia,Capitán Av. German Quiroga G.,,,,0
NCR,San Carlos,Nicaragua,San Carlos,,,,0
SQL,San Carlos,United States,San Carlos,,États-Unis,USA US Etats Unis,0
SCI,San Cristobal,Venezuela,Paramillo,,,,0
SZT,San Cristobal de las Casas,Mexico,San Cristobal de las Casas,,Mexique,,0
NZY,San Diego,United States,North Island Naval Air Station-Halsey Field,,États-Unis,USA US Etats Unis,0
SDM,San Diego,United States,Brown Field Municipal,,États-Unis,USA US Etats Unis,0
SNF,San Felipe,Venezuela,Sub Teniente Nestor Arias,,,,0
FDO,San Fernando,Argentina,San Fernando,,Argentine,,0
SFE,San Fernando,Philippines,San Fernando,,Philippines,,0
SFD,San Fernando De Apure,Venezuela,San Fernando De Apure,,,,0
SFH,San Filipe,Mexico,San Felipe,,Mexique,,0
GSJ,San Jose,Guatemala,San José,San José,,,0
EUQ,San Jose,Philippines,Evelio Javier,San José,Philippines,,0
RHV,San Jose,United States,Reid-Hillview of Santa Clara County,San José,États-Unis,USA US Etats Unis,0
SIG,San Juan,Puerto Rico,Fernando Luis Ribas Dominicci,,,,0
ULA,San Julian,Argentina,Capitan D Daniel Vazquez,,Argentine,,0
QSN,San Nicolás,Cuba,San Nicolas De Bari,,Cuba,,0
SPY,San Pedro,Cote d'Ivoire,San Pedro,,,,0
TOO,San Vito De Jaba,Costa Rica,San Vito De Java,,Costa Rica,,0
SQN,Sanana,Indonesia,Emalamo Sanana,,Indonésie,,0
USS,Sancti Spiritus,Cuba,Sancti Spiritus,,Cuba,,0
SKY,Sandusky,United States,Griffing Sandusky,,États-Unis,USA US Etats Unis,0
TWT,Sanga Sanga,Philippines,Sanga Sanga,,Philippines,,0
SGQ,Sanggata,Indonesia,Sanggata/Sangkimah,,Indonésie,,0
PSH,Sankt Peter-Ording,Germany,St. Peter-Ording,,Allemagne,,0
BNJ,Sankt-Augustin,Germany,Bonn-Hangelar,,Allemagne,,0
SFQ,Sanliurfa,Turkey,Şanlıurfa,,Turquie,,0
SQJ,Sanming,China,Shaxian,,Chine,,0
SBL,Santa Ana,Bolivia,Santa Ana Del Yacuma,,,,0
NZJ,Santa Ana,United States,El Toro Marine Corps Air Station,,États-Unis,USA US Etats Unis,0
SBB,Santa Barbara,Venezuela,Santa Bárbara de Barinas,,,,0
STB,Santa Barbara,Venezuela,Santa Bárbara del Zulia,,,,0
RZA,Santa Cruz,Argentina,Santa Cruz,,Argentine,,0
AQB,Santa Cruz des Quiche,Guatemala,Santa Cruz del Quiche,,,,0
SMO,Santa Monica,United States,Santa Monica Municipal,,États-Unis,USA US Etats Unis,0
SST,Santa Teresita,Argentina,Santa Teresita,,Argentine,,0
SQA,Santa Ynez,United States,Santa Ynez,,États-Unis,USA US Etats Unis,0
SYP,Santiago,Panama,Ruben Cantu,,Panama,,0
HEX,Santo Domingo,Dominican Republic,Herrera,Saint-Domingue,République dominicaine,,0
SSZ,Santos,Brazil,Base Aérea de Santos,,Brésil,,0
QSC,Sao Carlos,Brazil,Mário Pereira Lopes–São Carlos,,Brésil,,0
SQX,Sao Miguel do Oeste,Brazil,São Miguel do Oeste,,Brésil,,0
OKD,Sapporo,Japan,Okadama,,Japon,,0
CKT,Sarakhs,Iran,Sarakhs,,,,0
VNA,Saravane,Laos,Saravane,,,,0
SGI,Sargodha,Pakistan,Mushaf Air Base,,,,0
SRH,Sarh,Chad,Sarh,,,,0
QLP,Sarzana (SP),Italy,Sarzana-Luni Air Base,,Italie,,0
TDS,Sasereme,Papua New Guinea,Sasereme,,,,0
SYS,Saskylakh,Russia,Saskylakh,,Russie,,0
TNI,Satna,India,Satna,,Inde,,0
SAK,Saudarkrokur,Iceland,Sauðárkrókur,,Islande,,0
XAU,Saul,French Guiana,Saúl,,,,0
MXS,Savaii Island,Samoa,Maota,,,,0
SQZ,Scampton,United Kingdom,RAF Scampton,,Royaume-Uni,Angleterre GB Grande-Bretagne,0
SCS,Scatsta,United Kingdom,Scatsta,,Royaume-Uni,Angleterre GB Grande-Bretagne,0
WBG,Schleswig,Germany,Schleswig Air Base,,Allemagne,,0
QXH,Schoenhagen,Germany,Schönhagen,,Allemagne,,0
NSO,Scone,Australia,Scone,,Australie,,0
SCH,Scotia NY,United States,Schenectady County,,États-Unis,USA US Etats Unis,0
SCF,Scottsdale,United States,Scottsdale,,États-Unis,USA US Etats Unis,0
SEB,Sebha,Libya,Sabha,,,,0
SEF,Sebring,United States,Sebring Regional,,États-Unis,USA US Etats Unis,0
ZEC,Secunda,South Africa,Secunda,,Afrique du Sud,,0
SDX,Sedona,United States,Sedona,,États-Unis,USA US Etats Unis,0
SYW,Sehwan Sharif,Pakistan,Sehwan Sharif,,,,0
SJY,Seinäjoki / Ilmajoki,Finland,Seinäjoki,,Finlande,,0
SOV,Seldovia,United States,Seldovia,,États-Unis,USA US Etats Unis,0
PKW,Selebi-phikwe,Botswana,Selebi Phikwe,,,,0
SEY,Selibabi,Mauritania,Sélibaby,,,,0
SEM,Selma,United States,Craig Field,,États-Unis,USA US Etats Unis,0
SEH,Senggeh-Papua Island,Indonesia,Senggeh,,Indonésie,,0
LEU,Seo De Urgel,Spain,Pirineus - la Seu d'Urgel,,Espagne,,0
JDG,Seogwipo,South Korea,Jeongseok,,Corée du Sud,,0
HMY,Seosan,South Korea,Seosan Air Base,,Corée du Sud,,0
SSN,Seoul East,South Korea,Seoul Air Base (K-16),,Corée du Sud,,0
SEU,Seronera,Tanzania,Seronera,,,,0
OZP,Sevilla,Spain,Moron Air Base,,Espagne,,0
UOS,Sewanee,United States,Franklin County,,États-Unis,USA US Etats Unis,0
SWD,Seward,United States,Seward,,États-Unis,USA US Etats Unis,0
CQD,Shahre Kord,Iran,Shahrekord,,,,0
SWX,Shakawe,Botswana,Shakawe,,,,0
ZTM,Shamattawa,Canada,Shamattawa,,,,0
SQD,Shangrao,China,Shangrao Sanqingshan,,Chine,,0
OAA,Shank,Afghanistan,Shank Air Base,,,,0
SXJ,Shanshan,China,Shanshan,,Chine,,0
WGN,Shaoyang,China,Shaoyang Wugang,,Chine,,0
MJK,Shark Bay,Australia,Shark Bay,,Australie,,0
OAS,Sharona,Afghanistan,Sharana Airstrip,,,,0
GSQ,Sharq Al-Owainat,Egypt,Shark El Oweinat,,Égypte,,0
CKL,Shchyolkovo,Russia,Chkalovskiy Air Base,,Russie,,0
SBM,Sheboygan,United States,Sheboygan County Memorial,,États-Unis,USA US Etats Unis,0
SHN,Shelton,United States,Sanderson Field,,États-Unis,USA US Etats Unis,0
SYA,Shemya,United States,Eareckson Air Station,,États-Unis,USA US Etats Unis,0
HPG,Shennongjia,China,Shennongjia Hongping,,Chine,,0
SHT,Shepparton,Australia,Shepparton,,Australie,,0
YSC,Sherbrooke,Canada,Sherbrooke,,,,0
RKZ,Shigatse,China,Shigatse Air Base,,Chine,,0
SLV,Shimla,India,Shimla,,Inde,,0
SHI,Shimojishima,Japan,Shimojishima,,Japon,,0
OAH,Shindand,Afghanistan,Shindand,,,,0
SHY,Shinyanga,Tanzania,Shinyanga,,,,0
SAG,Shirdi,India,Shirdi,,Inde,,0
WDS,Shiyan,China,Shiyan Wudangshan,,Chine,,0
SSE,Sholapur,India,Solapur,,Inde,,0
ESH,Shoreham By Sea,United Kingdom,Shoreham,,Royaume-Uni,Angleterre GB Grande-Bretagne,0
BAD,Shreveport,United States,Barksdale Air Force Base,,États-Unis,USA US Etats Unis,0
DTN,Shreveport,United States,Shreveport Downtown,,États-Unis,USA US Etats Unis,0
JHQ,Shute Harbour,Australia,Shute Harbour,,Australie,,0
SQQ,Siauliai,Lithuania,Šiauliai,,,,0
FLZ,Sibolga,Indonesia,Dr Ferdinand Lumban Tobing,,Indonésie,,0
DTB,Siborong-Borong,Indonesia,Silangit,,Indonésie,,0
BFW,Sidi Bel Abbes,Algeria,Sidi Bel Abbes,,Algérie,,0
SNY,Sidney,United States,Sidney Municipal-Lloyd W Carr Field,,États-Unis,USA US Etats Unis,0
SGE,Siegerland,Germany,Siegerland,,Allemagne,,0
SAY,Siena,Italy,Siena-Ampugnano,,Italie,,0
SGV,Sierra Grande,Argentina,Sierra Grande,,Argentine,,0
SIJ,Siglufjordur,Iceland,Siglufjörður,,Islande,,0
NSY,Sigonella,Italy,Sigonella Navy Air Base,,Italie,,0
SZJ,Siguanea,Cuba,Siguanea,,Cuba,,0
GII,Siguiri,Guinea,Siguiri,,,,0
SXZ,Siirt,Turkey,Siirt,,Turquie,,0
KSS,Sikasso,Mali,Sikasso,,,,0
SIK,Sikeston,United States,Sikeston Memorial Municipal,,États-Unis,USA US Etats Unis,0
SIF,Simara,Nepal,Simara,,,,0
NIS,Simberi Island,Papua New Guinea,Simberi,,,,0
IMK,Simikot,Nepal,Simikot,,,,0
CNL,Sindal,Denmark,Sindal,,Danemark,,0
RZS,Sindh,Pakistan,Sawan,,,,0
XSP,Singapore,Singapore,Seletar,Singapour,Singapour,,0
SIQ,Singkep,Indonesia,Dabo,,Indonésie,,0
SQG,Sintang-Borneo Island,Indonesia,Sintang(Susilo),,Indonésie,,0
SIR,Sion,Switzerland,Sion,,Suisse,,0
RKO,Sipora,Indonesia,Rokot,,Indonésie,,0
SYJ,Sirjan,Iran,Sirjan,,,,0
SIS,Sishen,South Africa,Sishen,,Afrique du Sud,,0
SIU,Siuna,Nicaragua,Siuna,,,,0
MVW,Skagit,United States,Skagit Regional,,États-Unis,USA US Etats Unis,0
SQW,Skive,Denmark,Skive,,Danemark,,0
KVB,Skovde,Sweden,Skövde,,Suède,,0
SKS,Skrydstrup,Denmark,Skrydstrup Air Base,,Danemark,,0
SZK,Skukuza,South Africa,Skukuza,,Afrique du Sud,,0
YZH,Slave Lake,Canada,Slave Lake,,,,0
SLD,Sliac,Slovakia,Sliač,,,,0
SXL,Sligo,Ireland,Sligo,,Irlande,,0
OSP,Slupsk,Poland,Redzikowo Air Base,,Pologne,,0
SMW,Smara,Western Sahara,Smara,,,,0
SFZ,Smithfield,United States,North Central State,,États-Unis,USA US Etats Unis,0
YSH,Smiths Falls,Canada,Smiths Falls-Montague (Russ Beach),,,,0
LNX,Smolensk,Russia,Smolensk North,,Russie,,0
MQY,Smyrna,United States,Smyrna,,États-Unis,USA US Etats Unis,0
DWB,Soalala,Madagascar,Soalala,,,,0
SOT,Sodankyla,Finland,Sodankyla,,Finlande,,0
SOO,Soderhamn,Sweden,Söderhamn,,Suède,,0
UTC,Soesterberg,Netherlands,Soesterberg Air Base,,Pays-Bas,Hollande,0
OHS,Sohar,Oman,Sohar,,,,0
SXQ,Soldotna,United States,Soldotna,,États-Unis,USA US Etats Unis,0
SOZ,Solenzara,France,Solenzara (BA 126) Air Base,,,,0
SLJ,Solomon,Australia,Solomon,,Australie,,0
SME,Somerset,United States,Lake Cumberland Regional,,États-Unis,USA US Etats Unis,0
SQH,Son-La,Vietnam,Na-San,,Viêt Nam,,0
SGX,Songea,Tanzania,Songea,,,,0
SGZ,Songkhla,Thailand,Songkhla,,Thaïlande,,0
YSQ,Songyuan,China,Songyuan Chaganhu,,Chine,,0
SQR,Soroako,Indonesia,Soroako,,Indonésie,,0
SOD,Sorocaba,Brazil,Sorocaba,,Brésil,,0
SRT,Soroti,Uganda,Soroti,,,,0
SMT,Sorriso,Brazil,Adolino Bedin Regional,,Brésil,,0
SFK,Soure,Brazil,Soure,,Brésil,,0
XSI,South Indian Lake,Canada,South Indian Lake,,,,0
TVL,South Lake Tahoe,United States,Lake Tahoe,,États-Unis,USA US Etats Unis,0
KIW,Southdowns,Zambia,Southdowns,,,,0
GVN,Sovetskaya Gavan,Russia,Maygatka.,,Russie,,0
SXN,Sowa,Botswana,Sua Pan,,,,0
SPM,Spangdahlem,Germany,Spangdahlem Air Base,,Allemagne,,0
SVW,Sparrevohn,United States,Sparrevohn LRRS,,États-Unis,USA US Etats Unis,0
SPA,Spartangurg,United States,Spartanburg Downtown Memorial,,États-Unis,USA US Etats Unis,0
SPJ,Sparti,Greece,Sparti,,Grèce,,0
SPF,Spearfish-South Dakota,United States,Black Hills-Clyde Ice Field,,États-Unis,USA US Etats Unis,0
SPW,Spencer,United States,Spencer Municipal,,États-Unis,USA US Etats Unis,0
SKA,Spokane,United States,Fairchild Air Force Base,,États-Unis,USA US Etats Unis,0
SFF,Spokane,United States,Felts Field,,États-Unis,USA US Etats Unis,0
SBU,Springbok,South Africa,Springbok,,Afrique du Sud,,0
SGH,Springfield,United States,Springfield-Beckley Municipal,,États-Unis,USA US Etats Unis,0
YSE,Squamish,Canada,Squamish,,,,0
SEK,Srednekolymsk,Russia,Srednekolymsk,,Russie,,0
YSL,St Leonard,Canada,St Leonard,,,,0
YQS,St Thomas,Canada,St Thomas Municipal,,,,0
SFC,St-François,Guadeloupe,St-François,,Guadeloupe,,0
SKV,St. Catherine,Egypt,St Catherine,,Égypte,,0
YJN,St. Jean,Canada,St Jean,,,,0
YFX,St. Lewis,Canada,St. Lewis (Fox Harbour),,,,0
XLS,St. Louis,Senegal,Saint Louis,,Sénégal,,0
STP,St. Paul,United States,St Paul Downtown Holman Field,,États-Unis,USA US Etats Unis,0
SPG,St. Petersburg,United States,Albert Whitted,,États-Unis,USA US Etats Unis,0
YST,St. Theresa Point,Canada,St. Theresa Point,,,,0
SBK,St.-brieuc Armor,France,Saint-Brieuc-Armor,,,,0
OYP,St.-georges Oyapock,French Guiana,Saint-Georges-de-l'Oyapock,,,,0
SNR,St.-nazaire,France,Saint-Nazaire-Montoir,,,,0
SYT,St.-yan,France,Saint-Yan,,,,0
TYM,Staniel Cay,Bahamas,Staniel Cay,,Bahamas,,0
PSY,Stanley,Falkland Islands,Port Stanley,,,,0
SZR,Stara Zagora,Bulgaria,Stara Zagora,,Bulgarie,,0
TBR,Statesboro,United States,Statesboro Bulloch County,,États-Unis,USA US Etats Unis,0
SVH,Statesville,United States,Statesville Regional,,États-Unis,USA US Etats Unis,0
STA,Stauning,Denmark,Stauning,,Danemark,,0
SBS,Steamboat Springs,United States,Steamboat Springs Bob Adams Field,,États-Unis,USA US Etats Unis,0
SEP,Stephenville,United States,Stephenville Clark Regional,,États-Unis,USA US Etats Unis,0
STK,Sterling,United States,Sterling Municipal,,États-Unis,USA US Etats Unis,0
STE,Stevens Point,United States,Stevens Point Municipal,,États-Unis,USA US Etats Unis,0
ZST,Stewart,Canada,Stewart,,,,0
SZS,Stewart Island,New Zealand,Ryan's Creek Aerodrome,,Nouvelle-Zélande,,0
SWO,Stillwater,United States,Stillwater Regional,,États-Unis,USA US Etats Unis,0
SSF,Stinson,United States,Stinson Municipal,,États-Unis,USA US Etats Unis,0
MNY,Stirling Island,Solomon Islands,Mono,,,,0
SMZ,Stoelmans Eiland,Suriname,Stoelmanseiland,,,,0
YSF,Stony Rapids,Canada,Stony Rapids,,,,0
SRN,Strahan,Australia,Strahan,,Australie,,0
BDR,Stratford,United States,Igor I Sikorsky Memorial,,États-Unis,USA US Etats Unis,0
RBM,Straubing,Germany,Straubing,,Allemagne,,0
SWT,Strezhevoy,Russia,Strezhevoy,,Russie,,0
SUA,Stuart,United States,Witham Field,,États-Unis,USA US Etats Unis,0
TNX,Stung Treng,Cambodia,Stung Treng,,,,0
UAI,Suai,East Timor,Suai,,,,0
SCV,Suceava,Romania,Suceava Stefan cel Mare,,Roumanie,,0
SYU,Sue Islet,Australia,Warraber Island,,Australie,,0
YSD,Suffield,Canada,Suffield Heliport,,,,0
UGU,Sugapa-Papua Island,Indonesia,Bilogai-Sugapa,,Indonésie,,0
SGR,Sugar Land,United States,Sugar Land Regional,,États-Unis,USA US Etats Unis,0
SUL,Sui,Pakistan,Sui,,,,0
SUI,Sukhumi,Georgia,Sukhumi Dranda,,,,0
TQQ,Sulawesi Tenggara,Indonesia,Maranggo,,Indonésie,,0
SLF,Sulayel,Saudi Arabia,Sulayel,,Arabie saoudite,,0
SWQ,Sumbawa Island,Indonesia,Sumbawa Besar,,Indonésie,,0
NDD,Sumbe,Angola,Sumbe,,,,0
SUP,Sumenep,Indonesia,Trunojoyo,,Indonésie,,0
YSU,Summerside,Canada,Summerside,,,,0
SSC,Sumter,United States,Shaw Air Force Base,,États-Unis,USA US Etats Unis,0
NCJ,Sunchales,Argentina,Sunchales Aeroclub,,Argentine,,0
SUY,Suntar,Russia,Suntar,,Russie,,0
AAV,Surallah,Philippines,Allah Valley,,Philippines,,0
PXR,Surin,Thailand,Surin,,Thaïlande,,0
SKH,Surkhet,Nepal,Surkhet,,,,0
SWU,Suwon,South Korea,Suwon,,Corée du Sud,,0
SZV,Suzhou,China,Suzhou Guangfu,,Chine,,0
SWP,Swakopmund,Namibia,Swakopmund,,,,0
SWH,Swan Hill,Australia,Swan Hill,,Australie,,0
ZJN,Swan River,Canada,Swan River,,,,0
SWS,Swansea,United Kingdom,Swansea,,Royaume-Uni,Angleterre GB Grande-Bretagne,0
YYN,Swift Current,Canada,Swift Current,,,,0
SYH,Syangboche,Nepal,Syangboche,,,,0
BWU,Sydney,Australia,Sydney Bankstown,,Australie,,0
SZY,Szczytno-Szymany,Poland,Olsztyn-Mazury,,Pologne,,0
SOB,Sármellék,Hungary,Sármellék,,Hongrie,,0
TCP,Taba,Egypt,Taba,,Égypte,,0
TBJ,Tabarka,Tunisia,Tabarka 7 Novembre,,Tunisie,,0
TCX,Tabas,Iran,Tabas,,,,0
TSU,Tabiteuea,Kiribati,Tabiteuea South,,,,0
TBF,Tabiteuea North,Kiribati,Tabiteuea North,,,,0
TBO,Tabora,Tanzania,Tabora,,,,0
TCM,Tacoma,United States,McChord Air Force Base,,États-Unis,USA US Etats Unis,0
TIW,Tacoma,United States,Tacoma Narrows,,États-Unis,USA US Etats Unis,0
TDJ,Tadjoura,Djibouti,Tadjoura,,,,0
XTL,Tadoule Lake,Canada,Tadoule Lake,,,,0
THZ,Tahoua,Niger,Tahoua,,,,0
TXG,Taichung,Taiwan,Taichung,,,,0
TKT,Tak,Thailand,Tak,,Thaïlande,,0
KTF,Takaka,New Zealand,Takaka,,Nouvelle-Zélande,,0
HTR,Taketomi,Japan,Hateruma,,Japon,,0
TLK,Talakan,Russia,Talakan,,Russie,,0
PDO,Talang Gudang-Sumatra Island,Indonesia,Pendopo,,Indonésie,,0
TYL,Talara,Peru,Capitan Montes,,Pérou,,0
TLX,Talca,Chile,Panguilemo,,Chili,,0
BDN,Talhar,Pakistan,Talhar,,,,0
TKA,Talkeetna,United States,Talkeetna,,États-Unis,USA US Etats Unis,0
ASN,Talladega,United States,Talladega Municipal,,États-Unis,USA US Etats Unis,0
TTC,Taltal,Chile,Las Breas,,Chili,,0
TMN,Tamana,Kiribati,Tamana Island,,,,0
TUD,Tambacounda,Senegal,Tambacounda,,Sénégal,,0
WTA,Tambohorano,Madagascar,Tambohorano,,,,0
IKU,Tamchy,Kyrgyzstan,Issyk-Kul,,,,0
MCF,Tampa,United States,Mac Dill Air Force Base,,États-Unis,USA US Etats Unis,0
TPF,Tampa,United States,Peter O Knight,,États-Unis,USA US Etats Unis,0
TSL,Tamuin,Mexico,Tamuin,,Mexique,,0
TDG,Tandag,Philippines,Tandag,,Philippines,,0
TDL,Tandil,Argentina,Héroes De Malvinas,,Argentine,,0
TNE,Tanegashima,Japan,New Tanegashima,,Japon,,0
TGT,Tanga,Tanzania,Tanga,,,,0
TGQ,Tangara da Serra,Brazil,Tangará da Serra,,Brésil,,0
TJV,Tanjore,India,Tanjore Air Force Base,,Inde,,0
TJB,Tanjung Balai Karimun,Indonesia,Sei Bati,,Indonésie,,0
TSX,Tanjung Santan,Indonesia,Tanjung Santan,,Indonésie,,0
TJS,Tanjung Selor-Borneo Island,Indonesia,Tanjung Harapan,,Indonésie,,0
TJG,Tanjung-Borneo Island,Indonesia,Warukin,,Indonésie,,0
TSM,Taos,United States,Taos Regional,,États-Unis,USA US Etats Unis,0
TPJ,Taplejung,Nepal,Taplejung,,,,0
TRA,Tarama,Japan,Tarama,,Japon,,0
TPC,Tarapoa,Ecuador,Tarapoa,,,,0
TRQ,Tarauaca,Brazil,Tarauacá,,Brésil,,0
TII,Tarin Kowt,Afghanistan,Tarin Kowt,,,,0
XTO,Taroom,Australia,Taroom,,Australie,,0
TTG,Tartagal,Argentina,General Enrique Mosconi,,Argentine,,0
TSY,Tasikmalaya,Indonesia,Cibeureum,,Indonésie,,0
TKV,Tatakoto,French Polynesia,Tatakoto,,,,0
QHP,Taubaté,Brazil,Base de Aviação de Taubaté,,Brésil,,0
RZP,Taytay,Philippines,Cesar Lim Rodriguez,,Philippines,,0
TCH,Tchibanga,Gabon,Tchibanga,,,,0
TCN,Tehuacan,Mexico,Tehuacan,,Mexique,,0
TXF,Teixeira de Freitas,Brazil,9 de Maio - Teixeira de Freitas,,Brésil,,0
TEA,Tela,Honduras,Tela,,,,0
TEC,Telemaco Borba,Brazil,Telêmaco Borba,,Brésil,,0
TEF,Telfer,Australia,Telfer,,Australie,,0
TEX,Telluride,United States,Telluride Regional,,États-Unis,USA US Etats Unis,0
TEM,Temora,Australia,Temora,,Australie,,0
TPL,Temple,United States,Draughon Miller Central Texas Regional,,États-Unis,USA US Etats Unis,0
PZS,Temuco,Chile,Maquehue,,Chili,,0
TGA,Tengah,Singapore,Tengah Air Base,,Singapour,,0
TCA,Tennant Creek,Australia,Tennant Creek,,Australie,,0
TFL,Teofilo Otoni,Brazil,Juscelino Kubitscheck,,Brésil,,0
HUF,Terre Haute,United States,"Terre Haute Regional, Hulman Field",,États-Unis,USA US Etats Unis,0
TEV,Teruel,Spain,Teruel,,Espagne,,0
YZW,Teslin,Canada,Teslin,,,,0
TTI,Tetiaroa,French Polynesia,Tetiaroa,,,,0
YGB,Texada,Canada,Texada Gillies Bay,,,,0
TEZ,Tezpur,India,Tezpur,,Inde,,0
TEI,Tezu,India,Tezu,,Inde,,0
DLS,The Dalles,United States,Columbia Gorge Regional the Dalles Municipal,,États-Unis,USA US Etats Unis,0
TDR,Theodore,Australia,Theodore,,Australie,,0
YTD,Thicket Portage,Canada,Thicket Portage,,,,0
TMF,Thimarafushi,Maldives,Thimarafushi,,,,0
TED,Thisted,Denmark,Thisted,,Danemark,,0
TVI,Thomasville,United States,Thomasville Regional,,États-Unis,USA US Etats Unis,0
THO,Thorshofn,Iceland,Thorshofn,,Islande,,0
TTH,Thumrait,Oman,Thumrait Air Base,,,,0
THQ,Tianshui,China,Tianshui Maijishan,,Chine,,0
TIY,Tidjikja,Mauritania,Tidjikja,,,,0
TMA,Tifton,United States,Henry Tift Myers,,États-Unis,USA US Etats Unis,0
TKC,Tiko,Cameroon,Tiko,,,,0
OTK,Tillamook,United States,Tillamook,,États-Unis,USA US Etats Unis,0
TMX,Timimoun,Algeria,Timimoun,,Algérie,,0
TIN,Tindouf,Algeria,Tindouf,,Algérie,,0
TOD,Tioman,Malaysia,Pulau Tioman,,,,0
TIE,Tippi,Ethiopia,Tippi,,,,0
TPN,Tiputini,Ecuador,Tiputini,,,,0
TIX,Titusville,United States,Space Coast Regional,,États-Unis,USA US Etats Unis,0
TOC,Toccoa,United States,Toccoa - R.G. Letourneau Field,,États-Unis,USA US Etats Unis,0
TOQ,Tocopilla,Chile,Barriles,,Chili,,0
YAZ,Tofino,Canada,Tofino / Long Beach,,,,0
TJK,Tokat,Turkey,Tokat,,Turquie,,0
TKN,Tokunoshima,Japan,Tokunoshima,,Japon,,0
ECI,Tola,Nicaragua,Costa Esmeralda,,,,0
TOW,Toledo,Brazil,Toledo,,Brésil,,0
TLI,Toli-Toli,Indonesia,Sultan Bantilan,,Indonésie,,0
TLU,Tolu,Colombia,Golfo de Morrosquillo,,Colombie,,0
TMG,Tomanggong,Malaysia,Tomanggong,,,,0
TOM,Tombouctou,Mali,Timbuktu,,,,0
TNH,Tonghua,China,Tonghua Sanyuanpu,,Chine,,0
XSD,Tonopah,United States,Tonopah Test Range,,États-Unis,USA US Etats Unis,0
TPH,Tonopah,United States,Tonopah,,États-Unis,USA US Etats Unis,0
WTB,Toowoomba,Australia,Toowoomba Wellcamp,,Australie,,0
TOP,Topeka,United States,Philip Billard Municipal,,États-Unis,USA US Etats Unis,0
VDY,Toranagallu,India,Vijayanagar Aerodrome (JSW),,Inde,,0
YKZ,Toronto,Canada,Buttonville Municipal,,,,0
YZD,Toronto,Canada,Downsview,,,,0
TOA,Torrance,United States,Zamperini Field,,États-Unis,USA US Etats Unis,0
TTB,Tortoli,Italy,Tortolì,,Italie,,0
TOT,Totness,Suriname,Totness,,,,0
TNF,Toussous-le-noble,France,Toussus-le-Noble,,,,0
TJH,Toyooka,Japan,Tajima,,Japon,,0
YTR,Trenton,Canada,CFB Trenton,,,,0
OYO,Tres Arroyos,Argentina,Tres Arroyos,,Argentine,,0
TQS,Tres Esquinas,Colombia,Tres Esquinas Air Base,,Colombie,,0
TJL,Tres Lagoas,Brazil,Plínio Alarcom,,Brésil,,0
TND,Trinidad,Cuba,Alberto Delgado,,Cuba,,0
MJI,Tripoli,Libya,Mitiga,,,,0
YRQ,Trois Rivieres,Canada,Trois-Rivières,,,,0
TTD,Troutdale,United States,Portland Troutdale,,États-Unis,USA US Etats Unis,0
TOI,Troy,United States,Troy Municipal at N Kenneth Campbell Field,,États-Unis,USA US Etats Unis,0
TKF,Truckee,United States,Truckee Tahoe,,États-Unis,USA US Etats Unis,0
TJI,Trujillo,Honduras,Trujillo,,,,0
TCS,Truth Or Consequences,United States,Truth Or Consequences Municipal,,États-Unis,USA US Etats Unis,0
WTS,Tsiroanomandidy,Madagascar,Tsiroanomandidy,,,,0
TSB,Tsumeb,Namibia,Tsumeb,,,,0
DMA,Tucson,United States,Davis Monthan Air Force Base,,États-Unis,USA US Etats Unis,0
AVW,Tucson,United States,Marana Regional,,États-Unis,USA US Etats Unis,0
TCC,Tucumcari,United States,Tucumcari Municipal,,États-Unis,USA US Etats Unis,0
TUV,Tucupita,Venezuela,Tucupita,,,,0
TCE,Tulcea,Romania,Tulcea,,Roumanie,,0
TLD,Tuli Lodge,Botswana,Limpopo Valley,,,,0
RVS,Tulsa,United States,Richard Lloyd Jones Jr,,États-Unis,USA US Etats Unis,0
ULQ,Tulua,Colombia,Heriberto Gíl Martínez,,Colombie,,0
TMO,Tumeremo,Venezuela,Tumeremo,,,,0
UTM,Tunica,United States,Tunica Municipal,,États-Unis,USA US Etats Unis,0
ZTA,Tureia,French Polynesia,Tureia,,,,0
TLQ,Turpan,China,Turpan Jiaohe,,Chine,,0
TTL,Turtle Island,Fiji,Turtle Island Seaplane Base,,,,0
TCL,Tuscaloosa AL,United States,Tuscaloosa Regional,,États-Unis,USA US Etats Unis,0
KLD,Tver,Russia,Migalovo Air Base,,Russie,,0
LTA,Tzaneen,South Africa,Tzaneen,,Afrique du Sud,,0
UBT,Ubatuba,Brazil,Ubatuba,,Brésil,,0
UGO,Uige,Angola,Uige,,,,0
UJE,Ujae Atoll,Marshall Islands,Ujae Atoll,,,,0
UKI,Ukiah,United States,Ukiah Municipal,,États-Unis,USA US Etats Unis,0
ULD,Ulundi,South Africa,Prince Mangosuthu Buthelezi,,Afrique du Sud,,0
ULY,Ulyanovsk,Russia,Ulyanovsk East,,Russie,,0
UMU,Umuarama,Brazil,Umuarama,,Brésil,,0
UNA,Una,Brazil,Hotel Transamérica,,Brésil,,0
UNI,Union Island,Saint Vincent and the Grenadines,Union Island,,,,0
UNT,Unst,United Kingdom,Unst,,Royaume-Uni,Angleterre GB Grande-Bretagne,0
UPL,Upala,Costa Rica,Upala,,Costa Rica,,0
CCB,Upland,United States,Cable,,États-Unis,USA US Etats Unis,0
YBE,Uranium City,Canada,Uranium City,,,,0
UZR,Urzhar,Kazakhstan,Urzhar,,,,0
USQ,Usak,Turkey,Uşak,,Turquie,,0
UIK,Ust Ilimsk,Russia,Ust-Ilimsk,,Russie,,0
UKG,Ust-Kuyga,Russia,Ust-Kuyga,,Russie,,0
UMS,Ust-Maya,Russia,Ust-Maya,,Russie,,0
USR,Ust-Nera,Russia,Ust-Nera,,Russie,,0
UTK,Utirik Island,Marshall Islands,Utirik,,,,0
UTI,Utti,Finland,Utti Air Base,,Finlande,,0
UVA,Uvalde,United States,Garner Field,,États-Unis,USA US Etats Unis,0
VHZ,Vahitahi,French Polynesia,Vahitahi,,,,0
VAD,Valdosta,United States,Moody Air Force Base,,États-Unis,USA US Etats Unis,0
VAL,Valenca,Brazil,Valença,,Brésil,,0
VAF,Valence,France,Valence-Chabeuil,,,,0
XVS,Valenciennes,France,Valenciennes-Denain,,,,0
VTN,Valentine,United States,Miller Field,,États-Unis,USA US Etats Unis,0
LID,Valkenburg,Netherlands,Valkenburg Naval Air Base,,Pays-Bas,Hollande,0
VDP,Valle De La Pascua,Venezuela,Valle de La Pascua,,,,0
VLR,Vallenar,Chile,Vallenar,,Chili,,0
VPZ,Valparaiso IN,United States,Porter County Municipal,,États-Unis,USA US Etats Unis,0
VNY,Van Nuys,United States,Van Nuys,,États-Unis,USA US Etats Unis,0
VNE,Vannes,France,Vannes-Meucon,,,,0
VAG,Varginha,Brazil,Major Brigadeiro Trompowsky,,Brésil,,0
VRK,Varkaus,Finland,Varkaus,,Finlande,,0
VAV,Vava'u,Tonga,Vava'u,,,,0
VLU,Velikiye Luki,Russia,Velikiye Luki,,Russie,,0
VNC,Venice,United States,Venice Municipal,Venise,États-Unis,USA US Etats Unis,0
VNT,Ventspils,Latvia,Ventspils,,,,0
MVV,Verdun,France,Megève,,,,0
VHV,Verkhnevilyuysk,Russia,Verkhnevilyuisk,,Russie,,0
YVG,Vermillion,Canada,Vermilion,,,,0
YVE,Vernon,Canada,Vernon,,,,0
VRB,Vero Beach,United States,Vero Beach Regional,,États-Unis,USA US Etats Unis,0
QLF,Vesivehmaa,Finland,Lahti Vesivehmaa,,Finlande,,0
VEY,Vestmannaeyjar,Iceland,Vestmannaeyjar,,Islande,,0
VIC,Vicenza,Italy,Vicenza,,Italie,,0
VHY,Vichy,France,Vichy-Charmeil,,,,0
ZIC,Victoria,Chile,Victoria,,Chili,,0
VCD,Victoria River Downs,Australia,Victoria River Downs,,Australie,,0
VCV,Victorville,United States,Southern California Logistics,,États-Unis,USA US Etats Unis,0
VDI,Vidalia,United States,Vidalia Regional,,États-Unis,USA US Etats Unis,0
MTG,Vila Bela da Santissima Trindade,Brazil,Vila Bela da Santíssima Trindade,,Brésil,,0
VRL,Vila Real,Portugal,Vila Real,,Portugal,,0
VLP,Vila Rica,Brazil,Vila Rica,,Brésil,,0
VDR,Villa Dolores,Argentina,Villa Dolores,,Argentine,,0
VLG,Villa Gesell,Argentina,Villa Gesell,,Argentine,,0
VLM,Villa Montes,Bolivia,Teniente Coronel Rafael Pabón,,,,0
VME,Villa Reynolds,Argentina,Villa Reynolds,,Argentine,,0
VIY,Villacoublay,France,Villacoublay-Vélizy (BA 107) Air Base,,,,0
VYI,Vilyuisk,Russia,Vilyuisk,,Russie,,0
KNA,Vina del Mar,Chile,Viña del mar,,Chili,,0
VSE,Viseu,Portugal,Aerodromo Goncalves Lobato (Viseu),,Portugal,,0
VTB,Vitebsk,Belarus,Vitebsk Vostochny,,,,0
VIT,Vitoria,Spain,Vitoria/Foronda,,Espagne,,0
VOD,Vodochody,Czech Republic,Vodochody,,Tchéquie,Republique tcheque,0
VOH,Vohemar,Madagascar,Vohimarina,,,,0
VGD,Vologda,Russia,Vologda,,Russie,,0
VPN,Vopnafjörður,Iceland,Vopnafjörður,,Islande,,0
VRE,Vredendal,South Africa,Vredendal,,Afrique du Sud,,0
VRU,Vryburg,South Africa,Vryburg,,Afrique du Sud,,0
VRY,Værøy,Norway,Værøy Heliport,,Norvège,,0
ETB,WEST BEND,United States,West Bend Municipal,,États-Unis,USA US Etats Unis,0
CNW,Waco,United States,TSTC Waco,,États-Unis,USA US Etats Unis,0
WTN,Waddington,United Kingdom,RAF Waddington,,Royaume-Uni,Angleterre GB Grande-Bretagne,0
PKT,Wadeye,Australia,Port Keats,,Australie,,0
WHF,Wadi Halfa,Sudan,Wadi Halfa,,,,0
AGI,Wageningen,Suriname,Wageningen Airstrip,,,,0
HHI,Wahiawa,United States,Wheeler Army Airfield,,États-Unis,USA US Etats Unis,0
WIK,Waiheke Island,New Zealand,Waiheke Reeve,,Nouvelle-Zélande,,0
WKL,Waikoloa Village,United States,Waikoloa Heliport,,États-Unis,USA US Etats Unis,0
WIR,Wairoa,New Zealand,Wairoa,,Nouvelle-Zélande,,0
AWK,Wake island,Wake Island,Wake Island Airfield,,,,0
WGE,Walgett,Australia,Walgett,,Australie,,0
WKR,Walker's Cay,Bahamas,Abaco I Walker C,,Bahamas,,0
WAL,Wallops Island,United States,Wallops Flight Facility,,États-Unis,USA US Etats Unis,0
WAF,Wana,Pakistan,Wana,,,,0
WKA,Wanaka,New Zealand,Wanaka,,Nouvelle-Zélande,,0
WOT,Wang An,Taiwan,Wang-an,,,,0
AGE,Wangerooge,Germany,Wangerooge,,Allemagne,,0
WAR,Waris-Papua Island,Indonesia,Waris,,Indonésie,,0
WMB,Warrnambool,Australia,Warrnambool,,Australie,,0
WRT,Warton,United Kingdom,Warton,,Royaume-Uni,Angleterre GB Grande-Bretagne,0
WSO,Washabo,Suriname,Washabo,,,,0
OCW,Washington,United States,Warren Field,,États-Unis,USA US Etats Unis,0
WST,Washington County,United States,Westerly State,,États-Unis,USA US Etats Unis,0
WWA,Wasilla,United States,Wasilla,,États-Unis,USA US Etats Unis,0
WSR,Wasior,Indonesia,Wasior,,Indonésie,,0
WSP,Waspam,Nicaragua,Waspam,,,,0
WKF,Waterkloof,South Africa,Waterkloof Air Force Base,,Afrique du Sud,,0
YQH,Watson Lake,Canada,Watson Lake,,,,0
WVI,Watsonville,United States,Watsonville Municipal,,États-Unis,USA US Etats Unis,0
WUU,Wau,Sudan,Wau,,,,0
AUW,Wausau,United States,Wausau Downtown,,États-Unis,USA US Etats Unis,0
YXZ,Wawa,Canada,Wawa,,,,0
AYS,Waycross,United States,Waycross Ware County,,États-Unis,USA US Etats Unis,0
WEH,Weihai,China,Weihai,,Chine,,0
ENV,Wendover,United States,Wendover,,États-Unis,USA US Etats Unis,0
DPA,West Chicago,United States,Dupage,,États-Unis,USA US Etats Unis,0
FOK,West Hampton Beach,United States,Francis S Gabreski,,États-Unis,USA US Etats Unis,0
LNA,West Palm Beach,United States,Palm Beach County Park,,États-Unis,USA US Etats Unis,0
TIQ,West Tinian,Northern Mariana Islands,Tinian,,,,0
WWY,West Wyalong,Australia,West Wyalong,,Australie,,0
WYS,West Yellowstone,United States,Yellowstone,,États-Unis,USA US Etats Unis,0
BAF,Westfield,United States,Westfield-Barnes Regional,,États-Unis,USA US Etats Unis,0
HLG,Wheeling,United States,Wheeling Ohio County,,États-Unis,USA US Etats Unis,0
NUW,Whidbey Island,United States,Whidbey Island Naval Air Station (Ault Field),,États-Unis,USA US Etats Unis,0
YWS,Whistler,Canada,Whistler/Green Lake Water Aerodrome,,,,0
WSD,White Sands,United States,Condron Army Air Field,,États-Unis,USA US Etats Unis,0
YZU,Whitecourt,Canada,Whitecourt,,,,0
WTZ,Whitianga,New Zealand,Whitianga,,Nouvelle-Zélande,,0
YVV,Wiarton,Canada,Wiarton,,,,0
IAB,Wichita,United States,Mc Connell Air Force Base,,États-Unis,USA US Etats Unis,0
BEC,Wichita,United States,Beech Factory,,États-Unis,USA US Etats Unis,0
ASI,Wide Awake,Saint Helena,RAF Ascension Island,,,,0
WIE,Wiesbaden,Germany,Wiesbaden Army Airfield,,Allemagne,,0
WIO,Wilcannia,Australia,Wilcannia,,Australie,,0
WWD,Wildwood,United States,Cape May County,,États-Unis,USA US Etats Unis,0
WVN,Wilhelmshaven,Germany,Wilhelmshaven-Mariensiel,,Allemagne,,0
WBW,Wilkes-Barre,United States,Wilkes Barre Wyoming Valley,,États-Unis,USA US Etats Unis,0
YWM,Williams Harbour,Canada,Williams Harbour,,,,0
LNN,Willoughby,United States,Willoughby Lost Nation Municipal,,États-Unis,USA US Etats Unis,0
NXX,Willow Grove,United States,Willow Grove Naval Air Station/Joint Reserve Base,,États-Unis,USA US Etats Unis,0
ILN,Wilmington,United States,Wilmington Airpark,,États-Unis,USA US Etats Unis,0
WUN,Wiluna,Australia,Wiluna,,Australie,,0
WDR,Winder,United States,Barrow County,,États-Unis,USA US Etats Unis,0
WLD,Winfield,United States,Strother Field,,États-Unis,USA US Etats Unis,0
INK,Wink,United States,Winkler County,,États-Unis,USA US Etats Unis,0
WMC,Winnemucca,United States,Winnemucca Municipal,,États-Unis,USA US Etats Unis,0
INW,Winslow,United States,Winslow Lindbergh Regional,,États-Unis,USA US Etats Unis,0
INT,Winston-salem,United States,Smith Reynolds,,États-Unis,USA US Etats Unis,0
GIF,Winter Haven,United States,Winter Haven Regional - Gilbert Field,,États-Unis,USA US Etats Unis,0
WRZ,Wirawila,Sri Lanka,Weerawila,,,,0
ISW,Wisconsin Rapids,United States,Alexander Field South Wood County,,États-Unis,USA US Etats Unis,0
WOE,Woensdrecht,Netherlands,Woensdrecht Air Base,,Pays-Bas,Hollande,0
ZWL,Wollaston Lake,Canada,Wollaston Lake,,,,0
WOL,Wollongong,Australia,Wollongong,,Australie,,0
WOS,Wonsan,North Korea,Wonsan Kalma,,,,0
HZP,Wood Buffalo,Canada,Fort Mackay / Horizon,,,,0
WWR,Woodward,United States,West Woodward,,États-Unis,USA US Etats Unis,0
UMR,Woomera,Australia,Woomera Airfield,,Australie,,0
LIY,Wright,United States,Wright AAF (Fort Stewart)/Midcoast Regional,,États-Unis,USA US Etats Unis,0
WRI,Wrightstown,United States,Mc Guire Air Force Base,,États-Unis,USA US Etats Unis,0
YWY,Wrigley,Canada,Wrigley,,,,0
DTU,Wudalianchi,China,Wudalianchi Dedu,,Chine,,0
WHU,Wuhu,China,Wuhu Air Base,,Chine,,0
UCB,Wulanchabu,China,Ulanqab Jining,,Chine,,0
HYC,Wycombe,United Kingdom,Wycombe Air Park,,Royaume-Uni,Angleterre GB Grande-Bretagne,0
WYN,Wyndham,Australia,Wyndham,,Australie,,0
QUY,Wyton,United Kingdom,RAF Wyton,,Royaume-Uni,Angleterre GB Grande-Bretagne,0
XGN,Xangongo,Angola,Xangongo,,,,0
SIA,Xi\'AN,China,Xi'an Xiguan,,Chine,,0
WUT,Xinzhou,China,Xinzhou Wutaishan,,Chine,,0
CYT,Yakataga,United States,Yakataga,,États-Unis,USA US Etats Unis,0
KUM,Yakushima,Japan,Yakushima,,Japon,,0
GYG,Yakutsk,Russia,Magan,,Russie,,0
KYI,Yalata,Australia,Yalata Mission,,Australie,,0
XMY,Yam Island,Australia,Yam Island,,Australie,,0
JAM,Yambol,Bulgaria,Bezmer Air Base,,Bulgarie,,0
ASK,Yamoussoukro,Cote d'Ivoire,Yamoussoukro,,,,0
XYA,Yandina,Solomon Islands,Yandina,,,,0
YKN,Yankton,United States,Chan Gurney Municipal,,États-Unis,USA US Etats Unis,0
YAO,Yaounde,Cameroon,Yaoundé,,,,0
QSZ,Yarkant,China,Yeerqiang,,Chine,,0
YQI,Yarmouth,Canada,Yarmouth,,,,0
YAS,Yasawa Island,Fiji,Yasawa Island,,,,0
XYE,Ye,Burma,Ye,,,,0
YEC,Yechon,South Korea,Yecheon Airbase,,Corée du Sud,,0
WYE,Yengema,Sierra Leone,Yengema,,,,0
YEI,Yenisehir,Turkey,Bursa Yenişehir,,Turquie,,0
EIE,Yeniseysk,Russia,Yeniseysk,,Russie,,0
YEO,Yeovilton,United Kingdom,RNAS Yeovilton,,Royaume-Uni,Angleterre GB Grande-Bretagne,0
ERG,Yerbogachen,Russia,Yerbogachen,,Russie,,0
YKH,Yingkou,China,Yingkou Lanqi,,Chine,,0
YLI,Ylivieska-raudaskyla,Finland,Ylivieska Airfield,,Finlande,,0
OKO,Yokota,Japan,Yokota Air Base,,Japon,,0
OGN,Yonaguni Jima,Japan,Yonaguni,,Japon,,0
ZAC,York Landing,Canada,York Landing,,,,0
OKR,Yorke Island,Australia,Yorke Island,,Australie,,0
YQV,Yorkton,Canada,Yorkton Municipal,,,,0
RNJ,Yoron,Japan,Yoron,,Japon,,0
JOK,Yoshkar-Ola,Russia,Yoshkar-Ola,,Russie,,0
YUA,Yuanmou,China,Yuanmou Air Base,,Chine,,0
MYV,Yuba City,United States,Yuba County,,États-Unis,USA US Etats Unis,0
YUE,Yuendumu,Australia,Yuendumu,,Australie,,0
YMS,Yurimaguas,Peru,Moises Benzaquen Rengifo,,Pérou,,0
APZ,ZAPALA,Argentina,Zapala,,Argentine,,0
OZG,Zagora,Morocco,Zagora,,Maroc,,0
ZMM,Zamora,Mexico,Zamora,,Mexique,,0
ZZV,Zanesville,United States,Zanesville Municipal,,États-Unis,USA US Etats Unis,0
JWN,Zanjan,Iran,Zanjan,,,,0
ZTU,Zaqatala,Azerbaijan,Zaqatala,,,,0
AFS,Zarafshan,Uzbekistan,Sugraly,,,,0
ZAJ,Zaranj,Afghanistan,Zaranj,,,,0
ZAR,Zaria,Nigeria,Zaria,,,,0
ZPH,Zephyrhills,United States,Zephyrhills Municipal,,États-Unis,USA US Etats Unis,0
ZER,Zero,India,Ziro,,Inde,,0
NZL,Zhalantun,China,Chengjisihan,,Chine,,0
ZIX,Zhigansk,Russia,Zhigansk,,Russie,,0
ZTR,Zhytomyr,Ukraine,Zhytomyr,,Ukraine,,0
IEG,Zielona Gora,Poland,Zielona Góra-Babimost,,Pologne,,0
ZND,Zinder,Niger,Zinder,,,,0
ZIS,Zintan,Libya,Alzintan,,,,0
OBL,Zoersel,Belgium,Zoersel (Oostmalle) Airfield,,Belgique,,0
WMT,Zunyi,China,Zunyi Maotai,,Chine,,0
ZKP,Zyryanka,Russia,Zyryanka,,Russie,,0
IDY,Île d'Yeu,France,Île d'Yeu,,,,0
ILZ,Žilina,Slovakia,Žilina,,,,0
